finger,servo1_deg,servo2_deg,abduction_deg,flexion_deg,distal_deg,tip_x_mm,tip_y_mm,tip_z_mm,tip_travel_mm
1,-90.0,-90.0,-38.6868,-4.9419,-4.8981,41.883,-16.036,152.108,41.147
2,-90.0,-90.0,-38.6867,-4.9422,-4.8983,41.882,-53.831,141.552,41.147
3,-90.0,-90.0,-38.6868,-4.9421,-4.8982,41.882,-91.567,124.208,41.147
4,-90.0,-90.0,-38.6866,-4.9422,-4.8983,61.112,79.662,83.081,41.148
1,-90.0,-85.0,-38.547,-5.0939,-5.0491,41.665,-16.051,152.38,41.153
2,-90.0,-85.0,-38.5469,-5.0942,-5.0494,41.665,-53.875,141.821,41.153
3,-90.0,-85.0,-38.5471,-5.0941,-5.0493,41.665,-91.645,124.469,41.153
4,-90.0,-85.0,-38.5468,-5.0942,-5.0494,61.363,79.769,82.864,41.154
1,-90.0,-80.0,-38.261,-5.4048,-5.3582,41.217,-16.077,152.936,41.17
2,-90.0,-80.0,-38.261,-5.405,-5.3584,41.216,-53.959,142.372,41.17
3,-90.0,-80.0,-38.2611,-5.4049,-5.3583,41.216,-91.801,125.004,41.17
4,-90.0,-80.0,-38.2608,-5.405,-5.3585,61.877,79.984,82.416,41.171
1,-90.0,-75.0,-37.8285,-5.8748,-5.8256,40.531,-16.104,153.775,41.209
2,-90.0,-75.0,-37.8284,-5.8751,-5.8259,40.53,-54.073,143.203,41.209
3,-90.0,-75.0,-37.8286,-5.875,-5.8258,40.53,-92.023,125.813,41.209
4,-90.0,-75.0,-37.8283,-5.8751,-5.8259,62.656,80.296,81.73,41.209
1,-90.0,-70.0,-37.251,-6.5023,-6.45,39.601,-16.117,154.89,41.285
2,-90.0,-70.0,-37.2509,-6.5026,-6.4502,39.6,-54.202,144.31,41.285
3,-90.0,-70.0,-37.251,-6.5025,-6.4501,39.6,-92.295,126.894,41.285
4,-90.0,-70.0,-37.2508,-6.5026,-6.4502,63.699,80.689,80.799,41.286
1,-90.0,-65.0,-36.5321,-7.2836,-7.2278,38.419,-16.094,156.269,41.421
2,-90.0,-65.0,-36.532,-7.2839,-7.228,38.418,-54.324,145.684,41.421
3,-90.0,-65.0,-36.5321,-7.2838,-7.2279,38.418,-92.595,128.24,41.421
4,-90.0,-65.0,-36.5319,-7.2839,-7.228,65.002,81.139,79.618,41.421
1,-90.0,-60.0,-35.6774,-8.2134,-8.1538,36.98,-16.013,157.894,41.642
2,-90.0,-60.0,-35.6773,-8.2136,-8.1541,36.979,-54.413,147.308,41.643
3,-90.0,-60.0,-35.6774,-8.2135,-8.154,36.979,-92.896,129.839,41.643
4,-90.0,-60.0,-35.6772,-8.2136,-8.1541,66.557,81.619,78.178,41.643
1,-90.0,-55.0,-34.6943,-9.2848,-9.2217,35.277,-15.849,159.741,41.981
2,-90.0,-55.0,-34.6943,-9.285,-9.222,35.277,-54.443,149.163,41.981
3,-90.0,-55.0,-34.6944,-9.285,-9.2219,35.277,-93.167,131.674,41.981
4,-90.0,-55.0,-34.6941,-9.2851,-9.222,68.35,82.096,76.476,41.982
1,-90.0,-50.0,-33.592,-10.4903,-10.424,33.308,-15.574,161.783,42.471
2,-90.0,-50.0,-33.5919,-10.4906,-10.4243,33.308,-54.383,151.222,42.471
3,-90.0,-50.0,-33.5921,-10.4905,-10.4242,33.308,-93.377,133.723,42.471
4,-90.0,-50.0,-33.5918,-10.4906,-10.4242,70.362,82.537,74.507,42.471
1,-90.0,-45.0,-32.3807,-11.8218,-11.7527,31.069,-15.165,163.984,43.147
2,-90.0,-45.0,-32.3807,-11.8221,-11.753,31.069,-54.207,153.454,43.147
3,-90.0,-45.0,-32.3808,-11.822,-11.7529,31.069,-93.493,135.959,43.147
4,-90.0,-45.0,-32.3805,-11.8221,-11.753,72.57,82.905,72.268,43.147
1,-90.0,-40.0,-31.0719,-13.2712,-13.1999,28.56,-14.599,166.306,44.044
2,-90.0,-40.0,-31.0718,-13.2714,-13.2001,28.559,-53.886,155.823,44.044
3,-90.0,-40.0,-31.0719,-13.2713,-13.2001,28.559,-93.485,138.35,44.044
4,-90.0,-40.0,-31.0717,-13.2714,-13.2001,74.946,83.168,69.758,44.045
1,-90.0,-35.0,-29.6773,-14.8305,-14.7577,25.779,-13.857,168.708,45.194
2,-90.0,-35.0,-29.6772,-14.8308,-14.758,25.778,-53.399,158.289,45.194
3,-90.0,-35.0,-29.6773,-14.8307,-14.7579,25.778,-93.323,140.858,45.194
4,-90.0,-35.0,-29.6771,-14.8308,-14.7579,77.457,83.291,66.977,45.194
1,-90.0,-30.0,-28.2093,-16.4926,-16.4189,22.729,-12.924,171.144,46.622
2,-90.0,-30.0,-28.2093,-16.4928,-16.4192,22.728,-52.726,160.809,46.622
3,-90.0,-30.0,-28.2094,-16.4928,-16.4191,22.728,-92.985,143.444,46.622
4,-90.0,-30.0,-28.2091,-16.4928,-16.4191,80.064,83.248,63.928,46.623
1,-90.0,-25.0,-26.6805,-18.2505,-18.1768,19.414,-11.792,173.566,48.348
2,-90.0,-25.0,-26.6804,-18.2508,-18.1771,19.414,-51.853,163.336,48.349
3,-90.0,-25.0,-26.6805,-18.2507,-18.177,19.414,-92.449,146.063,48.349
4,-90.0,-25.0,-26.6803,-18.2508,-18.177,82.727,83.012,60.613,48.349
1,-90.0,-20.0,-25.1031,-20.0983,-20.0255,15.84,-10.457,175.925,50.383
2,-90.0,-20.0,-25.1031,-20.0985,-20.0258,15.839,-50.772,165.822,50.383
3,-90.0,-20.0,-25.1032,-20.0985,-20.0257,15.839,-91.702,148.669,50.383
4,-90.0,-20.0,-25.103,-20.0985,-20.0257,85.401,82.565,57.038,50.384
1,-90.0,-15.0,-23.4895,-22.0303,-21.9597,12.013,-8.923,178.173,52.729
2,-90.0,-15.0,-23.4895,-22.0306,-21.9599,12.013,-49.481,168.217,52.729
3,-90.0,-15.0,-23.4896,-22.0305,-21.9599,12.013,-90.735,151.213,52.729
4,-90.0,-15.0,-23.4894,-22.0306,-21.9599,88.038,81.892,53.212,52.729
1,-90.0,-10.0,-21.8517,-24.0416,-23.9747,7.946,-7.198,180.259,55.38
2,-90.0,-10.0,-21.8516,-24.0419,-23.9749,7.945,-47.984,170.472,55.38
3,-90.0,-10.0,-21.8517,-24.0419,-23.9749,7.945,-89.545,153.644,55.38
4,-90.0,-10.0,-21.8515,-24.0419,-23.9749,90.588,80.985,49.144,55.38
1,-90.0,-5.0,-20.2013,-26.1274,-26.0662,3.651,-5.299,182.134,58.322
2,-90.0,-5.0,-20.2012,-26.1277,-26.0665,3.65,-46.291,172.536,58.322
3,-90.0,-5.0,-20.2013,-26.1277,-26.0665,3.65,-88.136,155.911,58.322
4,-90.0,-5.0,-20.2011,-26.1277,-26.0665,93.0,79.841,44.849,58.322
1,-90.0,0.0,-18.5497,-28.2829,-28.2304,-0.854,-3.245,183.753,61.534
2,-90.0,0.0,-18.5497,-28.2832,-28.2307,-0.855,-44.418,174.361,61.535
3,-90.0,0.0,-18.5498,-28.2831,-28.2307,-0.855,-86.517,157.965,61.535
4,-90.0,0.0,-18.5496,-28.2832,-28.2307,95.224,78.465,40.344,61.535
1,-90.0,5.0,-16.9082,-30.5029,-30.4632,-5.548,-1.064,185.071,64.991
2,-90.0,5.0,-16.9082,-30.5032,-30.4635,-5.549,-42.387,175.899,64.991
3,-90.0,5.0,-16.9082,-30.5032,-30.4635,-5.549,-84.704,159.755,64.991
4,-90.0,5.0,-16.908,-30.5032,-30.4635,97.208,76.866,35.65,64.991
1,-90.0,10.0,-15.2876,-32.7818,-32.7604,-10.404,1.212,186.048,68.66
2,-90.0,10.0,-15.2875,-32.7821,-32.7608,-10.405,-40.224,177.108,68.66
3,-90.0,10.0,-15.2876,-32.7821,-32.7607,-10.405,-82.718,161.236,68.66
4,-90.0,10.0,-15.2874,-32.7821,-32.7608,98.904,75.061,30.794,68.661
1,-90.0,15.0,-13.6985,-35.1126,-35.1171,-15.388,3.549,186.649,72.505
2,-90.0,15.0,-13.6985,-35.1129,-35.1175,-15.389,-37.963,177.951,72.506
3,-90.0,15.0,-13.6985,-35.1129,-35.1175,-15.389,-80.586,162.367,72.506
4,-90.0,15.0,-13.6983,-35.113,-35.1175,100.269,73.07,25.81,72.506
1,-90.0,20.0,-12.1514,-37.487,-37.5273,-20.463,5.908,186.849,76.486
2,-90.0,20.0,-12.1514,-37.4874,-37.5277,-20.464,-35.638,178.396,76.487
3,-90.0,20.0,-12.1515,-37.4874,-37.5277,-20.464,-78.339,163.111,76.487
4,-90.0,20.0,-12.1513,-37.4874,-37.5277,101.262,70.922,20.735,76.487
1,-90.0,25.0,-10.6567,-39.8945,-39.9835,-25.583,8.247,186.628,80.559
2,-90.0,25.0,-10.6567,-39.8948,-39.9838,-25.584,-33.289,178.42,80.56
3,-90.0,25.0,-10.6567,-39.8948,-39.9838,-25.584,-76.013,163.442,80.56
4,-90.0,25.0,-10.6566,-39.8949,-39.9839,101.855,68.649,15.615,80.56
1,-90.0,30.0,-9.2245,-42.3215,-42.4756,-30.694,10.525,185.98,84.675
2,-90.0,30.0,-9.2245,-42.3218,-42.4759,-30.695,-30.956,178.014,84.675
3,-90.0,30.0,-9.2245,-42.3219,-42.476,-30.695,-73.647,163.344,84.675
4,-90.0,30.0,-9.2243,-42.3219,-42.476,102.025,66.286,10.504,84.675
1,-90.0,35.0,-7.8648,-44.7511,-44.9906,-35.737,12.701,184.912,88.781
2,-90.0,35.0,-7.8648,-44.7515,-44.991,-35.738,-28.68,177.18,88.782
3,-90.0,35.0,-7.8649,-44.7515,-44.991,-35.738,-71.281,162.814,88.782
4,-90.0,35.0,-7.8647,-44.7516,-44.991,101.766,63.876,5.461,88.782
1,-90.0,40.0,-6.5877,-47.1619,-47.5111,-40.644,14.738,183.449,92.821
2,-90.0,40.0,-6.5878,-47.1623,-47.5115,-40.645,-26.502,175.938,92.822
3,-90.0,40.0,-6.5878,-47.1624,-47.5116,-40.645,-68.96,161.867,92.822
4,-90.0,40.0,-6.5876,-47.1625,-47.5116,101.087,61.462,0.554,92.822
1,-90.0,45.0,-5.4031,-49.5273,-50.0141,-45.343,16.601,181.634,96.734
2,-90.0,45.0,-5.4031,-49.5277,-50.0146,-45.344,-24.459,174.327,96.735
3,-90.0,45.0,-5.4031,-49.5278,-50.0147,-45.344,-66.724,160.536,96.735
4,-90.0,45.0,-5.403,-49.5278,-50.0148,100.019,59.09,-4.145,96.735
1,-90.0,50.0,-4.3205,-51.8143,-52.4694,-49.758,18.263,179.532,100.457
2,-90.0,50.0,-4.3206,-51.8147,-52.4699,-49.759,-22.586,172.41,100.457
3,-90.0,50.0,-4.3206,-51.8148,-52.47,-49.759,-64.617,158.88,100.458
4,-90.0,50.0,-4.3204,-51.8149,-52.4701,98.612,56.809,-8.56,100.458
1,-90.0,55.0,-3.3497,-53.9833,-54.8374,-53.811,19.705,177.233,103.92
2,-90.0,55.0,-3.3497,-53.9838,-54.8379,-53.812,-20.912,170.274,103.921
3,-90.0,55.0,-3.3497,-53.9839,-54.838,-53.812,-62.678,156.981,103.921
4,-90.0,55.0,-3.3496,-53.984,-54.8382,96.944,54.668,-12.613,103.921
1,-90.0,60.0,-2.4997,-55.9878,-57.0673,-57.426,20.915,174.852,107.055
2,-90.0,60.0,-2.4997,-55.9883,-57.0678,-57.427,-19.459,168.033,107.055
3,-90.0,60.0,-2.4998,-55.9884,-57.068,-57.428,-60.945,154.949,107.056
4,-90.0,60.0,-2.4996,-55.9885,-57.0682,95.121,52.716,-16.228,107.056
1,-90.0,65.0,-1.7795,-57.7746,-59.096,-60.533,21.893,172.527,109.79
2,-90.0,65.0,-1.7795,-57.7751,-59.0966,-60.534,-18.244,165.823,109.79
3,-90.0,65.0,-1.7795,-57.7753,-59.0967,-60.534,-59.452,152.916,109.791
4,-90.0,65.0,-1.7794,-57.7754,-59.097,93.27,51.002,-19.335,109.791
1,-90.0,70.0,-1.1973,-59.2861,-60.8481,-63.068,22.644,170.414,112.057
2,-90.0,70.0,-1.1973,-59.2866,-60.8487,-63.069,-17.276,163.8,112.057
3,-90.0,70.0,-1.1974,-59.2868,-60.8489,-63.069,-58.229,151.037,112.058
4,-90.0,70.0,-1.1972,-59.2869,-60.8491,91.542,49.574,-21.87,112.058
1,-90.0,75.0,-0.7607,-60.4636,-62.2397,-64.98,23.18,168.677,113.791
2,-90.0,75.0,-0.7608,-60.4641,-62.2403,-64.981,-16.561,162.128,113.792
3,-90.0,75.0,-0.7608,-60.4643,-62.2406,-64.982,-57.302,149.472,113.792
4,-90.0,75.0,-0.7606,-60.4644,-62.2408,90.092,48.476,-23.783,113.792
1,-90.0,80.0,-0.4764,-61.2527,-63.1872,-66.23,23.515,167.468,114.937
2,-90.0,80.0,-0.4764,-61.2532,-63.1878,-66.231,-16.102,160.961,114.938
3,-90.0,80.0,-0.4765,-61.2534,-63.1881,-66.231,-56.694,148.375,114.938
4,-90.0,80.0,-0.4763,-61.2536,-63.1884,89.071,47.747,-25.032,114.939
1,-90.0,85.0,-0.3497,-61.6103,-63.6209,-66.787,23.661,166.908,115.453
2,-90.0,85.0,-0.3497,-61.6108,-63.6216,-66.788,-15.898,160.419,115.453
3,-90.0,85.0,-0.3497,-61.611,-63.6218,-66.789,-56.421,147.865,115.454
4,-90.0,85.0,-0.3496,-61.6112,-63.6222,88.594,47.419,-25.589,115.454
1,-90.0,90.0,-0.3845,-61.5115,-63.5008,-66.634,23.621,167.064,115.311
2,-90.0,90.0,-0.3846,-61.512,-63.5015,-66.635,-15.954,160.57,115.311
3,-90.0,90.0,-0.3846,-61.5122,-63.5017,-66.635,-56.496,148.007,115.312
4,-90.0,90.0,-0.3844,-61.5124,-63.5021,88.727,47.51,-25.436,115.312
1,-85.0,-90.0,-38.5523,-4.7497,-4.7071,42.156,-15.744,151.982,40.842
2,-85.0,-90.0,-38.5522,-4.7499,-4.7073,42.156,-53.528,141.458,40.842
3,-85.0,-90.0,-38.5523,-4.7499,-4.7072,42.156,-91.254,124.154,40.842
4,-85.0,-90.0,-38.5521,-4.75,-4.7073,61.094,79.345,83.355,40.842
1,-85.0,-85.0,-38.4131,-4.9017,-4.8581,41.94,-15.761,152.255,40.846
2,-85.0,-85.0,-38.413,-4.9019,-4.8583,41.94,-53.573,141.727,40.846
3,-85.0,-85.0,-38.4131,-4.9018,-4.8582,41.94,-91.334,124.415,40.846
4,-85.0,-85.0,-38.4129,-4.902,-4.8584,61.345,79.453,83.139,40.847
1,-85.0,-80.0,-38.1281,-5.2128,-5.1673,41.494,-15.789,152.811,40.86
2,-85.0,-80.0,-38.128,-5.213,-5.1675,41.494,-53.659,142.277,40.86
3,-85.0,-80.0,-38.1282,-5.2129,-5.1674,41.494,-91.491,124.95,40.86
4,-85.0,-80.0,-38.1279,-5.213,-5.1676,61.858,79.67,82.693,40.861
1,-85.0,-75.0,-37.697,-5.6832,-5.6351,40.812,-15.819,153.651,40.894
2,-85.0,-75.0,-37.6969,-5.6835,-5.6353,40.811,-53.777,143.109,40.894
3,-85.0,-75.0,-37.6971,-5.6834,-5.6352,40.811,-91.717,125.759,40.894
4,-85.0,-75.0,-37.6968,-5.6835,-5.6354,62.636,79.986,82.01,40.895
1,-85.0,-70.0,-37.1213,-6.3114,-6.26,39.886,-15.836,154.767,40.965
2,-85.0,-70.0,-37.1213,-6.3116,-6.2602,39.885,-53.91,144.217,40.965
3,-85.0,-70.0,-37.1214,-6.3115,-6.2601,39.885,-91.994,126.84,40.965
4,-85.0,-70.0,-37.1212,-6.3117,-6.2603,63.679,80.384,81.084,40.965
1,-85.0,-65.0,-36.4047,-7.0936,-7.0386,38.709,-15.819,156.148,41.093
2,-85.0,-65.0,-36.4047,-7.0939,-7.0388,38.708,-54.038,145.592,41.094
3,-85.0,-65.0,-36.4048,-7.0938,-7.0387,38.708,-92.3,128.187,41.094
4,-85.0,-65.0,-36.4045,-7.0939,-7.0389,64.983,80.84,79.907,41.094
1,-85.0,-60.0,-35.5527,-8.0246,-7.9658,37.275,-15.746,157.775,41.308
2,-85.0,-60.0,-35.5526,-8.0249,-7.966,37.274,-54.135,147.219,41.308
3,-85.0,-60.0,-35.5528,-8.0248,-7.966,37.274,-92.608,129.787,41.308
4,-85.0,-60.0,-35.5525,-8.0249,-7.9661,66.537,81.327,78.473,41.309
1,-85.0,-55.0,-34.5727,-9.0977,-9.0352,35.578,-15.59,159.627,41.639
2,-85.0,-55.0,-34.5727,-9.0979,-9.0354,35.577,-54.173,149.076,41.64
3,-85.0,-55.0,-34.5728,-9.0978,-9.0354,35.577,-92.888,131.623,41.64
4,-85.0,-55.0,-34.5726,-9.098,-9.0355,68.331,81.814,76.776,41.64
1,-85.0,-50.0,-33.4739,-10.3052,-10.2394,33.614,-15.325,161.673,42.123
2,-85.0,-50.0,-33.4738,-10.3055,-10.2396,33.614,-54.124,151.139,42.123
3,-85.0,-50.0,-33.4739,-10.3054,-10.2395,33.614,-93.109,133.674,42.123
4,-85.0,-50.0,-33.4737,-10.3055,-10.2396,70.344,82.265,74.813,42.123
1,-85.0,-45.0,-32.2664,-11.6392,-11.5705,31.38,-14.927,163.879,42.794
2,-85.0,-45.0,-32.2663,-11.6395,-11.5707,31.38,-53.958,153.375,42.794
3,-85.0,-45.0,-32.2664,-11.6394,-11.5706,31.38,-93.237,135.913,42.794
4,-85.0,-45.0,-32.2662,-11.6395,-11.5707,72.553,82.646,72.579,42.794
1,-85.0,-40.0,-30.9615,-13.0915,-13.0204,28.875,-14.373,166.208,43.687
2,-85.0,-40.0,-30.9615,-13.0918,-13.0207,28.874,-53.651,155.749,43.688
3,-85.0,-40.0,-30.9616,-13.0917,-13.0206,28.874,-93.241,138.307,43.688
4,-85.0,-40.0,-30.9614,-13.0918,-13.0207,74.931,82.921,70.073,43.688
1,-85.0,-35.0,-29.5713,-14.6543,-14.5816,26.097,-13.643,168.618,44.836
2,-85.0,-35.0,-29.5712,-14.6546,-14.5818,26.096,-53.177,158.221,44.836
3,-85.0,-35.0,-29.5713,-14.6545,-14.5818,26.096,-93.095,140.82,44.836
4,-85.0,-35.0,-29.5711,-14.6546,-14.5818,77.445,83.06,67.296,44.837
1,-85.0,-30.0,-28.1079,-16.3202,-16.2466,23.049,-12.724,171.062,46.266
2,-85.0,-30.0,-28.1079,-16.3205,-16.2469,23.049,-52.518,160.749,46.267
3,-85.0,-30.0,-28.108,-16.3204,-16.2468,23.049,-92.771,143.412,46.267
4,-85.0,-30.0,-28.1078,-16.3205,-16.2468,80.056,83.032,64.248,46.267
1,-85.0,-25.0,-26.5839,-18.0825,-18.0088,19.735,-11.606,173.494,47.997
2,-85.0,-25.0,-26.5838,-18.0828,-18.0091,19.734,-51.66,163.284,47.997
3,-85.0,-25.0,-26.5839,-18.0827,-18.009,19.734,-92.252,146.038,47.997
4,-85.0,-25.0,-26.5837,-18.0828,-18.0091,82.724,82.813,60.933,47.997
1,-85.0,-20.0,-25.0115,-19.9352,-19.8623,16.159,-10.286,175.865,50.039
2,-85.0,-20.0,-25.0114,-19.9354,-19.8626,16.158,-50.595,165.78,50.04
3,-85.0,-20.0,-25.0115,-19.9354,-19.8625,16.158,-91.521,148.651,50.04
4,-85.0,-20.0,-25.0113,-19.9354,-19.8625,85.403,82.383,57.357,50.04
1,-85.0,-15.0,-23.403,-21.8726,-21.8017,12.329,-8.766,178.124,52.396
2,-85.0,-15.0,-23.4029,-21.8729,-21.802,12.328,-49.32,168.186,52.396
3,-85.0,-15.0,-23.403,-21.8728,-21.802,12.328,-90.571,151.203,52.396
4,-85.0,-15.0,-23.4028,-21.8729,-21.802,88.046,81.728,53.527,52.396
1,-85.0,-10.0,-21.7704,-23.8898,-23.8225,8.256,-7.056,180.223,55.059
2,-85.0,-10.0,-21.7703,-23.8901,-23.8228,8.255,-47.839,170.452,55.06
3,-85.0,-10.0,-21.7704,-23.89,-23.8227,8.255,-89.398,153.643,55.06
4,-85.0,-10.0,-21.7702,-23.8901,-23.8227,90.603,80.838,49.454,55.06
1,-85.0,-5.0,-20.1253,-25.9819,-25.9203,3.953,-5.17,182.112,58.017
2,-85.0,-5.0,-20.1253,-25.9822,-25.9205,3.952,-46.161,172.527,58.017
3,-85.0,-5.0,-20.1253,-25.9821,-25.9205,3.952,-88.006,155.919,58.017
4,-85.0,-5.0,-20.1251,-25.9822,-25.9205,93.023,79.713,45.151,58.017
1,-85.0,0.0,-18.4792,-28.1442,-28.0911,-0.563,-3.13,183.744,61.246
2,-85.0,0.0,-18.4792,-28.1445,-28.0914,-0.564,-44.303,174.363,61.247
3,-85.0,0.0,-18.4792,-28.1444,-28.0913,-0.564,-86.403,157.982,61.247
4,-85.0,0.0,-18.479,-28.1445,-28.0914,95.254,78.354,40.635,61.247
1,-85.0,5.0,-16.8432,-30.3715,-30.331,-5.269,-0.963,185.074,64.722
2,-85.0,5.0,-16.8431,-30.3718,-30.3313,-5.27,-42.286,175.913,64.722
3,-85.0,5.0,-16.8432,-30.3718,-30.3312,-5.27,-84.606,159.782,64.722
4,-85.0,5.0,-16.843,-30.3718,-30.3313,97.246,76.772,35.929,64.722
1,-85.0,10.0,-15.2281,-32.6581,-32.6356,-10.139,1.302,186.064,68.411
2,-85.0,10.0,-15.228,-32.6584,-32.6359,-10.14,-40.137,177.134,68.411
3,-85.0,10.0,-15.2281,-32.6584,-32.6359,-10.141,-82.635,161.273,68.411
4,-85.0,10.0,-15.2279,-32.6584,-32.636,98.95,74.982,31.059,68.411
1,-85.0,15.0,-13.6445,-34.9971,-35.0002,-15.141,3.627,186.677,72.277
2,-85.0,15.0,-13.6445,-34.9975,-35.0005,-15.142,-37.889,177.987,72.277
3,-85.0,15.0,-13.6445,-34.9975,-35.0005,-15.142,-80.517,162.412,72.277
4,-85.0,15.0,-13.6444,-34.9975,-35.0005,100.321,73.007,26.057,72.277
1,-85.0,20.0,-12.1029,-37.3802,-37.4186,-20.235,5.975,186.886,76.279
2,-85.0,20.0,-12.1029,-37.3805,-37.419,-20.236,-35.576,178.44,76.28
3,-85.0,20.0,-12.103,-37.3805,-37.419,-20.236,-78.283,163.163,76.28
4,-85.0,20.0,-12.1028,-37.3806,-37.419,101.321,70.872,20.963,76.28
1,-85.0,25.0,-10.6137,-39.7966,-39.8833,-25.376,8.304,186.674,80.373
2,-85.0,25.0,-10.6137,-39.797,-39.8837,-25.377,-33.237,178.472,80.374
3,-85.0,25.0,-10.6137,-39.797,-39.8837,-25.377,-75.968,163.5,80.374
4,-85.0,25.0,-10.6135,-39.797,-39.8838,101.918,68.611,15.822,80.374
1,-85.0,30.0,-9.1868,-42.233,-42.3844,-30.509,10.573,186.032,84.511
2,-85.0,30.0,-9.1868,-42.2334,-42.3847,-30.51,-30.913,178.071,84.512
3,-85.0,30.0,-9.1868,-42.2334,-42.3848,-30.51,-73.612,163.406,84.512
4,-85.0,30.0,-9.1867,-42.2334,-42.3848,102.091,66.259,10.689,84.512
1,-85.0,35.0,-7.8323,-44.6723,-44.9086,-35.574,12.741,184.969,88.639
2,-85.0,35.0,-7.8324,-44.6726,-44.909,-35.576,-28.646,177.24,88.639
3,-85.0,35.0,-7.8324,-44.6727,-44.909,-35.576,-71.256,162.878,88.639
4,-85.0,35.0,-7.8322,-44.6728,-44.9091,101.833,63.858,5.623,88.64
1,-85.0,40.0,-6.5603,-47.093,-47.4386,-40.505,14.771,183.507,92.7
2,-85.0,40.0,-6.5603,-47.0934,-47.439,-40.506,-26.475,175.999,92.701
3,-85.0,40.0,-6.5603,-47.0934,-47.4391,-40.506,-68.941,161.931,92.701
4,-85.0,40.0,-6.5602,-47.0935,-47.4392,101.153,61.451,0.693,92.701
1,-85.0,45.0,-5.3804,-49.4683,-49.9513,-45.227,16.627,181.691,96.634
2,-85.0,45.0,-5.3804,-49.4687,-49.9518,-45.228,-24.438,174.386,96.635
3,-85.0,45.0,-5.3804,-49.4688,-49.9519,-45.229,-66.712,160.598,96.635
4,-85.0,45.0,-5.3803,-49.4689,-49.952,100.081,59.085,-4.03,96.635
1,-85.0,50.0,-4.3023,-51.7653,-52.4164,-49.665,18.284,179.585,100.375
2,-85.0,50.0,-4.3023,-51.7657,-52.4169,-49.666,-22.571,172.465,100.376
3,-85.0,50.0,-4.3024,-51.7658,-52.417,-49.666,-64.609,158.937,100.376
4,-85.0,50.0,-4.3022,-51.7659,-52.4171,98.669,56.808,-8.467,100.376
1,-85.0,55.0,-3.3355,-53.944,-54.7941,-53.739,19.721,177.28,103.857
2,-85.0,55.0,-3.3356,-53.9445,-54.7946,-53.74,-20.901,170.323,103.857
3,-85.0,55.0,-3.3356,-53.9446,-54.7947,-53.74,-62.674,157.031,103.858
4,-85.0,55.0,-3.3354,-53.9447,-54.7949,96.994,54.669,-12.541,103.858
1,-85.0,60.0,-2.4892,-55.9578,-57.0335,-57.373,20.927,174.891,107.007
2,-85.0,60.0,-2.4893,-55.9582,-57.0341,-57.374,-19.451,168.073,107.008
3,-85.0,60.0,-2.4893,-55.9584,-57.0342,-57.374,-60.943,154.989,107.008
4,-85.0,60.0,-2.4891,-55.9585,-57.0344,95.161,52.718,-16.175,107.009
1,-85.0,65.0,-1.7722,-57.7531,-59.0713,-60.496,21.901,172.557,109.757
2,-85.0,65.0,-1.7722,-57.7536,-59.0718,-60.497,-18.239,165.853,109.758
3,-85.0,65.0,-1.7722,-57.7537,-59.072,-60.497,-59.451,152.947,109.758
4,-85.0,65.0,-1.7721,-57.7539,-59.0723,93.301,51.005,-19.298,109.758
1,-85.0,70.0,-1.1926,-59.272,-60.8315,-63.044,22.649,170.435,112.035
2,-85.0,70.0,-1.1926,-59.2724,-60.8321,-63.046,-17.273,163.821,112.036
3,-85.0,70.0,-1.1927,-59.2726,-60.8323,-63.046,-58.228,151.058,112.036
4,-85.0,70.0,-1.1925,-59.2728,-60.8326,91.563,49.576,-21.847,112.037
1,-85.0,75.0,-0.758,-60.4553,-62.2298,-64.967,23.183,168.69,113.779
2,-85.0,75.0,-0.7581,-60.4558,-62.2304,-64.968,-16.56,162.141,113.78
3,-85.0,75.0,-0.7581,-60.456,-62.2306,-64.968,-57.302,149.485,113.78
4,-85.0,75.0,-0.7579,-60.4561,-62.2309,90.105,48.477,-23.769,113.78
1,-85.0,80.0,-0.475,-61.2484,-63.182,-66.223,23.517,167.475,114.931
2,-85.0,80.0,-0.475,-61.2488,-63.1826,-66.224,-16.101,160.968,114.932
3,-85.0,80.0,-0.4751,-61.249,-63.1828,-66.224,-56.694,148.382,114.932
4,-85.0,80.0,-0.4749,-61.2492,-63.1832,89.078,47.748,-25.025,114.932
1,-85.0,85.0,-0.3489,-61.6078,-63.6179,-66.783,23.662,166.912,115.449
2,-85.0,85.0,-0.3489,-61.6083,-63.6185,-66.784,-15.898,160.423,115.45
3,-85.0,85.0,-0.3489,-61.6085,-63.6188,-66.785,-56.422,147.869,115.45
4,-85.0,85.0,-0.3488,-61.6087,-63.6191,88.598,47.42,-25.586,115.45
1,-85.0,90.0,-0.3836,-61.5085,-63.4972,-66.629,23.622,167.068,115.306
2,-85.0,90.0,-0.3836,-61.509,-63.4978,-66.63,-15.954,160.575,115.307
3,-85.0,90.0,-0.3836,-61.5092,-63.4981,-66.63,-56.496,148.011,115.307
4,-85.0,90.0,-0.3835,-61.5094,-63.4984,88.732,47.51,-25.431,115.308
1,-80.0,-90.0,-38.2308,-4.2931,-4.2534,42.8,-15.05,151.677,40.125
2,-80.0,-90.0,-38.2307,-4.2933,-4.2536,42.8,-52.806,141.227,40.125
3,-80.0,-90.0,-38.2308,-4.2932,-4.2535,42.8,-90.508,124.019,40.125
4,-80.0,-90.0,-38.2306,-4.2934,-4.2537,61.045,78.588,83.999,40.126
1,-80.0,-85.0,-38.0927,-4.4447,-4.404,42.588,-15.068,151.949,40.125
2,-80.0,-85.0,-38.0926,-4.4449,-4.4042,42.587,-52.852,141.496,40.125
3,-80.0,-85.0,-38.0927,-4.4448,-4.4041,42.587,-90.589,124.28,40.125
4,-80.0,-85.0,-38.0925,-4.445,-4.4043,61.295,78.698,83.786,40.125
1,-80.0,-80.0,-37.8095,-4.7554,-4.7127,42.148,-15.101,152.506,40.13
2,-80.0,-80.0,-37.8095,-4.7556,-4.7129,42.148,-52.943,142.046,40.13
3,-80.0,-80.0,-37.8096,-4.7555,-4.7128,42.148,-90.751,124.814,40.13
4,-80.0,-80.0,-37.8094,-4.7557,-4.713,61.807,78.919,83.347,40.13
1,-80.0,-75.0,-37.381,-5.2256,-5.18,41.476,-15.137,153.347,40.15
2,-80.0,-75.0,-37.3809,-5.2258,-5.1803,41.475,-53.067,142.878,40.151
3,-80.0,-75.0,-37.381,-5.2257,-5.1802,41.475,-90.982,125.623,40.151
4,-80.0,-75.0,-37.3808,-5.2259,-5.1803,62.584,79.241,82.674,40.151
1,-80.0,-70.0,-36.8086,-5.8536,-5.8045,40.562,-15.162,154.465,40.204
2,-80.0,-70.0,-36.8085,-5.8538,-5.8047,40.562,-53.208,143.988,40.204
3,-80.0,-70.0,-36.8086,-5.8537,-5.8046,40.562,-91.268,126.704,40.204
4,-80.0,-70.0,-36.8084,-5.8539,-5.8048,63.627,79.647,81.761,40.204
1,-80.0,-65.0,-36.0959,-6.6357,-6.5827,39.401,-15.156,155.849,40.312
2,-80.0,-65.0,-36.0958,-6.636,-6.583,39.4,-53.346,145.365,40.312
3,-80.0,-65.0,-36.0959,-6.6359,-6.5829,39.4,-91.584,128.051,40.312
4,-80.0,-65.0,-36.0957,-6.636,-6.583,64.929,80.114,80.599,40.312
1,-80.0,-60.0,-35.2484,-7.5668,-7.5097,37.984,-15.095,157.481,40.502
2,-80.0,-60.0,-35.2483,-7.567,-7.51,37.984,-53.456,146.994,40.503
3,-80.0,-60.0,-35.2484,-7.5669,-7.5099,37.984,-91.906,129.653,40.503
4,-80.0,-60.0,-35.2482,-7.5671,-7.51,66.484,80.615,79.183,40.503
1,-80.0,-55.0,-34.2735,-8.6401,-8.579,36.307,-14.954,159.339,40.809
2,-80.0,-55.0,-34.2734,-8.6403,-8.5793,36.307,-53.51,148.856,40.809
3,-80.0,-55.0,-34.2735,-8.6402,-8.5792,36.307,-92.203,131.492,40.809
4,-80.0,-55.0,-34.2733,-8.6404,-8.5793,68.278,81.118,77.506,40.809
1,-80.0,-50.0,-33.1801,-9.848,-9.7833,34.364,-14.706,161.393,41.266
2,-80.0,-50.0,-33.18,-9.8483,-9.7836,34.364,-53.479,150.925,41.267
3,-80.0,-50.0,-33.1801,-9.8482,-9.7835,34.364,-92.442,133.547,41.267
4,-80.0,-50.0,-33.1799,-9.8483,-9.7836,70.292,81.588,75.563,41.267
1,-80.0,-45.0,-31.9785,-11.1826,-11.1147,32.152,-14.328,163.61,41.913
2,-80.0,-45.0,-31.9784,-11.1828,-11.115,32.152,-53.334,153.17,41.913
3,-80.0,-45.0,-31.9785,-11.1827,-11.1149,32.152,-92.591,135.791,41.913
4,-80.0,-45.0,-31.9783,-11.1829,-11.115,72.505,81.99,73.351,41.913
1,-80.0,-40.0,-30.6798,-12.6356,-12.5652,29.669,-13.795,165.952,42.784
2,-80.0,-40.0,-30.6798,-12.6359,-12.5655,29.668,-53.049,155.555,42.785
3,-80.0,-40.0,-30.6799,-12.6358,-12.5654,29.668,-92.62,138.193,42.785
4,-80.0,-40.0,-30.6797,-12.6359,-12.5655,74.888,82.291,70.868,42.785
1,-80.0,-35.0,-29.296,-14.1994,-14.1271,26.914,-13.088,168.377,43.914
2,-80.0,-35.0,-29.2959,-14.1996,-14.1273,26.913,-52.6,158.04,43.914
3,-80.0,-35.0,-29.296,-14.1995,-14.1272,26.913,-92.499,140.716,43.914
4,-80.0,-35.0,-29.2958,-14.1997,-14.1273,77.409,82.456,68.112,43.914
1,-80.0,-30.0,-27.8392,-15.8664,-15.7929,23.888,-12.194,170.84,45.329
2,-80.0,-30.0,-27.8392,-15.8666,-15.7932,23.887,-51.968,160.583,45.329
3,-80.0,-30.0,-27.8392,-15.8666,-15.7931,23.887,-92.204,143.32,45.329
4,-80.0,-30.0,-27.8391,-15.8667,-15.7932,80.029,82.458,65.087,45.329
1,-80.0,-25.0,-26.3218,-17.6299,-17.5561,20.595,-11.101,173.294,47.05
2,-80.0,-25.0,-26.3218,-17.6301,-17.5564,20.594,-51.138,163.138,47.05
3,-80.0,-25.0,-26.3218,-17.6301,-17.5563,20.594,-91.714,145.961,47.05
4,-80.0,-25.0,-26.3217,-17.6302,-17.5564,82.709,82.27,61.793,47.05
1,-80.0,-20.0,-24.7562,-19.4838,-19.4106,17.038,-9.807,175.691,49.087
2,-80.0,-20.0,-24.7561,-19.484,-19.4108,17.037,-50.101,165.657,49.087
3,-80.0,-20.0,-24.7562,-19.4839,-19.4108,17.037,-91.015,148.593,49.087
4,-80.0,-20.0,-24.756,-19.484,-19.4108,85.403,81.874,58.237,49.087
1,-80.0,-15.0,-23.1544,-21.4224,-21.351,13.226,-8.314,177.979,51.443
2,-80.0,-15.0,-23.1543,-21.4227,-21.3512,13.226,-48.855,168.089,51.443
3,-80.0,-15.0,-23.1544,-21.4226,-21.3512,13.226,-90.098,151.167,51.443
4,-80.0,-15.0,-23.1542,-21.4227,-21.3513,88.064,81.253,54.425,51.444
1,-80.0,-10.0,-21.5285,-23.4408,-23.3725,9.169,-6.63,180.11,54.111
2,-80.0,-10.0,-21.5284,-23.4411,-23.3728,9.168,-47.404,170.384,54.111
3,-80.0,-10.0,-21.5285,-23.441,-23.3728,9.168,-88.958,153.632,54.111
4,-80.0,-10.0,-21.5283,-23.4411,-23.3728,90.643,80.4,50.367,54.111
1,-80.0,-5.0,-19.89,-25.534,-25.4709,4.88,-4.771,182.035,57.076
2,-80.0,-5.0,-19.89,-25.5343,-25.4712,4.879,-45.756,172.492,57.077
3,-80.0,-5.0,-19.8901,-25.5342,-25.4711,4.879,-87.599,155.938,57.076
4,-80.0,-5.0,-19.8899,-25.5343,-25.4712,93.087,79.311,46.078,57.077
1,-80.0,0.0,-18.2505,-27.6971,-27.642,0.376,-2.757,183.706,60.317
2,-80.0,0.0,-18.2504,-27.6974,-27.6423,0.375,-43.927,174.365,60.317
3,-80.0,0.0,-18.2505,-27.6974,-27.6422,0.375,-86.031,158.033,60.317
4,-80.0,0.0,-18.2503,-27.6974,-27.6423,95.346,77.99,41.574,60.317
1,-80.0,5.0,-16.6209,-29.9251,-29.8816,-4.322,-0.614,185.079,63.805
2,-80.0,5.0,-16.6208,-29.9254,-29.8819,-4.323,-41.939,175.955,63.806
3,-80.0,5.0,-16.6209,-29.9253,-29.8819,-4.323,-84.268,159.869,63.806
4,-80.0,5.0,-16.6207,-29.9254,-29.882,97.37,76.445,36.876,63.806
1,-80.0,10.0,-15.0121,-32.212,-32.1855,-9.187,1.627,186.114,67.509
2,-80.0,10.0,-15.012,-32.2123,-32.1858,-9.188,-39.819,177.218,67.51
3,-80.0,10.0,-15.0121,-32.2122,-32.1858,-9.188,-82.33,161.398,67.51
4,-80.0,10.0,-15.0119,-32.2123,-32.1858,99.109,74.694,32.011,67.51
1,-80.0,15.0,-13.4347,-34.5509,-34.5484,-14.186,3.931,186.776,71.391
2,-80.0,15.0,-13.4346,-34.5512,-34.5488,-14.187,-37.597,178.117,71.392
3,-80.0,15.0,-13.4347,-34.5512,-34.5487,-14.188,-80.244,162.579,71.392
4,-80.0,15.0,-13.4345,-34.5513,-34.5488,100.518,72.755,27.012,71.392
1,-80.0,20.0,-11.899,-36.9334,-36.9643,-19.281,6.259,187.037,75.411
2,-80.0,20.0,-11.899,-36.9337,-36.9647,-19.282,-35.309,178.62,75.411
3,-80.0,20.0,-11.8991,-36.9337,-36.9647,-19.282,-78.042,163.376,75.411
4,-80.0,20.0,-11.8989,-36.9338,-36.9647,101.56,70.657,21.917,75.412
1,-80.0,25.0,-10.4155,-39.3486,-39.4253,-24.426,8.569,186.878,79.522
2,-80.0,25.0,-10.4155,-39.349,-39.4257,-24.427,-32.994,178.704,79.523
3,-80.0,25.0,-10.4155,-39.349,-39.4257,-24.427,-75.758,163.761,79.523
4,-80.0,25.0,-10.4154,-39.3491,-39.4258,102.201,68.431,16.772,79.523
1,-80.0,30.0,-8.9941,-41.7832,-41.9213,-29.566,10.822,186.293,83.677
2,-80.0,30.0,-8.9941,-41.7836,-41.9216,-29.567,-30.693,178.357,83.677
3,-80.0,30.0,-8.9941,-41.7836,-41.9217,-29.567,-73.431,163.718,83.677
4,-80.0,30.0,-8.994,-41.7837,-41.9217,102.421,66.114,11.632,83.678
1,-80.0,35.0,-7.6449,-44.22,-44.4388,-34.642,12.976,185.287,87.821
2,-80.0,35.0,-7.6449,-44.2203,-44.4392,-34.643,-28.446,177.581,87.822
3,-80.0,35.0,-7.6449,-44.2204,-44.4392,-34.643,-71.102,163.242,87.822
4,-80.0,35.0,-7.6448,-44.2205,-44.4393,102.212,63.746,6.556,87.822
1,-80.0,40.0,-6.3777,-46.6374,-46.9603,-39.585,14.993,183.884,91.898
2,-80.0,40.0,-6.3777,-46.6378,-46.9607,-39.586,-26.294,176.397,91.899
3,-80.0,40.0,-6.3777,-46.6378,-46.9607,-39.587,-68.813,162.349,91.899
4,-80.0,40.0,-6.3776,-46.6379,-46.9608,101.583,61.371,1.612,91.899
1,-80.0,45.0,-5.2023,-49.0086,-49.4624,-44.323,16.839,182.127,95.847
2,-80.0,45.0,-5.2023,-49.009,-49.4628,-44.324,-24.274,174.842,95.848
3,-80.0,45.0,-5.2024,-49.0091,-49.4629,-44.325,-66.608,161.071,95.848
4,-80.0,45.0,-5.2022,-49.0092,-49.463,100.563,59.035,-3.126,95.848
1,-80.0,50.0,-4.1284,-51.3007,-51.9146,-48.778,18.486,180.08,99.603
2,-80.0,50.0,-4.1284,-51.3011,-51.9151,-48.78,-22.421,172.979,99.603
3,-80.0,50.0,-4.1284,-51.3012,-51.9152,-48.78,-64.528,159.466,99.603
4,-80.0,50.0,-4.1283,-51.3013,-51.9154,99.204,56.787,-7.581,99.604
1,-80.0,55.0,-3.1652,-53.4739,-54.2774,-52.872,19.916,177.834,103.097
2,-80.0,55.0,-3.1652,-53.4743,-54.2779,-52.873,-20.764,170.894,103.097
3,-80.0,55.0,-3.1653,-53.4745,-54.278,-52.873,-62.613,157.615,103.097
4,-80.0,55.0,-3.1651,-53.4746,-54.2782,97.581,54.675,-11.674,103.098
1,-80.0,60.0,-2.322,-55.4816,-56.5,-56.526,21.117,175.501,106.259
2,-80.0,60.0,-2.3221,-55.4821,-56.5005,-56.527,-19.326,168.699,106.259
3,-80.0,60.0,-2.3221,-55.4822,-56.5006,-56.527,-60.901,155.627,106.259
4,-80.0,60.0,-2.322,-55.4824,-56.5009,95.799,52.748,-15.328,106.26
1,-80.0,65.0,-1.6075,-57.2709,-58.5197,-59.668,22.088,173.219,109.018
2,-80.0,65.0,-1.6076,-57.2713,-58.5202,-59.669,-18.123,166.531,109.018
3,-80.0,65.0,-1.6076,-57.2715,-58.5204,-59.67,-59.424,153.634,109.019
4,-80.0,65.0,-1.6075,-57.2717,-58.5207,93.987,51.056,-18.471,109.019
1,-80.0,70.0,-1.0299,-58.7841,-60.2621,-62.236,22.833,171.142,111.305
2,-80.0,70.0,-1.03,-58.7846,-60.2627,-62.237,-17.164,164.544,111.305
3,-80.0,70.0,-1.03,-58.7848,-60.2629,-62.237,-58.215,151.789,111.306
4,-80.0,70.0,-1.0298,-58.785,-60.2632,92.29,49.645,-21.038,111.306
1,-80.0,75.0,-0.5966,-59.963,-61.645,-64.174,23.366,169.433,113.055
2,-80.0,75.0,-0.5967,-59.9635,-61.6456,-64.175,-16.456,162.9,113.056
3,-80.0,75.0,-0.5967,-59.9637,-61.6458,-64.176,-57.298,150.251,113.056
4,-80.0,75.0,-0.5965,-59.9639,-61.6461,90.866,48.56,-22.977,113.056
1,-80.0,80.0,-0.3141,-60.7535,-62.5864,-65.442,23.699,168.243,114.212
2,-80.0,80.0,-0.3142,-60.754,-62.587,-65.443,-16.0,161.751,114.213
3,-80.0,80.0,-0.3142,-60.7542,-62.5872,-65.444,-56.696,149.171,114.213
4,-80.0,80.0,-0.3141,-60.7544,-62.5876,89.862,47.84,-24.245,114.214
1,-80.0,85.0,-0.1878,-61.113,-63.0185,-66.01,23.844,167.69,114.734
2,-80.0,85.0,-0.1879,-61.1134,-63.0191,-66.011,-15.798,161.216,114.735
3,-80.0,85.0,-0.1879,-61.1136,-63.0193,-66.012,-56.426,148.667,114.735
4,-80.0,85.0,-0.1878,-61.1139,-63.0197,89.391,47.514,-24.813,114.736
1,-80.0,90.0,-0.2216,-61.0164,-62.9022,-65.858,23.806,167.839,114.595
2,-80.0,90.0,-0.2217,-61.0169,-62.9028,-65.859,-15.852,161.36,114.595
3,-80.0,90.0,-0.2217,-61.0171,-62.903,-65.86,-56.498,148.804,114.596
4,-80.0,90.0,-0.2216,-61.0173,-62.9034,89.518,47.602,-24.661,114.596
1,-75.0,-90.0,-37.7328,-3.5931,-3.5584,43.769,-13.983,151.19,39.052
2,-75.0,-90.0,-37.7327,-3.5933,-3.5586,43.769,-51.693,140.854,39.053
3,-75.0,-90.0,-37.7328,-3.5932,-3.5585,43.769,-89.356,123.795,39.053
4,-75.0,-90.0,-37.7326,-3.5934,-3.5587,60.953,77.419,84.968,39.053
1,-75.0,-85.0,-37.5962,-3.744,-3.7082,43.562,-14.003,151.462,39.045
2,-75.0,-85.0,-37.5961,-3.7442,-3.7084,43.562,-51.742,141.122,39.045
3,-75.0,-85.0,-37.5962,-3.7441,-3.7083,43.562,-89.44,124.055,39.045
4,-75.0,-85.0,-37.596,-3.7443,-3.7085,61.201,77.531,84.761,39.046
1,-75.0,-80.0,-37.3155,-4.0539,-4.0158,43.134,-14.041,152.019,39.035
2,-75.0,-80.0,-37.3155,-4.0541,-4.0161,43.133,-51.837,141.673,39.035
3,-75.0,-80.0,-37.3156,-4.054,-4.016,43.133,-89.606,124.588,39.035
4,-75.0,-80.0,-37.3154,-4.0542,-4.0161,61.712,77.757,84.333,39.035
1,-75.0,-75.0,-36.8905,-4.5231,-4.4819,42.477,-14.085,152.861,39.033
2,-75.0,-75.0,-36.8904,-4.5233,-4.4821,42.477,-51.969,142.505,39.033
3,-75.0,-75.0,-36.8905,-4.5232,-4.482,42.477,-89.846,125.396,39.033
4,-75.0,-75.0,-36.8903,-4.5234,-4.4822,62.488,78.086,83.676,39.033
1,-75.0,-70.0,-36.3225,-5.15,-5.1049,41.585,-14.121,153.982,39.056
2,-75.0,-70.0,-36.3224,-5.1502,-5.1051,41.584,-52.122,143.616,39.056
3,-75.0,-70.0,-36.3225,-5.1501,-5.105,41.584,-90.142,126.477,39.056
4,-75.0,-70.0,-36.3223,-5.1503,-5.1052,63.529,78.503,82.783,39.057
1,-75.0,-65.0,-35.6151,-5.9309,-5.8815,40.448,-14.129,155.37,39.128
2,-75.0,-65.0,-35.615,-5.9312,-5.8817,40.448,-52.275,144.996,39.128
3,-75.0,-65.0,-35.6151,-5.9311,-5.8816,40.448,-90.474,127.825,39.128
4,-75.0,-65.0,-35.6149,-5.9313,-5.8818,64.83,78.985,81.647,39.129
1,-75.0,-60.0,-34.7736,-6.8607,-6.8067,39.062,-14.085,157.008,39.278
2,-75.0,-60.0,-34.7736,-6.861,-6.807,39.061,-52.403,146.629,39.278
3,-75.0,-60.0,-34.7737,-6.8609,-6.8069,39.061,-90.814,129.428,39.278
4,-75.0,-60.0,-34.7735,-6.861,-6.807,66.384,79.504,80.26,39.279
1,-75.0,-55.0,-33.8055,-7.9327,-7.8742,37.418,-13.964,158.874,39.54
2,-75.0,-55.0,-33.8054,-7.9329,-7.8745,37.417,-52.478,148.497,39.54
3,-75.0,-55.0,-33.8055,-7.9328,-7.8744,37.417,-91.132,131.27,39.54
4,-75.0,-55.0,-33.8053,-7.933,-7.8745,68.179,80.029,78.616,39.541
1,-75.0,-50.0,-32.7194,-9.1393,-9.0766,35.511,-13.74,160.939,39.951
2,-75.0,-50.0,-32.7193,-9.1395,-9.0769,35.511,-52.471,150.574,39.952
3,-75.0,-50.0,-32.7194,-9.1394,-9.0768,35.511,-91.396,133.331,39.952
4,-75.0,-50.0,-32.7192,-9.1396,-9.0769,70.196,80.525,76.71,39.952
1,-75.0,-45.0,-31.5255,-10.4724,-10.4061,33.338,-13.388,163.17,40.552
2,-75.0,-45.0,-31.5254,-10.4726,-10.4064,33.337,-52.354,152.831,40.552
3,-75.0,-45.0,-31.5255,-10.4725,-10.4063,33.337,-91.575,135.583,40.552
4,-75.0,-45.0,-31.5253,-10.4727,-10.4064,72.413,80.957,74.536,40.553
1,-75.0,-40.0,-30.2349,-11.9239,-11.8547,30.895,-12.885,165.53,41.38
2,-75.0,-40.0,-30.2348,-11.9242,-11.8549,30.894,-52.1,155.231,41.38
3,-75.0,-40.0,-30.2349,-11.9241,-11.8548,30.894,-91.636,137.995,41.38
4,-75.0,-40.0,-30.2347,-11.9242,-11.855,74.803,81.291,72.093,41.381
1,-75.0,-35.0,-28.8592,-13.486,-13.4144,28.181,-12.21,167.978,42.47
2,-75.0,-35.0,-28.8592,-13.4862,-13.4147,28.181,-51.684,157.735,42.471
3,-75.0,-35.0,-28.8592,-13.4861,-13.4146,28.181,-91.551,140.533,42.471
4,-75.0,-35.0,-28.8591,-13.4863,-13.4147,77.334,81.494,69.38,42.471
1,-75.0,-30.0,-27.4107,-15.1511,-15.0781,25.197,-11.349,170.469,43.852
2,-75.0,-30.0,-27.4106,-15.1514,-15.0783,25.197,-51.088,160.302,43.853
3,-75.0,-30.0,-27.4107,-15.1513,-15.0782,25.197,-91.295,143.156,43.853
4,-75.0,-30.0,-27.4105,-15.1514,-15.0783,79.969,81.536,66.396,43.853
1,-75.0,-25.0,-25.9016,-16.9125,-16.8387,21.945,-10.291,172.955,45.547
2,-75.0,-25.0,-25.9015,-16.9127,-16.839,21.945,-50.297,162.886,45.547
3,-75.0,-25.0,-25.9016,-16.9126,-16.8389,21.945,-90.848,145.821,45.547
4,-75.0,-25.0,-25.9014,-16.9128,-16.839,82.668,81.393,63.144,45.547
1,-75.0,-20.0,-24.3441,-18.7638,-18.6903,18.43,-9.033,175.39,47.565
2,-75.0,-20.0,-24.344,-18.7641,-18.6905,18.429,-49.3,165.438,47.565
3,-75.0,-20.0,-24.3441,-18.764,-18.6905,18.429,-90.193,148.481,47.565
4,-75.0,-20.0,-24.344,-18.7641,-18.6906,85.385,81.044,59.628,47.565
1,-75.0,-15.0,-22.7504,-20.6995,-20.6273,14.658,-7.577,177.722,49.909
2,-75.0,-15.0,-22.7503,-20.6998,-20.6275,14.657,-48.096,167.91,49.909
3,-75.0,-15.0,-22.7504,-20.6997,-20.6275,14.657,-89.321,151.089,49.909
4,-75.0,-15.0,-22.7503,-20.6998,-20.6276,88.075,80.473,55.856,49.909
1,-75.0,-10.0,-21.1324,-22.7144,-22.6448,10.639,-5.93,179.903,52.571
2,-75.0,-10.0,-21.1323,-22.7146,-22.645,10.638,-46.686,170.251,52.571
3,-75.0,-10.0,-21.1324,-22.7145,-22.645,10.638,-88.229,153.594,52.571
4,-75.0,-10.0,-21.1322,-22.7147,-22.6451,90.688,79.672,51.837,52.572
1,-75.0,-5.0,-19.5016,-24.8033,-24.7382,6.386,-4.108,181.885,55.536
2,-75.0,-5.0,-19.5016,-24.8036,-24.7385,6.385,-45.08,172.412,55.536
3,-75.0,-5.0,-19.5016,-24.8035,-24.7384,6.385,-86.919,155.946,55.536
4,-75.0,-5.0,-19.5015,-24.8036,-24.7385,93.173,78.637,47.584,55.536
1,-75.0,0.0,-17.8695,-26.9615,-26.9033,1.915,-2.129,183.619,58.78
2,-75.0,0.0,-17.8694,-26.9617,-26.9036,1.914,-43.294,174.344,58.781
3,-75.0,0.0,-17.8695,-26.9617,-26.9035,1.914,-85.4,158.094,58.781
4,-75.0,0.0,-17.8693,-26.9618,-26.9036,95.479,77.37,43.113,58.781
1,-75.0,5.0,-16.247,-29.1835,-29.1357,-2.753,-0.021,185.062,62.276
2,-75.0,5.0,-16.247,-29.1838,-29.136,-2.754,-41.348,175.999,62.277
3,-75.0,5.0,-16.2471,-29.1837,-29.1359,-2.754,-83.687,159.99,62.277
4,-75.0,5.0,-16.2469,-29.1838,-29.136,97.556,75.882,38.445,62.277
1,-75.0,10.0,-14.6451,-31.4634,-31.4308,-7.591,2.188,186.173,65.99
2,-75.0,10.0,-14.6451,-31.4637,-31.4311,-7.592,-39.268,177.335,65.991
3,-75.0,10.0,-14.6451,-31.4637,-31.431,-7.592,-81.799,161.586,65.991
4,-75.0,10.0,-14.645,-31.4638,-31.4311,99.355,74.187,33.607,65.991
1,-75.0,15.0,-13.0742,-33.7942,-33.7832,-12.568,4.46,186.918,69.883
2,-75.0,15.0,-13.0742,-33.7945,-33.7835,-12.569,-37.085,178.313,69.884
3,-75.0,15.0,-13.0742,-33.7945,-33.7834,-12.569,-79.763,162.84,69.884
4,-75.0,15.0,-13.0741,-33.7946,-33.7835,100.832,72.306,28.63,69.884
1,-75.0,20.0,-11.5448,-36.1673,-36.1863,-17.644,6.76,187.268,73.915
2,-75.0,20.0,-11.5448,-36.1676,-36.1867,-17.645,-34.835,178.902,73.915
3,-75.0,20.0,-11.5449,-36.1675,-36.1867,-17.645,-77.609,163.718,73.915
4,-75.0,20.0,-11.5447,-36.1677,-36.1867,101.948,70.265,23.554,73.916
1,-75.0,25.0,-10.0671,-38.5717,-38.6322,-22.774,9.045,187.205,78.038
2,-75.0,25.0,-10.0671,-38.572,-38.6325,-22.775,-32.556,179.078,78.039
3,-75.0,25.0,-10.0672,-38.572,-38.6325,-22.776,-75.372,164.19,78.039
4,-75.0,25.0,-10.067,-38.5721,-38.6326,102.67,68.097,18.423,78.039
1,-75.0,30.0,-8.6512,-40.9938,-41.1101,-27.906,11.274,186.721,82.205
2,-75.0,30.0,-8.6512,-40.9942,-41.1104,-27.907,-30.288,178.83,82.205
3,-75.0,30.0,-8.6513,-40.9942,-41.1105,-27.907,-73.091,164.24,82.205
4,-75.0,30.0,-8.6511,-40.9943,-41.1106,102.978,65.836,13.292,82.206
1,-75.0,35.0,-7.3071,-43.4166,-43.6064,-32.978,13.408,185.822,86.36
2,-75.0,35.0,-7.3071,-43.4169,-43.6067,-32.979,-28.072,178.159,86.361
3,-75.0,35.0,-7.3071,-43.417,-43.6068,-32.979,-70.807,163.864,86.361
4,-75.0,35.0,-7.307,-43.4171,-43.6069,102.862,63.523,8.22,86.361
1,-75.0,40.0,-6.0445,-45.8184,-46.103,-37.922,15.407,184.531,90.448
2,-75.0,40.0,-6.0446,-45.8187,-46.1033,-37.923,-25.949,177.083,90.449
3,-75.0,40.0,-6.0446,-45.8188,-46.1034,-37.923,-68.561,163.075,90.449
4,-75.0,40.0,-6.0445,-45.8189,-46.1035,102.333,61.203,3.275,90.449
1,-75.0,45.0,-4.8733,-48.1723,-48.5763,-42.666,17.239,182.889,94.406
2,-75.0,45.0,-4.8734,-48.1727,-48.5767,-42.667,-23.955,175.642,94.407
3,-75.0,45.0,-4.8734,-48.1728,-48.5768,-42.668,-66.396,161.906,94.407
4,-75.0,45.0,-4.8732,-48.1729,-48.5769,101.416,58.92,-1.469,94.407
1,-75.0,50.0,-3.803,-50.4458,-50.9957,-47.132,18.876,180.96,98.17
2,-75.0,50.0,-3.8031,-50.4462,-50.9962,-47.134,-22.126,173.894,98.171
3,-75.0,50.0,-3.8031,-50.4463,-50.9962,-47.134,-64.355,160.412,98.171
4,-75.0,50.0,-3.803,-50.4465,-50.9964,100.163,56.722,-5.935,98.171
1,-75.0,55.0,-2.843,-52.5995,-53.3218,-51.241,20.297,178.83,101.672
2,-75.0,55.0,-2.8431,-52.5999,-53.3222,-51.242,-20.49,171.925,101.672
3,-75.0,55.0,-2.8431,-52.6,-53.3223,-51.242,-62.475,158.673,101.672
4,-75.0,55.0,-2.8429,-52.6002,-53.3226,98.648,54.658,-10.044,101.673
1,-75.0,60.0,-2.0024,-54.5873,-55.5047,-54.914,21.493,176.612,104.84
2,-75.0,60.0,-2.0024,-54.5877,-55.5052,-54.915,-19.069,169.843,104.841
3,-75.0,60.0,-2.0024,-54.5878,-55.5053,-54.915,-60.795,156.794,104.841
4,-75.0,60.0,-2.0023,-54.588,-55.5056,96.972,52.776,-13.716,104.841
1,-75.0,65.0,-1.2898,-56.3573,-57.4834,-58.078,22.459,174.437,107.604
2,-75.0,65.0,-1.2898,-56.3577,-57.4839,-58.079,-17.88,167.781,107.605
3,-75.0,65.0,-1.2898,-56.3579,-57.484,-58.079,-59.348,154.905,107.605
4,-75.0,65.0,-1.2897,-56.3581,-57.4844,95.258,51.124,-16.88,107.606
1,-75.0,70.0,-0.7134,-57.8533,-59.1863,-60.667,23.203,172.455,109.896
2,-75.0,70.0,-0.7134,-57.8538,-59.1869,-60.668,-16.934,165.888,109.897
3,-75.0,70.0,-0.7134,-57.8539,-59.1871,-60.668,-58.162,153.152,109.897
4,-75.0,70.0,-0.7133,-57.8542,-59.1874,93.651,49.747,-19.469,109.898
1,-75.0,75.0,-0.2806,-59.0186,-60.5353,-62.626,23.735,170.822,111.651
2,-75.0,75.0,-0.2807,-59.019,-60.5358,-62.627,-16.234,164.32,111.652
3,-75.0,75.0,-0.2807,-59.0192,-60.536,-62.627,-57.263,151.688,111.652
4,-75.0,75.0,-0.2806,-59.0195,-60.5364,92.298,48.688,-21.428,111.653
1,-75.0,80.0,0.002,-59.8008,-61.4533,-63.911,24.069,169.683,112.814
2,-75.0,80.0,0.002,-59.8013,-61.4538,-63.912,-15.782,163.221,112.815
3,-75.0,80.0,0.002,-59.8015,-61.454,-63.912,-56.672,150.658,112.815
4,-75.0,80.0,0.0021,-59.8017,-61.4545,91.341,47.985,-22.713,112.816
1,-75.0,85.0,0.1292,-60.1586,-61.8768,-64.49,24.216,169.15,113.342
2,-75.0,85.0,0.1291,-60.1591,-61.8774,-64.491,-15.581,162.707,113.343
3,-75.0,85.0,0.1291,-60.1593,-61.8776,-64.492,-56.405,150.174,113.343
4,-75.0,85.0,0.1293,-60.1595,-61.878,90.891,47.665,-23.293,113.343
1,-75.0,90.0,0.0971,-60.0678,-61.7691,-64.344,24.179,169.286,113.208
2,-75.0,90.0,0.097,-60.0682,-61.7696,-64.345,-15.632,162.838,113.209
3,-75.0,90.0,0.097,-60.0684,-61.7699,-64.345,-56.473,150.298,113.209
4,-75.0,90.0,0.0971,-60.0687,-61.7703,91.006,47.746,-23.146,113.21
1,-70.0,-90.0,-37.0701,-2.6751,-2.6477,45.006,-12.577,150.516,37.698
2,-70.0,-90.0,-37.07,-2.6753,-2.6479,45.005,-50.225,140.33,37.699
3,-70.0,-90.0,-37.0701,-2.6752,-2.6478,45.005,-87.832,123.467,37.699
4,-70.0,-90.0,-37.07,-2.6754,-2.648,60.8,75.867,86.205,37.699
1,-70.0,-85.0,-36.9353,-2.8249,-2.7963,44.807,-12.6,150.787,37.68
2,-70.0,-85.0,-36.9352,-2.8252,-2.7965,44.806,-50.276,140.598,37.681
3,-70.0,-85.0,-36.9353,-2.825,-2.7964,44.806,-87.918,123.726,37.681
4,-70.0,-85.0,-36.9351,-2.8252,-2.7966,61.046,75.982,86.005,37.681
1,-70.0,-80.0,-36.6577,-3.1335,-3.1023,44.393,-12.644,151.345,37.648
2,-70.0,-80.0,-36.6576,-3.1337,-3.1025,44.393,-50.378,141.148,37.649
3,-70.0,-80.0,-36.6577,-3.1336,-3.1024,44.393,-88.091,124.258,37.649
4,-70.0,-80.0,-36.6575,-3.1338,-3.1026,61.555,76.213,85.592,37.649
1,-70.0,-75.0,-36.2368,-3.601,-3.5663,43.758,-12.697,152.188,37.614
2,-70.0,-75.0,-36.2368,-3.6013,-3.5665,43.758,-50.519,141.981,37.614
3,-70.0,-75.0,-36.2369,-3.6011,-3.5664,43.758,-88.34,125.065,37.614
4,-70.0,-75.0,-36.2367,-3.6013,-3.5666,62.33,76.552,84.957,37.614
1,-70.0,-70.0,-35.6742,-4.2259,-4.1867,42.894,-12.746,153.311,37.594
2,-70.0,-70.0,-35.6741,-4.2262,-4.1869,42.894,-50.685,143.093,37.594
3,-70.0,-70.0,-35.6743,-4.2261,-4.1868,42.894,-88.649,126.146,37.595
4,-70.0,-70.0,-35.6741,-4.2262,-4.187,63.368,76.982,84.093,37.595
1,-70.0,-65.0,-34.9732,-5.0046,-4.9604,41.793,-12.77,154.703,37.614
2,-70.0,-65.0,-34.9732,-5.0049,-4.9606,41.792,-50.855,144.475,37.614
3,-70.0,-65.0,-34.9733,-5.0047,-4.9605,41.793,-88.998,127.494,37.614
4,-70.0,-65.0,-34.9731,-5.0049,-4.9607,64.668,77.481,82.992,37.615
1,-70.0,-60.0,-34.1392,-5.9318,-5.8823,40.447,-12.747,156.348,37.704
2,-70.0,-60.0,-34.1391,-5.9321,-5.8826,40.447,-51.003,146.113,37.704
3,-70.0,-60.0,-34.1392,-5.9319,-5.8825,40.447,-89.359,129.099,37.704
4,-70.0,-60.0,-34.139,-5.9321,-5.8826,66.222,78.021,81.646,37.705
1,-70.0,-55.0,-33.1791,-7.0009,-6.9462,38.849,-12.65,158.223,37.9
2,-70.0,-55.0,-33.1791,-7.0011,-6.9465,38.849,-51.103,147.988,37.9
3,-70.0,-55.0,-33.1792,-7.001,-6.9464,38.849,-89.703,130.945,37.9
4,-70.0,-55.0,-33.179,-7.0012,-6.9465,68.017,78.572,80.048,37.901
1,-70.0,-50.0,-32.1018,-8.2043,-8.1448,36.994,-12.455,160.301,38.242
2,-70.0,-50.0,-32.1017,-8.2045,-8.145,36.993,-51.126,150.075,38.243
3,-70.0,-50.0,-32.1018,-8.2044,-8.1449,36.993,-89.997,133.011,38.243
4,-70.0,-50.0,-32.1016,-8.2046,-8.1451,70.037,79.099,78.192,38.243
1,-70.0,-45.0,-30.9171,-9.5339,-9.4701,34.875,-12.134,162.55,38.773
2,-70.0,-45.0,-30.917,-9.5341,-9.4703,34.875,-51.042,152.345,38.773
3,-70.0,-45.0,-30.9171,-9.534,-9.4702,34.875,-90.211,135.273,38.773
4,-70.0,-45.0,-30.9169,-9.5342,-9.4704,72.26,79.566,76.074,38.774
1,-70.0,-40.0,-29.6359,-10.9815,-10.9141,32.49,-11.665,164.933,39.534
2,-70.0,-40.0,-29.6359,-10.9818,-10.9143,32.489,-50.825,154.763,39.534
3,-70.0,-40.0,-29.636,-10.9817,-10.9142,32.489,-90.311,137.699,39.534
4,-70.0,-40.0,-29.6358,-10.9818,-10.9144,74.659,79.941,73.688,39.535
1,-70.0,-35.0,-28.2699,-12.5393,-12.469,29.836,-11.028,167.408,40.563
2,-70.0,-35.0,-28.2699,-12.5395,-12.4692,29.836,-50.45,157.292,40.563
3,-70.0,-35.0,-28.27,-12.5394,-12.4691,29.836,-90.269,140.254,40.563
4,-70.0,-35.0,-28.2698,-12.5396,-12.4693,77.203,80.189,71.035,40.563
1,-70.0,-30.0,-26.8311,-14.1996,-14.1273,26.914,-10.208,169.933,41.891
2,-70.0,-30.0,-26.831,-14.1998,-14.1275,26.913,-49.898,159.888,41.891
3,-70.0,-30.0,-26.8311,-14.1997,-14.1274,26.913,-90.061,142.901,41.891
4,-70.0,-30.0,-26.8309,-14.1999,-14.1275,79.856,80.281,68.112,41.891
1,-70.0,-25.0,-25.3315,-15.9555,-15.882,23.724,-9.193,172.46,43.54
2,-70.0,-25.0,-25.3315,-15.9557,-15.8822,23.723,-49.153,162.508,43.541
3,-70.0,-25.0,-25.3316,-15.9556,-15.8821,23.723,-89.664,145.595,43.541
4,-70.0,-25.0,-25.3314,-15.9558,-15.8823,82.578,80.192,64.922,43.541
1,-70.0,-20.0,-23.7834,-17.8006,-17.7269,20.271,-7.979,174.943,45.523
2,-70.0,-20.0,-23.7834,-17.8009,-17.7271,20.27,-48.205,165.104,45.524
3,-70.0,-20.0,-23.7835,-17.8008,-17.727,20.27,-89.063,148.293,45.524
4,-70.0,-20.0,-23.7833,-17.8009,-17.7271,85.326,79.9,61.469,45.524
1,-70.0,-15.0,-22.1989,-19.7293,-19.6563,16.56,-6.568,177.332,47.842
2,-70.0,-15.0,-22.1988,-19.7295,-19.6565,16.56,-47.051,167.627,47.842
3,-70.0,-15.0,-22.1989,-19.7295,-19.6564,16.56,-88.249,150.945,47.842
4,-70.0,-15.0,-22.1988,-19.7296,-19.6565,88.053,79.391,57.759,47.843
1,-70.0,-10.0,-20.5897,-21.7361,-21.665,12.602,-4.967,179.578,50.488
2,-70.0,-10.0,-20.5896,-21.7363,-21.6653,12.601,-45.693,170.028,50.488
3,-70.0,-10.0,-20.5897,-21.7362,-21.6652,12.601,-87.216,153.503,50.488
4,-70.0,-10.0,-20.5895,-21.7364,-21.6653,90.711,78.655,53.8,50.488
1,-70.0,-5.0,-18.9674,-23.8158,-23.7483,8.406,-3.189,181.632,53.443
2,-70.0,-5.0,-18.9673,-23.8161,-23.7486,8.406,-44.14,172.258,53.444
3,-70.0,-5.0,-18.9674,-23.816,-23.7485,8.406,-85.967,155.916,53.444
4,-70.0,-5.0,-18.9673,-23.8161,-23.7486,93.25,77.687,49.605,53.444
1,-70.0,0.0,-17.3433,-25.9634,-25.9017,3.991,-1.254,183.45,56.685
2,-70.0,0.0,-17.3433,-25.9637,-25.902,3.99,-42.406,174.267,56.685
3,-70.0,0.0,-17.3433,-25.9636,-25.9019,3.99,-84.51,158.134,56.685
4,-70.0,0.0,-17.3432,-25.9638,-25.902,95.619,76.49,45.189,56.685
1,-70.0,5.0,-15.7285,-28.1734,-28.1205,-0.624,0.812,184.985,60.182
2,-70.0,5.0,-15.7285,-28.1737,-28.1207,-0.625,-40.512,176.01,60.182
3,-70.0,5.0,-15.7286,-28.1737,-28.1207,-0.625,-82.859,160.11,60.182
4,-70.0,5.0,-15.7284,-28.1738,-28.1208,97.769,75.074,40.574,60.182
1,-70.0,10.0,-14.1338,-30.4397,-30.3996,-5.414,2.98,186.199,63.899
2,-70.0,10.0,-14.1338,-30.44,-30.3999,-5.415,-38.483,177.444,63.9
3,-70.0,10.0,-14.1338,-30.44,-30.3999,-5.415,-81.035,161.796,63.9
4,-70.0,10.0,-14.1337,-30.4401,-30.4,99.651,73.452,35.784,63.9
1,-70.0,15.0,-12.5697,-32.7551,-32.7335,-10.347,5.215,187.056,67.799
2,-70.0,15.0,-12.5697,-32.7554,-32.7338,-10.347,-36.349,178.529,67.799
3,-70.0,15.0,-12.5698,-32.7553,-32.7338,-10.348,-79.062,163.151,67.799
4,-70.0,15.0,-12.5696,-32.7554,-32.7339,101.22,71.645,30.851,67.8
1,-70.0,20.0,-11.0467,-35.1106,-35.1151,-15.384,7.479,187.528,71.837
2,-70.0,20.0,-11.0467,-35.1109,-35.1154,-15.385,-34.147,179.236,71.838
3,-70.0,20.0,-11.0467,-35.1109,-35.1154,-15.385,-76.97,164.139,71.838
4,-70.0,20.0,-11.0466,-35.1111,-35.1155,102.438,69.678,25.814,71.838
1,-70.0,25.0,-9.5748,-37.4955,-37.5359,-20.481,9.732,187.597,75.968
2,-70.0,25.0,-9.5748,-37.4958,-37.5363,-20.482,-31.913,179.54,75.968
3,-70.0,25.0,-9.5748,-37.4958,-37.5363,-20.482,-74.795,164.732,75.968
4,-70.0,25.0,-9.5747,-37.4959,-37.5364,103.274,67.584,20.717,75.969
1,-70.0,30.0,-8.1642,-39.8959,-39.9849,-25.586,11.934,187.254,80.141
2,-70.0,30.0,-8.1642,-39.8962,-39.9852,-25.587,-29.688,179.429,80.142
3,-70.0,30.0,-8.1643,-39.8962,-39.9852,-25.587,-72.574,164.912,80.142
4,-70.0,30.0,-8.1642,-39.8963,-39.9854,103.704,65.398,15.612,80.142
1,-70.0,35.0,-6.8249,-42.2945,-42.4478,-30.638,14.043,186.505,84.303
2,-70.0,35.0,-6.8249,-42.2949,-42.4481,-30.639,-27.512,178.904,84.304
3,-70.0,35.0,-6.8249,-42.2949,-42.4481,-30.639,-70.348,164.676,84.304
4,-70.0,35.0,-6.8248,-42.295,-42.4483,103.721,63.16,10.56,84.304
1,-70.0,40.0,-5.5667,-44.6699,-44.9061,-35.57,16.023,185.371,88.396
2,-70.0,40.0,-5.5667,-44.6702,-44.9065,-35.571,-25.425,177.983,88.397
3,-70.0,40.0,-5.5667,-44.6703,-44.9065,-35.571,-68.159,164.035,88.397
4,-70.0,40.0,-5.5666,-44.6704,-44.9067,103.333,60.912,5.628,88.397
1,-70.0,45.0,-4.3992,-46.9954,-47.336,-40.308,17.838,183.892,92.359
2,-70.0,45.0,-4.3992,-46.9958,-47.3364,-40.309,-23.464,176.702,92.359
3,-70.0,45.0,-4.3992,-46.9958,-47.3365,-40.31,-66.048,163.021,92.359
4,-70.0,45.0,-4.3991,-46.996,-47.3367,102.564,58.7,0.889,92.36
1,-70.0,50.0,-3.332,-49.2386,-49.7069,-44.776,19.462,182.129,96.126
2,-70.0,50.0,-3.332,-49.239,-49.7073,-44.777,-21.665,175.119,96.126
3,-70.0,50.0,-3.3321,-49.2391,-49.7074,-44.778,-64.057,161.686,96.126
4,-70.0,50.0,-3.3319,-49.2393,-49.7076,101.463,56.571,-3.579,96.127
1,-70.0,55.0,-2.3745,-51.361,-51.9797,-48.894,20.875,180.167,99.629
2,-70.0,55.0,-2.3746,-51.3614,-51.9801,-48.895,-20.055,173.314,99.63
3,-70.0,55.0,-2.3746,-51.3615,-51.9802,-48.895,-62.225,160.107,99.63
4,-70.0,55.0,-2.3745,-51.3617,-51.9805,100.101,54.572,-7.696,99.631
1,-70.0,60.0,-1.5358,-53.3175,-54.1059,-52.582,22.065,178.111,102.8
2,-70.0,60.0,-1.5358,-53.3179,-54.1064,-52.583,-18.657,171.394,102.8
3,-70.0,60.0,-1.5358,-53.318,-54.1065,-52.583,-60.589,158.386,102.801
4,-70.0,60.0,-1.5357,-53.3182,-54.1068,98.576,52.751,-11.384,102.801
1,-70.0,65.0,-0.8244,-55.0577,-56.027,-55.765,23.029,176.088,105.566
2,-70.0,65.0,-0.8244,-55.0581,-56.0275,-55.766,-17.486,169.483,105.567
3,-70.0,65.0,-0.8244,-55.0582,-56.0277,-55.766,-59.179,156.644,105.567
4,-70.0,65.0,-0.8243,-55.0584,-56.028,97.005,51.153,-14.567,105.567
1,-70.0,70.0,-0.2485,-56.5273,-57.6754,-58.376,23.772,174.241,107.86
2,-70.0,70.0,-0.2486,-56.5277,-57.6759,-58.377,-16.554,167.724,107.861
3,-70.0,70.0,-0.2486,-56.5278,-57.676,-58.377,-58.025,155.021,107.861
4,-70.0,70.0,-0.2485,-56.5281,-57.6764,95.524,49.823,-17.178,107.862
1,-70.0,75.0,0.1844,-57.6718,-58.9781,-60.357,24.306,172.716,109.619
2,-70.0,75.0,0.1844,-57.6723,-58.9786,-60.358,-15.864,166.263,109.62
3,-70.0,75.0,0.1844,-57.6724,-58.9788,-60.358,-57.15,153.663,109.62
4,-70.0,75.0,0.1845,-57.6727,-58.9792,94.273,48.8,-19.159,109.62
1,-70.0,80.0,0.468,-58.4414,-59.8645,-61.662,24.642,171.648,110.787
2,-70.0,80.0,0.4679,-58.4418,-59.865,-61.663,-15.418,165.236,110.787
3,-70.0,80.0,0.4679,-58.442,-59.8652,-61.663,-56.574,152.703,110.788
4,-70.0,80.0,0.468,-58.4423,-59.8656,93.384,48.119,-20.464,110.788
1,-70.0,85.0,0.5967,-58.7965,-60.2765,-62.256,24.791,171.144,111.322
2,-70.0,85.0,0.5967,-58.7969,-60.2771,-62.257,-15.218,164.751,111.322
3,-70.0,85.0,0.5967,-58.7971,-60.2773,-62.258,-56.312,152.248,111.322
4,-70.0,85.0,0.5968,-58.7974,-60.2777,92.962,47.807,-21.059,111.323
1,-70.0,90.0,0.5669,-58.7139,-60.1804,-62.118,24.756,171.262,111.197
2,-70.0,90.0,0.5668,-58.7142,-60.1809,-62.119,-15.264,164.864,111.198
3,-70.0,90.0,0.5668,-58.7144,-60.1811,-62.12,-56.373,152.354,111.198
4,-70.0,90.0,0.5669,-58.7147,-60.1816,93.061,47.879,-20.921,111.199
1,-65.0,-90.0,-36.2555,-1.5662,-1.549,46.448,-10.874,149.647,36.154
2,-65.0,-90.0,-36.2555,-1.5664,-1.5492,46.448,-48.441,139.644,36.154
3,-65.0,-90.0,-36.2556,-1.5663,-1.549,46.448,-85.974,123.02,36.154
4,-65.0,-90.0,-36.2554,-1.5665,-1.5492,60.565,73.97,87.647,36.154
1,-65.0,-85.0,-36.1227,-1.7148,-1.6962,46.258,-10.901,149.917,36.122
2,-65.0,-85.0,-36.1227,-1.715,-1.6964,46.258,-48.495,139.91,36.122
3,-65.0,-85.0,-36.1228,-1.7149,-1.6962,46.258,-86.063,123.277,36.122
4,-65.0,-85.0,-36.1226,-1.7151,-1.6964,60.81,74.087,87.457,36.122
1,-65.0,-80.0,-35.8485,-2.0216,-2.0001,45.863,-10.951,150.475,36.061
2,-65.0,-80.0,-35.8484,-2.0218,-2.0003,45.862,-48.603,140.46,36.061
3,-65.0,-80.0,-35.8485,-2.0217,-2.0001,45.862,-86.241,123.807,36.061
4,-65.0,-80.0,-35.8484,-2.0219,-2.0003,61.317,74.325,87.061,36.062
1,-65.0,-75.0,-35.4324,-2.4869,-2.4611,45.255,-11.014,151.319,35.983
2,-65.0,-75.0,-35.4323,-2.4871,-2.4614,45.254,-48.754,141.293,35.983
3,-65.0,-75.0,-35.4324,-2.487,-2.4612,45.254,-86.5,124.614,35.983
4,-65.0,-75.0,-35.4323,-2.4872,-2.4614,62.089,74.673,86.453,35.984
1,-65.0,-70.0,-34.8759,-3.109,-3.078,44.426,-11.077,152.445,35.906
2,-65.0,-70.0,-34.8758,-3.1092,-3.0783,44.426,-48.934,142.406,35.907
3,-65.0,-70.0,-34.8759,-3.1091,-3.0781,44.426,-86.824,125.694,35.907
4,-65.0,-70.0,-34.8757,-3.1093,-3.0783,63.126,75.117,85.625,35.907
1,-65.0,-65.0,-34.1821,-3.8843,-3.8475,43.369,-11.119,153.842,35.856
2,-65.0,-65.0,-34.1821,-3.8846,-3.8477,43.368,-49.122,143.79,35.856
3,-65.0,-65.0,-34.1822,-3.8844,-3.8476,43.368,-87.19,127.042,35.856
4,-65.0,-65.0,-34.182,-3.8846,-3.8478,64.424,75.634,84.567,35.857
1,-65.0,-60.0,-33.3564,-4.8076,-4.7646,42.074,-11.117,155.493,35.865
2,-65.0,-60.0,-33.3563,-4.8079,-4.7648,42.074,-49.293,145.433,35.865
3,-65.0,-60.0,-33.3564,-4.8077,-4.7647,42.074,-87.574,128.648,35.865
4,-65.0,-60.0,-33.3563,-4.8079,-4.7649,65.976,76.197,83.273,35.865
1,-65.0,-55.0,-32.4056,-5.8723,-5.8231,40.535,-11.047,157.378,35.971
2,-65.0,-55.0,-32.4055,-5.8725,-5.8233,40.534,-49.42,147.315,35.971
3,-65.0,-55.0,-32.4056,-5.8724,-5.8232,40.534,-87.946,130.498,35.971
4,-65.0,-55.0,-32.4055,-5.8726,-5.8234,67.772,76.776,81.733,35.971
1,-65.0,-50.0,-31.3381,-7.0707,-7.0157,38.743,-10.881,159.47,36.217
2,-65.0,-50.0,-31.3381,-7.0709,-7.016,38.743,-49.474,149.413,36.218
3,-65.0,-50.0,-31.3382,-7.0708,-7.0159,38.743,-88.274,132.571,36.218
4,-65.0,-50.0,-31.338,-7.071,-7.016,69.794,77.336,79.942,36.218
1,-65.0,-45.0,-30.1638,-8.3948,-8.3346,36.695,-10.595,161.738,36.651
2,-65.0,-45.0,-30.1638,-8.395,-8.3348,36.694,-49.427,151.698,36.651
3,-65.0,-45.0,-30.1638,-8.3949,-8.3347,36.694,-88.525,134.842,36.651
4,-65.0,-45.0,-30.1637,-8.3951,-8.3349,72.023,77.843,77.893,36.652
1,-65.0,-40.0,-28.8933,-9.8363,-9.7717,34.383,-10.165,164.145,37.317
2,-65.0,-40.0,-28.8933,-9.8365,-9.7719,34.383,-49.25,154.137,37.318
3,-65.0,-40.0,-28.8934,-9.8364,-9.7718,34.383,-88.668,137.283,37.318
4,-65.0,-40.0,-28.8932,-9.8366,-9.7719,74.432,78.262,75.582,37.318
1,-65.0,-35.0,-27.5381,-11.3872,-11.319,31.807,-9.57,166.651,38.258
2,-65.0,-35.0,-27.5381,-11.3874,-11.3192,31.807,-48.921,156.692,38.258
3,-65.0,-35.0,-27.5382,-11.3873,-11.3191,31.807,-88.675,139.859,38.258
4,-65.0,-35.0,-27.538,-11.3875,-11.3192,76.99,78.56,73.006,38.259
1,-65.0,-30.0,-26.11,-13.0399,-12.9689,28.965,-8.795,169.214,39.508
2,-65.0,-30.0,-26.11,-13.0401,-12.9691,28.964,-48.417,159.322,39.508
3,-65.0,-30.0,-26.11,-13.04,-12.969,28.964,-88.519,142.532,39.508
4,-65.0,-30.0,-26.1099,-13.0402,-12.9692,79.664,78.708,70.163,39.508
1,-65.0,-25.0,-24.621,-14.7872,-14.7144,25.857,-7.827,171.789,41.091
2,-65.0,-25.0,-24.621,-14.7875,-14.7147,25.856,-47.724,161.983,41.091
3,-65.0,-25.0,-24.6211,-14.7874,-14.7146,25.856,-88.18,145.261,41.091
4,-65.0,-25.0,-24.6209,-14.7875,-14.7147,82.414,78.679,67.056,41.092
1,-65.0,-20.0,-23.0833,-16.6228,-16.5491,22.487,-6.663,174.327,43.021
2,-65.0,-20.0,-23.0832,-16.623,-16.5493,22.486,-46.832,164.629,43.021
3,-65.0,-20.0,-23.0833,-16.623,-16.5493,22.486,-87.64,148.001,43.021
4,-65.0,-20.0,-23.0831,-16.6231,-16.5494,85.197,78.453,63.685,43.022
1,-65.0,-15.0,-21.5086,-18.5407,-18.467,18.859,-5.302,176.781,45.299
2,-65.0,-15.0,-21.5086,-18.5409,-18.4673,18.858,-45.735,167.212,45.3
3,-65.0,-15.0,-21.5086,-18.5408,-18.4672,18.858,-86.89,150.705,45.3
4,-65.0,-15.0,-21.5085,-18.541,-18.4673,87.969,78.014,60.057,45.3
1,-65.0,-10.0,-19.9089,-20.5352,-20.4629,14.982,-3.752,179.103,47.916
2,-65.0,-10.0,-19.9089,-20.5355,-20.4631,14.981,-44.436,169.683,47.917
3,-65.0,-10.0,-19.9089,-20.5354,-20.463,14.981,-85.924,153.325,47.917
4,-65.0,-10.0,-19.9088,-20.5355,-20.4631,90.681,77.351,56.18,47.917
1,-65.0,-5.0,-18.2956,-22.6013,-22.5315,10.867,-2.025,181.245,50.853
2,-65.0,-5.0,-18.2956,-22.6015,-22.5317,10.866,-42.942,171.994,50.854
3,-65.0,-5.0,-18.2957,-22.6014,-22.5317,10.866,-84.745,155.811,50.853
4,-65.0,-5.0,-18.2955,-22.6016,-22.5318,93.284,76.461,52.065,50.854
1,-65.0,0.0,-16.6801,-24.7334,-24.6681,6.529,-0.14,183.161,54.083
2,-65.0,0.0,-16.6801,-24.7337,-24.6684,6.529,-41.268,174.096,54.084
3,-65.0,0.0,-16.6801,-24.7336,-24.6683,6.529,-83.36,158.114,54.084
4,-65.0,0.0,-16.68,-24.7337,-24.6684,95.729,75.345,47.728,54.084
1,-65.0,5.0,-15.0733,-26.926,-26.8677,1.989,1.878,184.807,57.575
2,-65.0,5.0,-15.0733,-26.9263,-26.868,1.988,-39.433,175.944,57.576
3,-65.0,5.0,-15.0733,-26.9262,-26.8679,1.988,-81.781,160.185,57.576
4,-65.0,5.0,-15.0732,-26.9264,-26.868,97.966,74.011,43.187,57.576
1,-65.0,10.0,-13.486,-29.1728,-29.125,-2.731,4.0,186.144,61.292
2,-65.0,10.0,-13.4859,-29.1731,-29.1252,-2.731,-37.462,177.495,61.292
3,-65.0,10.0,-13.486,-29.173,-29.1252,-2.731,-80.03,161.981,61.292
4,-65.0,10.0,-13.4859,-29.1732,-29.1253,99.948,72.474,38.468,61.293
1,-65.0,15.0,-11.9287,-31.4664,-31.4337,-7.597,6.192,187.136,65.192
2,-65.0,15.0,-11.9287,-31.4666,-31.434,-7.598,-35.386,178.712,65.193
3,-65.0,15.0,-11.9287,-31.4666,-31.434,-7.598,-78.13,163.457,65.193
4,-65.0,15.0,-11.9286,-31.4667,-31.4341,101.63,70.754,33.6,65.193
1,-65.0,20.0,-10.4119,-33.7977,-33.7866,-12.575,8.417,187.757,69.233
2,-65.0,20.0,-10.4119,-33.7979,-33.7869,-12.576,-33.238,179.562,69.233
3,-65.0,20.0,-10.4119,-33.7979,-33.7869,-12.576,-76.111,164.58,69.233
4,-65.0,20.0,-10.4118,-33.7981,-33.787,102.974,68.875,28.623,69.234
1,-65.0,25.0,-8.9457,-36.1556,-36.1746,-17.619,10.635,187.986,73.366
2,-65.0,25.0,-8.9457,-36.1559,-36.1748,-17.62,-31.056,180.021,73.367
3,-65.0,25.0,-8.9457,-36.1559,-36.1748,-17.62,-74.008,165.321,73.367
4,-65.0,25.0,-8.9456,-36.1561,-36.175,103.949,66.869,23.579,73.367
1,-65.0,30.0,-7.5402,-38.5264,-38.586,-22.678,12.806,187.816,77.542
2,-65.0,30.0,-7.5402,-38.5267,-38.5863,-22.679,-28.879,180.079,77.542
3,-65.0,30.0,-7.5402,-38.5267,-38.5863,-22.679,-71.858,165.662,77.542
4,-65.0,30.0,-7.5401,-38.5269,-38.5865,104.531,64.771,18.52,77.543
1,-65.0,35.0,-6.2053,-40.8927,-41.0063,-27.693,14.889,187.251,81.705
2,-65.0,35.0,-6.2053,-40.893,-41.0066,-27.693,-26.749,179.734,81.706
3,-65.0,35.0,-6.2054,-40.893,-41.0066,-27.694,-69.7,165.598,81.706
4,-65.0,35.0,-6.2053,-40.8932,-41.0068,104.711,62.62,13.505,81.706
1,-65.0,40.0,-4.9509,-43.2331,-43.4165,-32.596,16.846,186.31,85.799
2,-65.0,40.0,-4.9509,-43.2334,-43.4169,-32.597,-24.703,179.003,85.8
3,-65.0,40.0,-4.9509,-43.2334,-43.4169,-32.597,-67.577,165.14,85.8
4,-65.0,40.0,-4.9508,-43.2336,-43.4171,104.497,60.459,8.602,85.8
1,-65.0,45.0,-3.7866,-45.5212,-45.7927,-37.316,18.645,185.031,89.762
2,-65.0,45.0,-3.7866,-45.5215,-45.7931,-37.317,-22.781,177.92,89.762
3,-65.0,45.0,-3.7866,-45.5216,-45.7931,-37.317,-65.529,164.317,89.762
4,-65.0,45.0,-3.7866,-45.5218,-45.7933,103.911,58.331,3.882,89.763
1,-65.0,50.0,-2.722,-47.7253,-48.1043,-41.774,20.257,183.474,93.528
2,-65.0,50.0,-2.722,-47.7256,-48.1046,-41.775,-21.015,176.539,93.528
3,-65.0,50.0,-2.722,-47.7257,-48.1047,-41.775,-63.598,163.179,93.528
4,-65.0,50.0,-2.7219,-47.7259,-48.1049,102.998,56.284,-0.577,93.529
1,-65.0,55.0,-1.7664,-49.8075,-50.313,-45.891,21.662,181.716,97.03
2,-65.0,55.0,-1.7664,-49.8078,-50.3134,-45.892,-19.434,174.938,97.031
3,-65.0,55.0,-1.7664,-49.8079,-50.3135,-45.892,-61.822,161.798,97.031
4,-65.0,55.0,-1.7663,-49.8081,-50.3137,101.827,54.362,-4.694,97.031
1,-65.0,60.0,-0.9288,-51.7243,-52.372,-49.587,22.848,179.859,100.199
2,-65.0,60.0,-0.9289,-51.7246,-52.3725,-49.588,-18.061,173.215,100.199
3,-65.0,60.0,-0.9289,-51.7247,-52.3726,-49.588,-60.235,160.269,100.2
4,-65.0,60.0,-0.9288,-51.725,-52.3728,100.487,52.613,-8.389,100.2
1,-65.0,65.0,-0.2179,-53.427,-54.2259,-52.785,23.811,178.023,102.964
2,-65.0,65.0,-0.218,-53.4274,-54.2263,-52.786,-16.911,171.489,102.965
3,-65.0,65.0,-0.218,-53.4275,-54.2265,-52.786,-58.87,158.708,102.965
4,-65.0,65.0,-0.2179,-53.4277,-54.2268,99.091,51.08,-11.587,102.966
1,-65.0,70.0,0.3581,-54.8638,-55.8114,-55.415,24.556,176.339,105.259
2,-65.0,70.0,0.3581,-54.8642,-55.8119,-55.416,-15.994,169.892,105.26
3,-65.0,70.0,0.3581,-54.8643,-55.812,-55.416,-57.752,157.244,105.26
4,-65.0,70.0,0.3582,-54.8646,-55.8124,97.763,49.803,-14.218,105.26
1,-65.0,75.0,0.7919,-55.9829,-57.0618,-57.417,25.093,174.944,107.02
2,-65.0,75.0,0.7919,-55.9833,-57.0622,-57.418,-15.314,168.561,107.021
3,-65.0,75.0,0.7919,-55.9834,-57.0624,-57.419,-56.905,156.014,107.021
4,-65.0,75.0,0.792,-55.9837,-57.0628,96.636,48.822,-16.22,107.021
1,-65.0,80.0,1.077,-56.737,-57.9128,-58.743,25.433,173.964,108.193
2,-65.0,80.0,1.077,-56.7374,-57.9133,-58.744,-14.874,167.622,108.194
3,-65.0,80.0,1.077,-56.7376,-57.9135,-58.744,-56.346,155.139,108.194
4,-65.0,80.0,1.0771,-56.7379,-57.9138,95.831,48.168,-17.545,108.195
1,-65.0,85.0,1.2081,-57.0889,-58.3124,-59.354,25.585,173.495,108.737
2,-65.0,85.0,1.208,-57.0893,-58.3128,-59.355,-14.673,167.172,108.737
3,-65.0,85.0,1.208,-57.0894,-58.313,-59.355,-56.088,154.719,108.738
4,-65.0,85.0,1.2081,-57.0897,-58.3134,95.443,47.864,-18.156,108.738
1,-65.0,90.0,1.1811,-57.0161,-58.2296,-59.228,25.554,173.593,108.625
2,-65.0,90.0,1.181,-57.0165,-58.2301,-59.229,-14.714,167.265,108.625
3,-65.0,90.0,1.181,-57.0167,-58.2303,-59.229,-56.141,154.807,108.625
4,-65.0,90.0,1.1811,-57.017,-58.2307,95.524,47.927,-18.03,108.626
1,-60.0,-90.0,-35.3025,-0.2939,-0.2904,48.031,-8.92,148.576,34.522
2,-60.0,-90.0,-35.3024,-0.2941,-0.2906,48.031,-46.385,138.784,34.523
3,-60.0,-90.0,-35.3025,-0.294,-0.2904,48.031,-83.824,122.435,34.523
4,-60.0,-90.0,-35.3023,-0.2942,-0.2906,60.228,71.768,89.23,34.523
1,-60.0,-85.0,-35.1717,-0.4412,-0.436,47.852,-8.95,148.846,34.473
2,-60.0,-85.0,-35.1716,-0.4414,-0.4362,47.851,-46.442,139.049,34.473
3,-60.0,-85.0,-35.1717,-0.4413,-0.4361,47.851,-83.915,122.691,34.473
4,-60.0,-85.0,-35.1716,-0.4415,-0.4363,60.471,71.887,89.051,34.474
1,-60.0,-80.0,-34.901,-0.746,-0.7373,47.477,-9.006,149.404,34.377
2,-60.0,-80.0,-34.901,-0.7462,-0.7375,47.477,-46.557,139.598,34.377
3,-60.0,-80.0,-34.9011,-0.7461,-0.7374,47.477,-84.1,123.22,34.377
4,-60.0,-80.0,-34.9009,-0.7463,-0.7376,60.976,72.131,88.676,34.377
1,-60.0,-75.0,-34.49,-1.2085,-1.1949,46.901,-9.079,150.249,34.244
2,-60.0,-75.0,-34.49,-1.2087,-1.1951,46.9,-46.718,140.431,34.244
3,-60.0,-75.0,-34.4901,-1.2086,-1.195,46.9,-84.368,124.025,34.245
4,-60.0,-75.0,-34.4899,-1.2088,-1.1952,61.745,72.489,88.1,34.245
1,-60.0,-70.0,-33.94,-1.8271,-1.8073,46.114,-9.155,151.377,34.095
2,-60.0,-70.0,-33.94,-1.8273,-1.8075,46.113,-46.911,141.544,34.095
3,-60.0,-70.0,-33.9401,-1.8271,-1.8074,46.113,-84.706,125.103,34.095
4,-60.0,-70.0,-33.9399,-1.8273,-1.8076,62.779,72.946,87.313,34.095
1,-60.0,-65.0,-33.2542,-2.5981,-2.5714,45.108,-9.215,152.777,33.955
2,-60.0,-65.0,-33.2541,-2.5983,-2.5716,45.107,-47.117,142.931,33.955
3,-60.0,-65.0,-33.2542,-2.5982,-2.5714,45.107,-85.091,126.451,33.955
4,-60.0,-65.0,-33.2541,-2.5984,-2.5716,64.074,73.481,86.307,33.955
1,-60.0,-60.0,-32.4375,-3.5163,-3.4822,43.874,-9.235,154.435,33.858
2,-60.0,-60.0,-32.4374,-3.5165,-3.4824,43.873,-47.311,144.577,33.859
3,-60.0,-60.0,-32.4375,-3.5164,-3.4823,43.873,-85.498,128.058,33.859
4,-60.0,-60.0,-32.4374,-3.5166,-3.4825,65.625,74.067,85.073,33.859
1,-60.0,-55.0,-31.4966,-4.5752,-4.5337,42.404,-9.192,156.33,33.847
2,-60.0,-55.0,-31.4966,-4.5754,-4.5339,42.403,-47.465,146.466,33.847
3,-60.0,-55.0,-31.4967,-4.5753,-4.5337,42.403,-85.897,129.911,33.847
4,-60.0,-55.0,-31.4965,-4.5755,-4.5339,67.421,74.674,83.602,33.848
1,-60.0,-50.0,-30.4399,-5.767,-5.7184,40.689,-9.057,158.435,33.968
2,-60.0,-50.0,-30.4399,-5.7672,-5.7186,40.689,-47.552,148.574,33.968
3,-60.0,-50.0,-30.4399,-5.7671,-5.7185,40.689,-86.258,131.99,33.968
4,-60.0,-50.0,-30.4398,-5.7673,-5.7187,69.445,75.268,81.888,33.969
1,-60.0,-45.0,-29.2768,-7.0838,-7.0287,38.724,-8.807,160.722,34.273
2,-60.0,-45.0,-29.2768,-7.084,-7.029,38.723,-47.542,150.874,34.273
3,-60.0,-45.0,-29.2769,-7.0839,-7.0289,38.723,-86.549,134.271,34.273
4,-60.0,-45.0,-29.2767,-7.084,-7.029,71.679,75.815,79.922,34.273
1,-60.0,-40.0,-28.0179,-8.5171,-8.4565,36.502,-8.417,163.154,34.812
2,-60.0,-40.0,-28.0178,-8.5173,-8.4567,36.501,-47.408,153.334,34.812
3,-60.0,-40.0,-28.0179,-8.5172,-8.4566,36.501,-86.737,136.727,34.812
4,-60.0,-40.0,-28.0178,-8.5173,-8.4567,74.098,76.28,77.7,34.812
1,-60.0,-35.0,-26.6743,-10.0588,-9.9936,34.019,-7.866,165.693,35.632
2,-60.0,-35.0,-26.6742,-10.0591,-9.9938,34.019,-47.126,155.916,35.633
3,-60.0,-35.0,-26.6743,-10.059,-9.9937,34.019,-86.794,139.325,35.633
4,-60.0,-35.0,-26.6742,-10.0591,-9.9939,76.672,76.63,75.218,35.633
1,-60.0,-30.0,-25.2577,-11.7014,-11.6325,31.275,-7.138,168.296,36.774
2,-60.0,-30.0,-25.2577,-11.7016,-11.6327,31.274,-46.673,158.582,36.775
3,-60.0,-30.0,-25.2578,-11.7015,-11.6326,31.274,-86.694,142.026,36.775
4,-60.0,-30.0,-25.2576,-11.7016,-11.6328,79.368,76.837,72.473,36.775
1,-60.0,-25.0,-23.7801,-13.4374,-13.3659,28.267,-6.221,170.92,38.266
2,-60.0,-25.0,-23.78,-13.4376,-13.3661,28.266,-46.036,161.287,38.266
3,-60.0,-25.0,-23.7801,-13.4375,-13.366,28.266,-86.414,144.792,38.266
4,-60.0,-25.0,-23.78,-13.4377,-13.3662,82.148,76.872,69.465,38.266
1,-60.0,-20.0,-22.2532,-15.2603,-15.1872,24.998,-5.109,173.519,40.121
2,-60.0,-20.0,-22.2532,-15.2605,-15.1874,24.998,-45.201,163.988,40.122
3,-60.0,-20.0,-22.2532,-15.2605,-15.1873,24.998,-85.94,147.578,40.122
4,-60.0,-20.0,-22.2531,-15.2606,-15.1875,84.97,76.716,66.197,40.122
1,-60.0,-15.0,-20.6891,-17.1641,-17.0903,21.473,-3.802,176.044,42.342
2,-60.0,-15.0,-20.689,-17.1643,-17.0905,21.473,-44.165,166.636,42.343
3,-60.0,-15.0,-20.6891,-17.1642,-17.0904,21.473,-85.258,150.339,42.343
4,-60.0,-15.0,-20.689,-17.1643,-17.0905,87.79,76.352,62.672,42.343
1,-60.0,-10.0,-19.0993,-19.1429,-19.0695,17.699,-2.305,178.45,44.917
2,-60.0,-10.0,-19.0993,-19.1431,-19.0697,17.698,-42.929,169.185,44.918
3,-60.0,-10.0,-19.0993,-19.143,-19.0696,17.698,-84.365,153.027,44.918
4,-60.0,-10.0,-19.0992,-19.1432,-19.0698,90.562,75.768,58.897,44.918
1,-60.0,-5.0,-17.4954,-21.1913,-21.1195,13.686,-0.633,180.688,47.825
2,-60.0,-5.0,-17.4954,-21.1915,-21.1198,13.685,-41.499,171.585,47.826
3,-60.0,-5.0,-17.4954,-21.1914,-21.1197,13.685,-83.261,155.594,47.826
4,-60.0,-5.0,-17.4953,-21.1916,-21.1198,93.237,74.962,54.884,47.826
1,-60.0,0.0,-15.8886,-23.3037,-23.2352,9.447,1.199,182.713,51.037
2,-60.0,0.0,-15.8886,-23.304,-23.2355,9.447,-39.889,173.791,51.037
3,-60.0,0.0,-15.8886,-23.3039,-23.2354,9.447,-81.952,157.991,51.037
4,-60.0,0.0,-15.8885,-23.3041,-23.2355,95.766,73.933,50.646,51.038
1,-60.0,5.0,-14.2899,-25.4745,-25.4112,5.003,3.166,184.482,54.517
2,-60.0,5.0,-14.2898,-25.4747,-25.4115,5.002,-38.118,175.756,54.518
3,-60.0,5.0,-14.2899,-25.4747,-25.4114,5.002,-80.453,160.171,54.518
4,-60.0,5.0,-14.2898,-25.4748,-25.4115,98.102,72.689,46.201,54.518
1,-60.0,10.0,-12.71,-27.6969,-27.6418,0.376,5.24,185.957,58.228
2,-60.0,10.0,-12.7099,-27.6972,-27.642,0.375,-36.21,177.439,58.228
3,-60.0,10.0,-12.71,-27.6971,-27.642,0.375,-78.781,162.088,58.228
4,-60.0,10.0,-12.7099,-27.6973,-27.6421,100.196,71.245,41.574,58.228
1,-60.0,15.0,-11.1594,-29.9635,-29.9203,-4.404,7.387,187.102,62.125
2,-60.0,15.0,-11.1594,-29.9637,-29.9206,-4.404,-34.194,178.802,62.126
3,-60.0,15.0,-11.1595,-29.9637,-29.9205,-4.405,-76.96,163.703,62.126
4,-60.0,15.0,-11.1594,-29.9638,-29.9207,102.007,69.619,36.794,62.126
1,-60.0,20.0,-9.6487,-32.265,-32.239,-9.3,9.57,187.89,66.164
2,-60.0,20.0,-9.6486,-32.2653,-32.2393,-9.301,-32.105,179.814,66.165
3,-60.0,20.0,-9.6487,-32.2653,-32.2393,-9.301,-75.021,164.979,66.165
4,-60.0,20.0,-9.6486,-32.2654,-32.2394,103.494,67.837,31.898,66.165
1,-60.0,25.0,-8.1878,-34.5903,-34.5884,-14.271,11.752,188.301,70.296
2,-60.0,25.0,-8.1878,-34.5906,-34.5886,-14.272,-29.978,180.451,70.297
3,-60.0,25.0,-8.1878,-34.5906,-34.5886,-14.272,-72.996,165.888,70.297
4,-60.0,25.0,-8.1877,-34.5908,-34.5888,104.626,65.928,26.927,70.297
1,-60.0,30.0,-6.787,-36.9255,-36.9563,-19.264,13.89,188.326,74.47
2,-60.0,30.0,-6.787,-36.9257,-36.9566,-19.265,-27.854,180.7,74.471
3,-60.0,30.0,-6.787,-36.9257,-36.9566,-19.265,-70.922,166.412,74.471
4,-60.0,30.0,-6.7869,-36.9259,-36.9567,105.381,63.927,21.933,74.471
1,-60.0,35.0,-5.4561,-39.2532,-39.3278,-24.223,15.947,187.969,78.632
2,-60.0,35.0,-5.4561,-39.2534,-39.3281,-24.224,-25.772,180.56,78.632
3,-60.0,35.0,-5.4561,-39.2535,-39.3281,-24.224,-68.839,166.544,78.632
4,-60.0,35.0,-5.456,-39.2536,-39.3283,105.749,61.872,16.975,78.633
1,-60.0,40.0,-4.205,-41.5522,-41.6836,-29.081,17.883,187.248,82.723
2,-60.0,40.0,-4.205,-41.5525,-41.6839,-29.082,-23.77,180.044,82.723
3,-60.0,40.0,-4.205,-41.5525,-41.684,-29.082,-66.788,166.295,82.723
4,-60.0,40.0,-4.2049,-41.5527,-41.6841,105.733,59.805,12.117,82.724
1,-60.0,45.0,-3.0433,-43.7965,-43.9997,-33.766,19.666,186.197,86.681
2,-60.0,45.0,-3.0433,-43.7968,-44.0001,-33.767,-21.887,179.186,86.682
3,-60.0,45.0,-3.0433,-43.7969,-44.0001,-33.767,-64.809,165.689,86.682
4,-60.0,45.0,-3.0432,-43.7971,-44.0003,105.355,57.771,7.432,86.682
1,-60.0,50.0,-1.9805,-45.9551,-46.2459,-38.201,21.268,184.871,90.443
2,-60.0,50.0,-1.9806,-45.9555,-46.2463,-38.202,-20.156,178.035,90.444
3,-60.0,50.0,-1.9806,-45.9555,-46.2463,-38.202,-62.942,164.774,90.444
4,-60.0,50.0,-1.9805,-45.9557,-46.2465,104.657,55.812,2.997,90.444
1,-60.0,55.0,-1.0261,-47.9913,-48.385,-42.306,22.667,183.345,93.941
2,-60.0,55.0,-1.0262,-47.9916,-48.3854,-42.307,-18.605,176.663,93.942
3,-60.0,55.0,-1.0262,-47.9917,-48.3854,-42.307,-61.225,163.617,93.942
4,-60.0,55.0,-1.0261,-47.9919,-48.3857,103.702,53.975,-1.108,93.942
1,-60.0,60.0,-0.1891,-49.863,-50.3722,-45.999,23.852,181.712,97.106
2,-60.0,60.0,-0.1891,-49.8633,-50.3726,-46.0,-17.256,175.163,97.106
3,-60.0,60.0,-0.1891,-49.8634,-50.3727,-46.001,-59.692,162.305,97.107
4,-60.0,60.0,-0.189,-49.8636,-50.3729,102.572,52.303,-4.802,97.107
1,-60.0,65.0,0.522,-51.5236,-52.1551,-49.204,24.817,180.084,99.869
2,-60.0,65.0,0.522,-51.5239,-52.1555,-49.205,-16.125,173.644,99.869
3,-60.0,65.0,0.522,-51.524,-52.1556,-49.206,-58.373,160.947,99.869
4,-60.0,65.0,0.5221,-51.5243,-52.1559,101.372,50.839,-8.007,99.87
1,-60.0,70.0,1.099,-52.9239,-53.6754,-51.849,25.567,178.582,102.163
2,-60.0,70.0,1.0989,-52.9242,-53.6759,-51.85,-15.223,172.229,102.163
3,-60.0,70.0,1.0989,-52.9243,-53.676,-51.85,-57.293,159.662,102.163
4,-60.0,70.0,1.099,-52.9246,-53.6763,100.217,49.621,-10.651,102.164
1,-60.0,75.0,1.5344,-54.0149,-54.8722,-53.869,26.109,177.332,103.926
2,-60.0,75.0,1.5343,-54.0153,-54.8726,-53.87,-14.553,171.042,103.926
3,-60.0,75.0,1.5343,-54.0154,-54.8727,-53.87,-56.474,158.573,103.927
4,-60.0,75.0,1.5344,-54.0157,-54.8731,99.228,48.684,-12.671,103.927
1,-60.0,80.0,1.8217,-54.7523,-55.6876,-55.213,26.455,176.448,105.105
2,-60.0,80.0,1.8217,-54.7526,-55.688,-55.214,-14.117,170.199,105.106
3,-60.0,80.0,1.8217,-54.7528,-55.6882,-55.215,-55.932,157.794,105.106
4,-60.0,80.0,1.8217,-54.7531,-55.6886,98.515,48.057,-14.016,105.106
1,-60.0,85.0,1.9556,-55.1008,-56.0751,-55.843,26.612,176.02,105.659
2,-60.0,85.0,1.9555,-55.1011,-56.0755,-55.844,-13.916,169.79,105.659
3,-60.0,85.0,1.9555,-55.1013,-56.0756,-55.844,-55.679,157.414,105.66
4,-60.0,85.0,1.9556,-55.1016,-56.076,98.166,47.762,-14.645,105.66
1,-60.0,90.0,1.932,-55.0392,-56.0065,-55.732,26.585,176.096,105.561
2,-60.0,90.0,1.9319,-55.0395,-56.0069,-55.733,-13.951,169.863,105.562
3,-60.0,90.0,1.932,-55.0397,-56.007,-55.733,-55.723,157.482,105.562
4,-60.0,90.0,1.932,-55.04,-56.0074,98.229,47.814,-14.534,105.562
1,-55.0,-90.0,-34.2244,1.1155,1.1009,49.694,-6.762,147.299,32.921
2,-55.0,-90.0,-34.2244,1.1153,1.1007,49.694,-44.105,137.739,32.921
3,-55.0,-90.0,-34.2245,1.1154,1.1008,49.694,-81.427,121.697,32.921
4,-55.0,-90.0,-34.2243,1.1152,1.1007,59.766,69.303,90.893,32.922
1,-55.0,-85.0,-34.0956,0.9695,0.9569,49.527,-6.794,147.568,32.851
2,-55.0,-85.0,-34.0956,0.9693,0.9568,49.526,-44.165,138.004,32.851
3,-55.0,-85.0,-34.0957,0.9694,0.9569,49.526,-81.521,121.952,32.852
4,-55.0,-85.0,-34.0955,0.9692,0.9567,60.008,69.425,90.726,32.852
1,-55.0,-80.0,-33.8286,0.6669,0.6584,49.175,-6.856,148.126,32.711
2,-55.0,-80.0,-33.8285,0.6667,0.6583,49.175,-44.285,138.551,32.712
3,-55.0,-80.0,-33.8286,0.6668,0.6584,49.175,-81.711,122.479,32.712
4,-55.0,-80.0,-33.8285,0.6666,0.6582,60.51,69.674,90.374,32.712
1,-55.0,-75.0,-33.4229,0.2075,0.205,48.634,-6.939,148.971,32.513
2,-55.0,-75.0,-33.4228,0.2074,0.2048,48.634,-44.456,139.384,32.513
3,-55.0,-75.0,-33.4229,0.2075,0.2049,48.634,-81.989,123.282,32.513
4,-55.0,-75.0,-33.4228,0.2073,0.2047,61.277,70.04,89.833,32.514
1,-55.0,-70.0,-32.8797,-0.4069,-0.4021,47.894,-7.028,150.1,32.275
2,-55.0,-70.0,-32.8796,-0.4071,-0.4023,47.893,-44.662,140.497,32.275
3,-55.0,-70.0,-32.8797,-0.407,-0.4022,47.893,-82.339,124.359,32.275
4,-55.0,-70.0,-32.8795,-0.4072,-0.4024,62.307,70.51,89.093,32.276
1,-55.0,-65.0,-32.202,-1.1729,-1.1597,46.946,-7.104,151.504,32.025
2,-55.0,-65.0,-32.202,-1.1731,-1.1599,46.945,-44.885,141.885,32.025
3,-55.0,-65.0,-32.202,-1.173,-1.1598,46.945,-82.741,125.706,32.025
4,-55.0,-65.0,-32.2019,-1.1732,-1.16,63.6,71.062,88.144,32.025
1,-55.0,-60.0,-31.3948,-2.0851,-2.063,45.78,-7.146,153.167,31.798
2,-55.0,-60.0,-31.3947,-2.0853,-2.0632,45.78,-45.1,143.534,31.798
3,-55.0,-60.0,-31.3948,-2.0852,-2.0631,45.78,-83.17,127.313,31.798
4,-55.0,-60.0,-31.3947,-2.0854,-2.0632,65.148,71.67,86.979,31.799
1,-55.0,-55.0,-30.4644,-3.137,-3.1058,44.388,-7.128,155.07,31.639
2,-55.0,-55.0,-30.4644,-3.1372,-3.106,44.388,-45.281,145.429,31.639
3,-55.0,-55.0,-30.4644,-3.1371,-3.1059,44.388,-83.597,129.167,31.639
4,-55.0,-55.0,-30.4643,-3.1373,-3.1061,66.942,72.304,85.587,31.639
1,-55.0,-50.0,-29.419,-4.3209,-4.2811,42.761,-7.024,157.188,31.599
2,-55.0,-50.0,-29.4189,-4.3211,-4.2812,42.761,-45.399,147.546,31.6
3,-55.0,-50.0,-29.419,-4.321,-4.2811,42.761,-83.99,131.252,31.6
4,-55.0,-50.0,-29.4189,-4.3212,-4.2813,68.969,72.931,83.96,31.6
1,-55.0,-45.0,-28.2677,-5.6287,-5.5809,40.891,-6.809,159.492,31.736
2,-55.0,-45.0,-28.2676,-5.6289,-5.581,40.891,-45.426,149.86,31.737
3,-55.0,-45.0,-28.2677,-5.6288,-5.581,40.891,-84.319,133.542,31.737
4,-55.0,-45.0,-28.2676,-5.629,-5.5811,71.207,73.517,82.09,31.737
1,-55.0,-40.0,-27.0209,-7.052,-6.9972,38.772,-6.458,161.948,32.108
2,-55.0,-40.0,-27.0208,-7.0522,-6.9973,38.771,-45.334,152.34,32.109
3,-55.0,-40.0,-27.0209,-7.0521,-6.9972,38.771,-84.551,136.013,32.109
4,-55.0,-40.0,-27.0207,-7.0523,-6.9974,73.636,74.027,79.971,32.109
1,-55.0,-35.0,-25.6894,-8.5827,-8.5219,36.398,-5.951,164.519,32.77
2,-55.0,-35.0,-25.6894,-8.5829,-8.5221,36.397,-45.098,154.95,32.771
3,-55.0,-35.0,-25.6895,-8.5828,-8.522,36.397,-84.658,138.631,32.771
4,-55.0,-35.0,-25.6893,-8.5829,-8.5221,76.225,74.429,77.597,32.771
1,-55.0,-30.0,-24.2849,-10.2129,-10.1472,33.766,-5.27,167.163,33.769
2,-55.0,-30.0,-24.2849,-10.2131,-10.1474,33.766,-44.697,157.651,33.769
3,-55.0,-30.0,-24.285,-10.213,-10.1473,33.766,-84.613,141.361,33.769
4,-55.0,-30.0,-24.2848,-10.2131,-10.1475,78.942,74.694,74.965,33.769
1,-55.0,-25.0,-22.819,-11.9352,-11.8659,30.876,-4.403,169.838,35.137
2,-55.0,-25.0,-22.819,-11.9354,-11.8661,30.875,-44.115,160.401,35.137
3,-55.0,-25.0,-22.819,-11.9353,-11.866,30.875,-84.394,144.164,35.137
4,-55.0,-25.0,-22.8189,-11.9355,-11.8662,81.752,74.794,72.074,35.137
1,-55.0,-20.0,-21.3035,-13.7429,-13.6711,27.727,-3.344,172.498,36.892
2,-55.0,-20.0,-21.3035,-13.7431,-13.6713,27.726,-43.339,163.157,36.892
3,-55.0,-20.0,-21.3035,-13.743,-13.6712,27.726,-83.985,146.998,36.892
4,-55.0,-20.0,-21.3034,-13.7432,-13.6713,84.614,74.709,68.925,36.892
1,-55.0,-15.0,-19.7502,-15.6298,-15.5564,24.323,-2.091,175.097,39.035
2,-55.0,-15.0,-19.7501,-15.63,-15.5566,24.322,-42.365,165.873,39.035
3,-55.0,-15.0,-19.7502,-15.6299,-15.5565,24.322,-83.374,149.818,39.035
4,-55.0,-15.0,-19.7501,-15.63,-15.5567,87.485,74.42,65.521,39.036
1,-55.0,-10.0,-18.1706,-17.5898,-17.516,20.67,-0.65,177.589,41.553
2,-55.0,-10.0,-18.1706,-17.59,-17.5162,20.67,-41.193,168.502,41.554
3,-55.0,-10.0,-18.1706,-17.59,-17.5162,20.67,-82.555,152.577,41.554
4,-55.0,-10.0,-18.1705,-17.5901,-17.5163,90.319,73.918,61.869,41.554
1,-55.0,-5.0,-16.5762,-19.6174,-19.5443,16.778,0.968,179.928,44.421
2,-55.0,-5.0,-16.5761,-19.6176,-19.5445,16.778,-39.828,170.997,44.422
3,-55.0,-5.0,-16.5762,-19.6176,-19.5445,16.778,-81.527,155.229,44.422
4,-55.0,-5.0,-16.5761,-19.6177,-19.5446,93.07,73.198,57.977,44.422
1,-55.0,0.0,-14.9781,-21.7068,-21.6358,12.66,2.746,182.068,47.607
2,-55.0,0.0,-14.9781,-21.7071,-21.636,12.659,-38.283,173.312,47.607
3,-55.0,0.0,-14.9781,-21.707,-21.6359,12.659,-80.298,157.725,47.607
4,-55.0,0.0,-14.9781,-21.7071,-21.636,95.69,72.259,53.858,47.607
1,-55.0,5.0,-13.3874,-23.8521,-23.7847,8.333,4.661,183.969,51.07
2,-55.0,5.0,-13.3874,-23.8523,-23.7849,8.332,-36.577,175.402,51.071
3,-55.0,5.0,-13.3874,-23.8522,-23.7848,8.332,-78.879,160.02,51.071
4,-55.0,5.0,-13.3873,-23.8524,-23.785,98.131,71.109,49.531,51.071
1,-55.0,10.0,-11.8147,-26.0464,-25.9849,3.819,6.686,185.59,54.77
2,-55.0,10.0,-11.8147,-26.0466,-25.9852,3.818,-34.733,177.226,54.771
3,-55.0,10.0,-11.8148,-26.0466,-25.9851,3.818,-77.289,162.069,54.771
4,-55.0,10.0,-11.8147,-26.0467,-25.9852,100.346,69.761,45.017,54.771
1,-55.0,15.0,-10.2707,-28.282,-28.2296,-0.853,8.787,186.898,58.661
2,-55.0,15.0,-10.2707,-28.2823,-28.2298,-0.853,-32.78,178.746,58.662
3,-55.0,15.0,-10.2707,-28.2822,-28.2298,-0.854,-75.551,163.832,58.662
4,-55.0,15.0,-10.2706,-28.2824,-28.2299,102.294,68.234,40.345,58.662
1,-55.0,20.0,-8.7656,-30.5497,-30.5104,-5.648,10.93,187.865,62.696
2,-55.0,20.0,-8.7656,-30.55,-30.5106,-5.648,-30.751,179.932,62.696
3,-55.0,20.0,-8.7656,-30.55,-30.5106,-5.649,-73.694,165.272,62.696
4,-55.0,20.0,-8.7656,-30.5501,-30.5107,103.936,66.551,35.55,62.696
1,-55.0,25.0,-7.3097,-32.8381,-32.8174,-10.524,13.075,188.472,66.824
2,-55.0,25.0,-7.3097,-32.8384,-32.8176,-10.525,-28.681,180.759,66.824
3,-55.0,25.0,-7.3097,-32.8384,-32.8176,-10.525,-71.749,166.362,66.824
4,-55.0,25.0,-7.3097,-32.8385,-32.8177,105.239,64.743,30.674,66.825
1,-55.0,30.0,-5.9131,-35.1333,-35.1381,-15.433,15.182,188.707,70.994
2,-55.0,30.0,-5.9131,-35.1336,-35.1384,-15.433,-26.609,181.214,70.994
3,-55.0,30.0,-5.9131,-35.1336,-35.1384,-15.434,-69.755,167.084,70.994
4,-55.0,30.0,-5.913,-35.1337,-35.1385,106.181,62.843,25.765,70.995
1,-55.0,35.0,-4.5856,-37.4181,-37.4572,-20.316,17.214,188.574,75.15
2,-55.0,35.0,-4.5856,-37.4184,-37.4575,-20.317,-24.575,181.294,75.151
3,-55.0,35.0,-4.5856,-37.4184,-37.4575,-20.317,-67.748,167.428,75.151
4,-55.0,35.0,-4.5855,-37.4185,-37.4576,106.751,60.888,20.882,75.151
1,-55.0,40.0,-3.3371,-39.6715,-39.7553,-25.11,19.131,188.088,79.235
2,-55.0,40.0,-3.3371,-39.6717,-39.7556,-25.111,-22.617,181.011,79.236
3,-55.0,40.0,-3.3371,-39.6718,-39.7557,-25.111,-65.77,167.403,79.236
4,-55.0,40.0,-3.3371,-39.672,-39.7558,106.95,58.92,16.087,79.236
1,-55.0,45.0,-2.1774,-41.868,-42.0085,-29.744,20.901,187.282,83.188
2,-55.0,45.0,-2.1774,-41.8683,-42.0088,-29.745,-20.772,180.394,83.188
3,-55.0,45.0,-2.1774,-41.8684,-42.0089,-29.745,-63.861,167.033,83.188
4,-55.0,45.0,-2.1773,-41.8685,-42.0091,106.797,56.981,11.454,83.189
1,-55.0,50.0,-1.1158,-43.9774,-44.1872,-34.14,22.496,186.205,86.943
2,-55.0,50.0,-1.1159,-43.9777,-44.1875,-34.141,-19.074,179.489,86.944
3,-55.0,50.0,-1.1159,-43.9778,-44.1876,-34.142,-62.059,166.357,86.944
4,-55.0,50.0,-1.1158,-43.978,-44.1878,106.331,55.114,7.057,86.944
1,-55.0,55.0,-0.1619,-45.9642,-46.2553,-38.219,23.893,184.926,90.435
2,-55.0,55.0,-0.1619,-45.9645,-46.2557,-38.22,-17.551,178.363,90.435
3,-55.0,55.0,-0.1619,-45.9645,-46.2557,-38.22,-60.402,165.44,90.435
4,-55.0,55.0,-0.1619,-45.9647,-46.256,105.606,53.364,2.978,90.436
1,-55.0,60.0,0.6754,-47.7879,-48.1703,-41.899,25.08,183.531,93.594
2,-55.0,60.0,0.6754,-47.7882,-48.1707,-41.9,-16.224,177.1,93.594
3,-55.0,60.0,0.6754,-47.7883,-48.1707,-41.901,-58.922,164.361,93.595
4,-55.0,60.0,0.6754,-47.7885,-48.171,104.702,51.771,-0.702,93.595
1,-55.0,65.0,1.3874,-49.4042,-49.8831,-45.102,26.052,182.123,96.353
2,-55.0,65.0,1.3874,-49.4045,-49.8834,-45.103,-15.111,175.801,96.353
3,-55.0,65.0,1.3874,-49.4046,-49.8835,-45.103,-57.649,163.218,96.354
4,-55.0,65.0,1.3874,-49.4049,-49.8838,103.71,50.377,-3.904,96.354
1,-55.0,70.0,1.966,-50.7665,-51.3398,-47.752,26.809,180.813,98.646
2,-55.0,70.0,1.9659,-50.7668,-51.3402,-47.753,-14.221,174.578,98.646
3,-55.0,70.0,1.9659,-50.7669,-51.3403,-47.753,-56.606,162.121,98.646
4,-55.0,70.0,1.966,-50.7672,-51.3406,102.738,49.217,-6.555,98.647
1,-55.0,75.0,2.4036,-51.8287,-52.485,-49.785,27.36,179.715,100.411
2,-55.0,75.0,2.4036,-51.829,-52.4854,-49.786,-13.558,173.543,100.412
3,-55.0,75.0,2.4036,-51.8291,-52.4855,-49.787,-55.814,161.182,100.412
4,-55.0,75.0,2.4036,-51.8294,-52.4858,101.895,48.324,-8.588,100.413
1,-55.0,80.0,2.6938,-52.549,-53.2669,-51.146,27.713,178.933,101.598
2,-55.0,80.0,2.6937,-52.5493,-53.2672,-51.147,-13.125,172.802,101.598
3,-55.0,80.0,2.6937,-52.5495,-53.2674,-51.148,-55.288,160.504,101.598
4,-55.0,80.0,2.6938,-52.5498,-53.2677,101.281,47.724,-9.949,101.599
1,-55.0,85.0,2.831,-52.8945,-53.6434,-51.794,27.877,178.547,102.163
2,-55.0,85.0,2.831,-52.8948,-53.6437,-51.795,-12.922,172.436,102.163
3,-55.0,85.0,2.831,-52.8949,-53.6439,-51.795,-55.039,160.167,102.164
4,-55.0,85.0,2.8311,-52.8952,-53.6442,100.974,47.439,-10.596,102.164
1,-55.0,90.0,2.8113,-52.8447,-53.589,-51.701,27.854,178.603,102.082
2,-55.0,90.0,2.8113,-52.845,-53.5894,-51.701,-12.951,172.489,102.082
3,-55.0,90.0,2.8113,-52.8451,-53.5895,-51.702,-55.075,160.216,102.082
4,-55.0,90.0,2.8113,-52.8454,-53.5899,101.019,47.48,-10.503,102.083
1,-50.0,-90.0,-33.0351,2.6376,2.5996,51.381,-4.449,145.813,31.475
2,-50.0,-90.0,-33.0351,2.6375,2.5995,51.381,-41.649,136.503,31.475
3,-50.0,-90.0,-33.0352,2.6376,2.5996,51.381,-78.831,120.792,31.475
4,-50.0,-90.0,-33.035,2.6374,2.5994,59.161,66.621,92.581,31.475
1,-50.0,-85.0,-32.9082,2.4928,2.4573,51.226,-4.483,146.082,31.381
2,-50.0,-85.0,-32.9081,2.4927,2.4571,51.226,-41.712,136.766,31.381
3,-50.0,-85.0,-32.9082,2.4928,2.4572,51.226,-78.927,121.045,31.381
4,-50.0,-85.0,-32.9081,2.4926,2.457,59.401,66.745,92.425,31.382
1,-50.0,-80.0,-32.6447,2.1925,2.1618,50.9,-4.551,146.639,31.191
2,-50.0,-80.0,-32.6446,2.1924,2.1617,50.9,-41.837,137.313,31.191
3,-50.0,-80.0,-32.6447,2.1925,2.1618,50.9,-79.122,121.571,31.192
4,-50.0,-80.0,-32.6446,2.1923,2.1616,59.901,66.999,92.099,31.192
1,-50.0,-75.0,-32.2442,1.7365,1.7129,50.396,-4.641,147.484,30.917
2,-50.0,-75.0,-32.2441,1.7363,1.7127,50.396,-42.016,138.144,30.917
3,-50.0,-75.0,-32.2442,1.7365,1.7129,50.396,-79.408,122.372,30.917
4,-50.0,-75.0,-32.2441,1.7363,1.7127,60.665,67.373,91.596,30.917
1,-50.0,-70.0,-31.7078,1.1265,1.1118,49.707,-4.742,148.613,30.575
2,-50.0,-70.0,-31.7077,1.1263,1.1116,49.707,-42.234,139.257,30.575
3,-50.0,-70.0,-31.7078,1.1265,1.1117,49.707,-79.769,123.446,30.575
4,-50.0,-70.0,-31.7077,1.1263,1.1115,61.691,67.854,90.906,30.575
1,-50.0,-65.0,-31.0385,0.3661,0.3616,48.822,-4.834,150.018,30.194
2,-50.0,-65.0,-31.0384,0.366,0.3614,48.822,-42.472,140.645,30.194
3,-50.0,-65.0,-31.0385,0.3661,0.3615,48.822,-80.187,124.791,30.194
4,-50.0,-65.0,-31.0384,0.3659,0.3613,62.98,68.421,90.021,30.194
1,-50.0,-60.0,-30.2409,-0.5393,-0.533,47.732,-4.895,151.685,29.81
2,-50.0,-60.0,-30.2408,-0.5395,-0.5332,47.731,-42.707,142.296,29.81
3,-50.0,-60.0,-30.2409,-0.5394,-0.5331,47.731,-80.635,126.397,29.81
4,-50.0,-60.0,-30.2408,-0.5396,-0.5333,64.525,69.048,88.931,29.811
1,-50.0,-55.0,-29.3213,-1.5833,-1.5659,46.426,-4.901,153.594,29.47
2,-50.0,-55.0,-29.3212,-1.5835,-1.5661,46.426,-42.912,144.194,29.471
3,-50.0,-55.0,-29.3213,-1.5834,-1.566,46.426,-81.086,128.253,29.471
4,-50.0,-55.0,-29.3212,-1.5836,-1.5662,66.318,69.706,87.625,29.471
1,-50.0,-50.0,-28.2873,-2.7582,-2.7301,44.895,-4.825,155.723,29.231
2,-50.0,-50.0,-28.2873,-2.7583,-2.7302,44.895,-43.059,146.319,29.231
3,-50.0,-50.0,-28.2874,-2.7582,-2.7301,44.895,-81.51,130.34,29.232
4,-50.0,-50.0,-28.2872,-2.7584,-2.7303,68.344,70.363,86.094,29.232
1,-50.0,-45.0,-27.1482,-4.0557,-4.0177,43.131,-4.642,158.043,29.156
2,-50.0,-45.0,-27.1481,-4.0559,-4.0179,43.131,-43.12,148.645,29.157
3,-50.0,-45.0,-27.1482,-4.0558,-4.0178,43.131,-81.874,132.639,29.157
4,-50.0,-45.0,-27.1481,-4.056,-4.0179,70.587,70.985,84.33,29.157
1,-50.0,-40.0,-25.9137,-5.4676,-5.4207,41.126,-4.329,160.521,29.313
2,-50.0,-40.0,-25.9137,-5.4678,-5.4209,41.125,-43.067,151.143,29.313
3,-50.0,-40.0,-25.9137,-5.4677,-5.4208,41.125,-82.147,135.122,29.314
4,-50.0,-40.0,-25.9136,-5.4679,-5.4209,73.023,71.538,82.324,29.314
1,-50.0,-35.0,-24.5948,-6.9856,-6.931,38.873,-3.863,163.122,29.768
2,-50.0,-35.0,-24.5947,-6.9858,-6.9312,38.872,-42.876,153.778,29.768
3,-50.0,-35.0,-24.5948,-6.9857,-6.9311,38.872,-82.302,137.759,29.768
4,-50.0,-35.0,-24.5947,-6.9858,-6.9312,75.626,71.99,80.071,29.768
1,-50.0,-30.0,-23.2026,-8.6017,-8.5408,36.368,-3.228,165.805,30.576
2,-50.0,-30.0,-23.2025,-8.6018,-8.541,36.367,-42.524,156.513,30.577
3,-50.0,-30.0,-23.2026,-8.6018,-8.5409,36.367,-82.31,140.517,30.577
4,-50.0,-30.0,-23.2025,-8.6019,-8.541,78.364,72.31,77.567,30.577
1,-50.0,-25.0,-21.7487,-10.3084,-10.2425,33.609,-2.41,168.528,31.781
2,-50.0,-25.0,-21.7486,-10.3086,-10.2427,33.608,-41.996,159.307,31.781
3,-50.0,-25.0,-21.7487,-10.3085,-10.2426,33.608,-82.15,143.356,31.781
4,-50.0,-25.0,-21.7486,-10.3086,-10.2428,81.203,72.473,74.808,31.781
1,-50.0,-20.0,-20.2447,-12.0989,-12.0293,30.595,-1.402,171.249,33.403
2,-50.0,-20.0,-20.2446,-12.099,-12.0295,30.595,-41.277,162.118,33.403
3,-50.0,-20.0,-20.2447,-12.099,-12.0294,30.595,-81.805,146.236,33.403
4,-50.0,-20.0,-20.2446,-12.0991,-12.0295,84.104,72.456,71.794,33.403
1,-50.0,-15.0,-18.7022,-13.9666,-13.8945,27.329,-0.202,173.921,35.443
2,-50.0,-15.0,-18.7022,-13.9668,-13.8947,27.329,-40.363,164.901,35.444
3,-50.0,-15.0,-18.7022,-13.9667,-13.8946,27.329,-81.262,149.115,35.444
4,-50.0,-15.0,-18.7021,-13.9668,-13.8948,87.026,72.243,68.528,35.444
1,-50.0,-10.0,-17.1328,-15.9056,-15.8321,23.816,1.185,176.5,37.887
2,-50.0,-10.0,-17.1328,-15.9058,-15.8323,23.815,-39.253,167.61,37.887
3,-50.0,-10.0,-17.1328,-15.9057,-15.8322,23.815,-80.515,151.946,37.887
4,-50.0,-10.0,-17.1327,-15.9058,-15.8323,89.923,71.821,65.014,37.887
1,-50.0,-5.0,-15.5478,-17.9099,-17.8361,20.063,2.75,178.939,40.704
2,-50.0,-5.0,-15.5478,-17.9101,-17.8363,20.063,-37.952,170.2,40.704
3,-50.0,-5.0,-15.5478,-17.91,-17.8363,20.063,-79.564,154.684,40.704
4,-50.0,-5.0,-15.5477,-17.9102,-17.8364,92.751,71.185,61.262,40.704
1,-50.0,0.0,-13.9584,-19.9737,-19.9008,16.083,4.475,181.197,43.855
2,-50.0,0.0,-13.9584,-19.9739,-19.901,16.083,-36.472,172.626,43.855
3,-50.0,0.0,-13.9584,-19.9738,-19.901,16.083,-78.413,157.282,43.855
4,-50.0,0.0,-13.9583,-19.974,-19.9011,95.462,70.336,57.282,43.855
1,-50.0,5.0,-12.3754,-22.0908,-22.0202,11.892,6.34,183.23,47.297
2,-50.0,5.0,-12.3754,-22.091,-22.0204,11.892,-34.83,174.843,47.297
3,-50.0,5.0,-12.3755,-22.0909,-22.0203,11.892,-77.074,159.694,47.297
4,-50.0,5.0,-12.3754,-22.091,-22.0205,98.011,69.279,53.091,47.298
1,-50.0,10.0,-10.8097,-24.2542,-24.1877,7.512,8.317,185.002,50.983
2,-50.0,10.0,-10.8097,-24.2544,-24.1879,7.511,-33.049,176.811,50.984
3,-50.0,10.0,-10.8097,-24.2544,-24.1879,7.511,-75.566,161.878,50.984
4,-50.0,10.0,-10.8097,-24.2545,-24.188,100.351,68.027,48.71,50.984
1,-50.0,15.0,-9.2718,-26.4561,-26.3961,2.968,10.375,186.477,54.866
2,-50.0,15.0,-9.2718,-26.4563,-26.3963,2.967,-31.157,178.493,54.866
3,-50.0,15.0,-9.2718,-26.4563,-26.3963,2.967,-73.909,163.793,54.866
4,-50.0,15.0,-9.2717,-26.4564,-26.3964,102.442,66.598,44.166,54.866
1,-50.0,20.0,-7.7719,-28.6871,-28.6367,-1.706,12.478,187.629,58.894
2,-50.0,20.0,-7.7719,-28.6873,-28.6369,-1.706,-29.186,179.859,58.894
3,-50.0,20.0,-7.7719,-28.6873,-28.6369,-1.706,-72.133,165.404,58.894
4,-50.0,20.0,-7.7719,-28.6874,-28.637,104.243,65.015,39.492,58.894
1,-50.0,25.0,-6.3204,-30.9358,-30.8992,-6.468,14.589,188.437,63.016
2,-50.0,25.0,-6.3204,-30.936,-30.8994,-6.469,-27.171,180.883,63.017
3,-50.0,25.0,-6.3204,-30.936,-30.8994,-6.469,-70.268,166.682,63.017
4,-50.0,25.0,-6.3204,-30.9362,-30.8995,105.724,63.308,34.73,63.017
1,-50.0,30.0,-4.9274,-33.1883,-33.1709,-11.272,16.669,188.889,67.181
2,-50.0,30.0,-4.9274,-33.1885,-33.1711,-11.273,-25.149,181.55,67.181
3,-50.0,30.0,-4.9274,-33.1885,-33.1711,-11.273,-68.352,167.608,67.181
4,-50.0,30.0,-4.9273,-33.1887,-33.1713,106.861,61.508,29.926,67.181
1,-50.0,35.0,-3.6027,-35.4275,-35.4362,-16.062,18.679,188.988,71.331
2,-50.0,35.0,-3.6027,-35.4278,-35.4365,-16.063,-23.161,181.858,71.331
3,-50.0,35.0,-3.6027,-35.4278,-35.4365,-16.063,-66.42,168.173,71.331
4,-50.0,35.0,-3.6026,-35.428,-35.4366,107.641,59.653,25.136,71.331
1,-50.0,40.0,-2.3562,-37.633,-37.6758,-20.775,20.581,188.746,75.409
2,-50.0,40.0,-2.3562,-37.6332,-37.6761,-20.775,-21.244,181.816,75.409
3,-50.0,40.0,-2.3562,-37.6332,-37.6761,-20.776,-64.514,168.381,75.409
4,-50.0,40.0,-2.3561,-37.6334,-37.6762,108.063,57.783,20.423,75.409
1,-50.0,45.0,-1.1976,-39.7796,-39.866,-25.34,22.342,188.191,79.353
2,-50.0,45.0,-1.1977,-39.7799,-39.8662,-25.34,-19.434,181.449,79.354
3,-50.0,45.0,-1.1977,-39.7799,-39.8663,-25.341,-62.672,168.253,79.354
4,-50.0,45.0,-1.1976,-39.7801,-39.8664,108.145,55.938,15.858,79.354
1,-50.0,50.0,-0.1366,-41.8381,-41.9777,-29.681,23.934,187.37,83.1
2,-50.0,50.0,-0.1366,-41.8384,-41.978,-29.682,-17.766,180.799,83.101
3,-50.0,50.0,-0.1366,-41.8384,-41.9781,-29.682,-60.933,167.826,83.101
4,-50.0,50.0,-0.1365,-41.8386,-41.9782,107.917,54.162,11.516,83.101
1,-50.0,55.0,0.8176,-43.7742,-43.9766,-33.72,25.333,186.345,86.584
2,-50.0,55.0,0.8176,-43.7745,-43.9769,-33.72,-16.267,179.925,86.585
3,-50.0,55.0,0.8176,-43.7745,-43.9769,-33.721,-59.333,167.156,86.585
4,-50.0,55.0,0.8177,-43.7747,-43.9771,107.433,52.496,7.478,86.585
1,-50.0,60.0,1.6559,-45.5492,-45.822,-37.373,26.527,185.194,89.738
2,-50.0,60.0,1.6559,-45.5495,-45.8223,-37.374,-14.959,178.905,89.738
3,-50.0,60.0,1.6559,-45.5496,-45.8223,-37.374,-57.903,166.315,89.738
4,-50.0,60.0,1.6559,-45.5498,-45.8226,106.759,50.98,3.825,89.739
1,-50.0,65.0,2.3696,-47.121,-47.4681,-40.561,27.509,184.01,92.493
2,-50.0,65.0,2.3695,-47.1213,-47.4684,-40.562,-13.859,177.831,92.493
3,-50.0,65.0,2.3695,-47.1214,-47.4685,-40.563,-56.673,165.393,92.493
4,-50.0,65.0,2.3696,-47.1216,-47.4687,105.982,49.653,0.636,92.494
1,-50.0,70.0,2.9504,-48.4455,-48.8652,-43.209,28.278,182.895,94.785
2,-50.0,70.0,2.9504,-48.4458,-48.8656,-43.21,-12.978,176.802,94.785
3,-50.0,70.0,2.9504,-48.4459,-48.8657,-43.211,-55.664,164.489,94.785
4,-50.0,70.0,2.9504,-48.4461,-48.8659,105.198,48.549,-2.012,94.786
1,-50.0,75.0,3.3909,-49.4792,-49.963,-45.249,28.84,181.952,96.553
2,-50.0,75.0,3.3909,-49.4795,-49.9633,-45.25,-12.32,175.922,96.554
3,-50.0,75.0,3.3909,-49.4796,-49.9634,-45.25,-54.897,163.703,96.554
4,-50.0,75.0,3.3909,-49.4799,-49.9637,104.503,47.698,-4.051,96.555
1,-50.0,80.0,3.6845,-50.1831,-50.7143,-46.623,29.204,181.273,97.747
2,-50.0,80.0,3.6844,-50.1833,-50.7147,-46.624,-11.887,175.285,97.748
3,-50.0,80.0,3.6845,-50.1835,-50.7148,-46.624,-54.385,163.127,97.748
4,-50.0,80.0,3.6845,-50.1837,-50.7151,103.99,47.124,-5.425,97.748
1,-50.0,85.0,3.8256,-50.5259,-51.0815,-47.287,29.376,180.932,98.326
2,-50.0,85.0,3.8256,-50.5261,-51.0818,-47.288,-11.681,174.964,98.326
3,-50.0,85.0,3.8256,-50.5263,-51.082,-47.289,-54.138,162.836,98.326
4,-50.0,85.0,3.8256,-50.5265,-51.0823,103.728,46.846,-6.09,98.327
1,-50.0,90.0,3.8102,-50.4882,-51.0411,-47.215,29.357,180.97,98.262
2,-50.0,90.0,3.8101,-50.4884,-51.0414,-47.215,-11.703,175.0,98.263
3,-50.0,90.0,3.8101,-50.4886,-51.0416,-47.216,-54.165,162.868,98.263
4,-50.0,90.0,3.8102,-50.4888,-51.0419,103.757,46.876,-6.017,98.263
1,-45.0,-90.0,-31.7481,4.2509,4.183,53.044,-2.031,144.118,30.31
2,-45.0,-90.0,-31.7481,4.2507,4.1828,53.043,-39.067,135.07,30.31
3,-45.0,-90.0,-31.7481,4.2508,4.1829,53.043,-76.084,119.709,30.31
4,-45.0,-90.0,-31.748,4.2506,4.1827,58.395,63.769,94.243,30.311
1,-45.0,-85.0,-31.6228,4.1071,4.0421,52.901,-2.067,144.387,30.19
2,-45.0,-85.0,-31.6227,4.107,4.042,52.901,-39.131,135.333,30.19
3,-45.0,-85.0,-31.6228,4.1071,4.0421,52.901,-76.182,119.961,30.19
4,-45.0,-85.0,-31.6227,4.1069,4.0419,58.635,63.895,94.1,30.191
1,-45.0,-80.0,-31.3626,3.809,3.7499,52.601,-2.139,144.943,29.946
2,-45.0,-80.0,-31.3626,3.8089,3.7497,52.601,-39.261,135.879,29.946
3,-45.0,-80.0,-31.3626,3.809,3.7498,52.601,-76.381,120.485,29.946
4,-45.0,-80.0,-31.3625,3.8088,3.7496,59.133,64.152,93.8,29.946
1,-45.0,-75.0,-30.9672,3.3564,3.3057,52.138,-2.236,145.787,29.586
2,-45.0,-75.0,-30.9671,3.3562,3.3056,52.138,-39.446,136.708,29.586
3,-45.0,-75.0,-30.9672,3.3563,3.3057,52.138,-76.673,121.283,29.587
4,-45.0,-75.0,-30.9671,3.3561,3.3055,59.893,64.533,93.337,29.587
1,-45.0,-70.0,-30.4375,2.751,2.7111,51.503,-2.347,146.916,29.129
2,-45.0,-70.0,-30.4375,2.7509,2.711,51.502,-39.674,137.819,29.129
3,-45.0,-70.0,-30.4375,2.751,2.7111,51.502,-77.044,122.355,29.129
4,-45.0,-70.0,-30.4374,2.7508,2.7109,60.916,65.022,92.702,29.129
1,-45.0,-65.0,-29.7765,1.9966,1.969,50.685,-2.452,148.321,28.6
2,-45.0,-65.0,-29.7764,1.9964,1.9689,50.685,-39.925,139.205,28.6
3,-45.0,-65.0,-29.7765,1.9965,1.969,50.685,-77.474,123.697,28.6
4,-45.0,-65.0,-29.7764,1.9964,1.9688,62.2,65.601,91.884,28.6
1,-45.0,-60.0,-28.9885,1.0983,1.084,49.675,-2.529,149.989,28.035
2,-45.0,-60.0,-28.9884,1.0982,1.0839,49.674,-40.177,140.856,28.035
3,-45.0,-60.0,-28.9885,1.0983,1.084,49.674,-77.939,125.301,28.035
4,-45.0,-60.0,-28.9884,1.0981,1.0838,63.741,66.245,90.874,28.035
1,-45.0,-55.0,-28.0795,0.0629,0.0621,48.461,-2.556,151.903,27.483
2,-45.0,-55.0,-28.0795,0.0627,0.062,48.461,-40.403,142.757,27.483
3,-45.0,-55.0,-28.0796,0.0628,0.0621,48.461,-78.411,127.155,27.483
4,-45.0,-55.0,-28.0794,0.0627,0.0619,65.53,66.924,89.66,27.483
1,-45.0,-50.0,-27.0572,-1.1022,-1.0897,47.034,-2.505,154.039,27.003
2,-45.0,-50.0,-27.0571,-1.1023,-1.0898,47.034,-40.576,144.887,27.003
3,-45.0,-50.0,-27.0572,-1.1022,-1.0897,47.034,-78.861,129.245,27.003
4,-45.0,-50.0,-27.0571,-1.1024,-1.0899,67.555,67.608,88.233,27.003
1,-45.0,-45.0,-25.9301,-2.3886,-2.3637,45.384,-2.352,156.372,26.666
2,-45.0,-45.0,-25.9301,-2.3887,-2.3638,45.384,-40.668,147.223,26.666
3,-45.0,-45.0,-25.9301,-2.3887,-2.3637,45.384,-79.257,131.549,26.666
4,-45.0,-45.0,-25.93,-2.3888,-2.3639,69.8,68.262,86.583,26.666
1,-45.0,-40.0,-24.7081,-3.788,-3.7519,43.501,-2.073,158.869,26.55
2,-45.0,-40.0,-24.7081,-3.7882,-3.752,43.501,-40.651,149.736,26.55
3,-45.0,-40.0,-24.7082,-3.7881,-3.7519,43.501,-79.568,134.042,26.55
4,-45.0,-40.0,-24.7081,-3.7882,-3.7521,72.242,68.853,84.7,26.551
1,-45.0,-35.0,-23.4017,-5.292,-5.2461,41.38,-1.645,161.496,26.736
2,-45.0,-35.0,-23.4017,-5.2922,-5.2463,41.379,-40.5,152.393,26.736
3,-45.0,-35.0,-23.4017,-5.2921,-5.2462,41.379,-79.765,136.696,26.736
4,-45.0,-35.0,-23.4016,-5.2923,-5.2463,74.856,69.35,82.579,26.736
1,-45.0,-30.0,-22.0218,-6.8927,-6.8385,39.013,-1.052,164.214,27.295
2,-45.0,-30.0,-22.0218,-6.8929,-6.8387,39.013,-40.194,155.158,27.295
3,-45.0,-30.0,-22.0218,-6.8928,-6.8386,39.013,-79.823,139.478,27.295
4,-45.0,-30.0,-22.0218,-6.8929,-6.8387,77.614,69.722,80.212,27.295
1,-45.0,-25.0,-20.5799,-8.5824,-8.5216,36.398,-0.279,166.983,28.282
2,-45.0,-25.0,-20.5798,-8.5825,-8.5217,36.398,-39.715,157.993,28.282
3,-45.0,-25.0,-20.5799,-8.5825,-8.5216,36.398,-79.718,142.351,28.282
4,-45.0,-25.0,-20.5798,-8.5826,-8.5218,80.48,69.943,77.597,28.282
1,-45.0,-20.0,-19.0873,-10.354,-10.2881,33.534,0.681,169.76,29.727
2,-45.0,-20.0,-19.0873,-10.3542,-10.2882,33.533,-39.051,160.855,29.727
3,-45.0,-20.0,-19.0873,-10.3541,-10.2882,33.533,-79.433,145.275,29.727
4,-45.0,-20.0,-19.0872,-10.3543,-10.2883,83.418,69.99,74.732,29.727
1,-45.0,-15.0,-17.5556,-12.2011,-12.1313,30.42,1.831,172.502,31.633
2,-45.0,-15.0,-17.5556,-12.2012,-12.1315,30.419,-38.194,163.702,31.633
3,-45.0,-15.0,-17.5556,-12.2012,-12.1314,30.419,-78.955,148.21,31.633
4,-45.0,-15.0,-17.5555,-12.2013,-12.1316,86.388,69.847,71.618,31.633
1,-45.0,-10.0,-15.9962,-14.1173,-14.045,27.061,3.167,175.164,33.98
2,-45.0,-10.0,-15.9962,-14.1174,-14.0452,27.06,-37.143,166.489,33.98
3,-45.0,-10.0,-15.9962,-14.1174,-14.0451,27.06,-78.276,151.11,33.98
4,-45.0,-10.0,-15.9962,-14.1175,-14.0452,89.346,69.502,68.259,33.981
1,-45.0,-5.0,-14.4204,-16.0966,-16.023,23.464,4.681,177.703,36.732
2,-45.0,-5.0,-14.4204,-16.0967,-16.0232,23.463,-35.902,169.172,36.732
3,-45.0,-5.0,-14.4204,-16.0967,-16.0231,23.463,-77.397,153.932,36.732
4,-45.0,-5.0,-14.4204,-16.0968,-16.0232,92.249,68.947,64.662,36.732
1,-45.0,0.0,-12.8393,-18.1329,-18.0592,19.639,6.357,180.075,39.842
2,-45.0,0.0,-12.8393,-18.1331,-18.0594,19.638,-34.483,171.706,39.842
3,-45.0,0.0,-12.8393,-18.133,-18.0593,19.638,-76.321,156.63,39.842
4,-45.0,0.0,-12.8393,-18.1332,-18.0594,95.051,68.184,60.837,39.842
1,-45.0,5.0,-11.2638,-20.22,-20.1473,15.601,8.175,182.239,43.258
2,-45.0,5.0,-11.2638,-20.2202,-20.1475,15.601,-32.902,174.049,43.259
3,-45.0,5.0,-11.2638,-20.2201,-20.1475,15.601,-75.059,159.159,43.259
4,-45.0,5.0,-11.2637,-20.2202,-20.1476,97.707,67.216,56.8,43.259
1,-45.0,10.0,-9.7045,-22.3507,-22.2806,11.371,10.107,184.159,46.93
2,-45.0,10.0,-9.7045,-22.3509,-22.2807,11.37,-31.181,176.16,46.93
3,-45.0,10.0,-9.7046,-22.3509,-22.2807,11.37,-73.628,161.477,46.93
4,-45.0,10.0,-9.7045,-22.351,-22.2808,100.172,66.057,52.569,46.93
1,-45.0,15.0,-8.1722,-24.5171,-24.4513,6.973,12.125,185.801,50.802
2,-45.0,15.0,-8.1721,-24.5173,-24.4515,6.972,-29.346,178.004,50.803
3,-45.0,15.0,-8.1722,-24.5173,-24.4514,6.972,-72.05,163.544,50.803
4,-45.0,15.0,-8.1721,-24.5174,-24.4515,102.405,64.723,48.171,50.803
1,-45.0,20.0,-6.677,-26.7097,-26.6506,2.44,14.193,187.137,54.824
2,-45.0,20.0,-6.677,-26.7099,-26.6508,2.439,-27.429,179.549,54.824
3,-45.0,20.0,-6.677,-26.7099,-26.6508,2.439,-70.351,165.326,54.824
4,-45.0,20.0,-6.6769,-26.71,-26.6509,104.367,63.236,43.638,54.825
1,-45.0,25.0,-5.2293,-28.9171,-28.8679,-2.191,16.274,188.146,58.941
2,-45.0,25.0,-5.2293,-28.9173,-28.8681,-2.191,-25.465,180.77,58.941
3,-45.0,25.0,-5.2293,-28.9173,-28.8681,-2.191,-68.563,166.793,58.941
4,-45.0,25.0,-5.2292,-28.9174,-28.8682,106.027,61.625,39.007,58.942
1,-45.0,30.0,-3.8391,-31.1255,-31.0903,-6.872,18.33,188.816,63.099
2,-45.0,30.0,-3.8391,-31.1257,-31.0905,-6.872,-23.49,181.651,63.099
3,-45.0,30.0,-3.8391,-31.1257,-31.0905,-6.873,-66.72,167.924,63.099
4,-45.0,30.0,-3.8391,-31.1258,-31.0906,107.36,59.922,34.326,63.1
1,-45.0,35.0,-2.5165,-33.3181,-33.302,-11.55,20.323,189.147,67.242
2,-45.0,35.0,-2.5165,-33.3183,-33.3022,-11.55,-21.543,182.188,67.243
3,-45.0,35.0,-2.5165,-33.3183,-33.3023,-11.551,-64.859,168.711,67.243
4,-45.0,35.0,-2.5164,-33.3185,-33.3024,108.352,58.163,29.648,67.243
1,-45.0,40.0,-1.2712,-35.4747,-35.484,-16.163,22.214,189.148,71.312
2,-45.0,40.0,-1.2712,-35.4749,-35.4842,-16.164,-19.662,182.387,71.313
3,-45.0,40.0,-1.2712,-35.4749,-35.4842,-16.164,-63.02,169.154,71.313
4,-45.0,40.0,-1.2712,-35.4751,-35.4843,109.001,56.386,25.035,71.313
1,-45.0,45.0,-0.1131,-37.5709,-37.6127,-20.642,23.971,188.846,75.249
2,-45.0,45.0,-0.1131,-37.5712,-37.6129,-20.643,-17.883,182.271,75.249
3,-45.0,45.0,-0.1131,-37.5712,-37.613,-20.643,-61.241,169.271,75.249
4,-45.0,45.0,-0.1131,-37.5714,-37.6131,109.318,54.631,20.556,75.249
1,-45.0,50.0,0.9482,-39.5784,-39.6602,-24.913,25.565,188.281,78.988
2,-45.0,50.0,0.9482,-39.5787,-39.6604,-24.914,-16.239,181.875,78.988
3,-45.0,50.0,0.9482,-39.5787,-39.6605,-24.914,-59.56,169.093,78.988
4,-45.0,50.0,0.9483,-39.5789,-39.6607,109.331,52.941,16.285,78.988
1,-45.0,55.0,1.9035,-41.4642,-41.5932,-28.896,26.972,187.509,82.464
2,-45.0,55.0,1.9034,-41.4645,-41.5935,-28.897,-14.758,181.254,82.464
3,-45.0,55.0,1.9035,-41.4645,-41.5935,-28.897,-58.011,168.67,82.464
4,-45.0,55.0,1.9035,-41.4647,-41.5937,109.087,51.354,12.302,82.465
1,-45.0,60.0,2.7435,-43.1914,-43.3734,-32.509,28.178,186.6,85.611
2,-45.0,60.0,2.7434,-43.1916,-43.3737,-32.51,-13.464,180.476,85.611
3,-45.0,60.0,2.7434,-43.1917,-43.3738,-32.51,-56.626,168.068,85.611
4,-45.0,60.0,2.7435,-43.1919,-43.374,108.645,49.91,8.688,85.612
1,-45.0,65.0,3.4595,-44.7197,-44.9579,-35.672,29.174,185.639,88.362
2,-45.0,65.0,3.4594,-44.72,-44.9582,-35.673,-12.374,179.624,88.362
3,-45.0,65.0,3.4595,-44.7201,-44.9583,-35.673,-55.434,167.366,88.363
4,-45.0,65.0,3.4595,-44.7203,-44.9585,108.083,48.646,5.526,88.363
1,-45.0,70.0,4.0433,-46.0076,-46.3008,-38.308,29.959,184.717,90.654
2,-45.0,70.0,4.0432,-46.0079,-46.301,-38.308,-11.497,178.789,90.654
3,-45.0,70.0,4.0432,-46.008,-46.3012,-38.309,-54.455,166.652,90.654
4,-45.0,70.0,4.0433,-46.0082,-46.3014,107.484,47.593,2.89,90.655
1,-45.0,75.0,4.4873,-47.0142,-47.3558,-40.346,30.536,183.926,92.427
2,-45.0,75.0,4.4872,-47.0144,-47.3561,-40.347,-10.839,178.063,92.427
3,-45.0,75.0,4.4872,-47.0146,-47.3562,-40.347,-53.709,166.018,92.427
4,-45.0,75.0,4.4873,-47.0148,-47.3564,106.939,46.779,0.851,92.428
1,-45.0,80.0,4.7848,-47.7026,-48.0803,-41.729,30.913,183.35,93.629
2,-45.0,80.0,4.7847,-47.7028,-48.0806,-41.729,-10.405,177.53,93.63
3,-45.0,80.0,4.7847,-47.7029,-48.0807,-41.73,-53.208,165.546,93.63
4,-45.0,80.0,4.7848,-47.7032,-48.081,106.526,46.228,-0.531,93.63
1,-45.0,85.0,4.9302,-48.0433,-48.4399,-42.409,31.094,183.054,94.222
2,-45.0,85.0,4.9302,-48.0435,-48.4402,-42.41,-10.194,177.255,94.222
3,-45.0,85.0,4.9302,-48.0437,-48.4403,-42.41,-52.963,165.301,94.222
4,-45.0,85.0,4.9302,-48.0439,-48.4406,106.31,45.957,-1.212,94.223
1,-45.0,90.0,4.9193,-48.0177,-48.4129,-42.358,31.08,183.077,94.177
2,-45.0,90.0,4.9193,-48.0179,-48.4131,-42.359,-10.21,177.276,94.178
3,-45.0,90.0,4.9193,-48.0181,-48.4133,-42.359,-52.982,165.32,94.178
4,-45.0,90.0,4.9193,-48.0183,-48.4135,106.327,45.978,-1.161,94.178
1,-40.0,-90.0,-30.3768,5.9364,5.8307,54.64,0.445,142.219,29.546
2,-40.0,-90.0,-30.3767,5.9363,5.8306,54.64,-36.407,133.44,29.546
3,-40.0,-90.0,-30.3768,5.9364,5.8307,54.64,-73.233,118.44,29.546
4,-40.0,-90.0,-30.3767,5.9362,5.8305,57.457,60.793,95.839,29.546
1,-40.0,-85.0,-30.2528,5.7934,5.6912,54.51,0.407,142.487,29.399
2,-40.0,-85.0,-30.2527,5.7933,5.6911,54.51,-36.472,133.703,29.399
3,-40.0,-85.0,-30.2528,5.7934,5.6912,54.51,-73.333,118.692,29.399
4,-40.0,-85.0,-30.2527,5.7932,5.691,57.696,60.92,95.709,29.399
1,-40.0,-80.0,-29.9956,5.4973,5.4021,54.238,0.332,143.043,29.097
2,-40.0,-80.0,-29.9956,5.4971,5.402,54.238,-36.605,134.247,29.098
3,-40.0,-80.0,-29.9957,5.4972,5.4021,54.238,-73.535,119.214,29.098
4,-40.0,-80.0,-29.9956,5.497,5.4019,58.192,61.18,95.437,29.098
1,-40.0,-75.0,-29.605,5.0479,4.963,53.816,0.229,143.885,28.65
2,-40.0,-75.0,-29.6049,5.0478,4.9629,53.816,-36.796,135.075,28.65
3,-40.0,-75.0,-29.605,5.0479,4.963,53.816,-73.832,120.01,28.65
4,-40.0,-75.0,-29.6049,5.0477,4.9628,58.949,61.566,95.016,28.65
1,-40.0,-70.0,-29.0818,4.4472,4.3752,53.237,0.111,145.012,28.07
2,-40.0,-70.0,-29.0817,4.447,4.3751,53.237,-37.031,136.183,28.07
3,-40.0,-70.0,-29.0818,4.4471,4.3752,53.237,-74.21,121.078,28.07
4,-40.0,-70.0,-29.0817,4.447,4.375,59.967,62.062,94.436,28.071
1,-40.0,-65.0,-28.4287,3.6988,3.6417,52.489,-0.005,146.416,27.383
2,-40.0,-65.0,-28.4287,3.6986,3.6416,52.489,-37.292,137.567,27.383
3,-40.0,-65.0,-28.4287,3.6987,3.6417,52.489,-74.65,122.415,27.383
4,-40.0,-65.0,-28.4286,3.6986,3.6415,61.247,62.651,93.689,27.383
1,-40.0,-60.0,-27.6501,2.8079,2.7671,51.563,-0.096,148.083,26.62
2,-40.0,-60.0,-27.65,2.8078,2.7669,51.563,-37.558,139.216,26.62
3,-40.0,-60.0,-27.6501,2.8079,2.767,51.563,-75.128,124.016,26.621
4,-40.0,-60.0,-27.65,2.8077,2.7669,62.783,63.307,92.762,26.621
1,-40.0,-55.0,-26.7516,1.7813,1.7571,50.446,-0.14,149.999,25.83
2,-40.0,-55.0,-26.7516,1.7812,1.7569,50.446,-37.802,141.116,25.83
3,-40.0,-55.0,-26.7516,1.7813,1.757,50.446,-75.618,125.868,25.83
4,-40.0,-55.0,-26.7515,1.7811,1.7569,64.567,64.003,91.646,25.83
1,-40.0,-50.0,-25.7406,0.6266,0.6186,49.128,-0.111,152.14,25.072
2,-40.0,-50.0,-25.7406,0.6264,0.6185,49.128,-37.996,143.249,25.072
3,-40.0,-50.0,-25.7406,0.6265,0.6186,49.128,-76.089,127.957,25.072
4,-40.0,-50.0,-25.7405,0.6264,0.6184,66.59,64.708,90.327,25.072
1,-40.0,-45.0,-24.6255,-0.6482,-0.6406,47.598,0.016,154.482,24.422
2,-40.0,-45.0,-24.6255,-0.6483,-0.6408,47.598,-38.115,145.591,24.422
3,-40.0,-45.0,-24.6255,-0.6482,-0.6407,47.598,-76.512,130.264,24.422
4,-40.0,-45.0,-24.6254,-0.6484,-0.6408,68.833,65.389,88.797,24.422
1,-40.0,-40.0,-23.4158,-2.0344,-2.0127,45.846,0.266,156.994,23.968
2,-40.0,-40.0,-23.4157,-2.0346,-2.0129,45.846,-38.129,148.115,23.969
3,-40.0,-40.0,-23.4158,-2.0345,-2.0128,45.846,-76.856,132.764,23.969
4,-40.0,-40.0,-23.4157,-2.0346,-2.0129,71.279,66.014,87.045,23.969
1,-40.0,-35.0,-22.1217,-3.5238,-3.4896,43.864,0.66,159.642,23.81
2,-40.0,-35.0,-22.1216,-3.5239,-3.4897,43.863,-38.014,150.79,23.81
3,-40.0,-35.0,-22.1217,-3.5238,-3.4897,43.863,-77.091,135.432,23.81
4,-40.0,-35.0,-22.1216,-3.524,-3.4898,73.903,66.55,85.063,23.81
1,-40.0,-30.0,-20.7539,-5.1082,-5.0633,41.645,1.215,162.391,24.041
2,-40.0,-30.0,-20.7539,-5.1083,-5.0634,41.644,-37.749,153.582,24.041
3,-40.0,-30.0,-20.7539,-5.1082,-5.0634,41.644,-77.193,138.234,24.041
4,-40.0,-30.0,-20.7538,-5.1083,-5.0635,76.676,66.968,82.843,24.041
1,-40.0,-25.0,-19.3237,-6.7798,-6.7262,39.184,1.947,165.2,24.737
2,-40.0,-25.0,-19.3236,-6.78,-6.7263,39.183,-37.315,156.452,24.737
3,-40.0,-25.0,-19.3237,-6.7799,-6.7263,39.183,-77.137,141.136,24.737
4,-40.0,-25.0,-19.3236,-6.78,-6.7264,79.566,67.241,80.383,24.737
1,-40.0,-20.0,-17.8423,-8.5317,-8.471,36.479,2.863,168.029,25.944
2,-40.0,-20.0,-17.8422,-8.5318,-8.4712,36.478,-36.699,159.361,25.944
3,-40.0,-20.0,-17.8423,-8.5318,-8.4711,36.478,-76.906,144.101,25.944
4,-40.0,-20.0,-17.8422,-8.5319,-8.4712,82.537,67.347,77.677,25.945
1,-40.0,-15.0,-16.3211,-10.3569,-10.291,33.529,3.968,170.835,27.671
2,-40.0,-15.0,-16.321,-10.3571,-10.2911,33.528,-35.894,162.267,27.671
3,-40.0,-15.0,-16.3211,-10.357,-10.291,33.528,-76.487,147.087,27.671
4,-40.0,-15.0,-16.321,-10.3571,-10.2911,85.552,67.269,74.727,27.671
1,-40.0,-10.0,-14.7713,-12.2492,-12.1794,30.337,5.258,173.575,29.893
2,-40.0,-10.0,-14.7713,-12.2494,-12.1796,30.336,-34.897,165.127,29.893
3,-40.0,-10.0,-14.7713,-12.2493,-12.1795,30.336,-75.872,150.053,29.893
4,-40.0,-10.0,-14.7713,-12.2494,-12.1796,88.568,66.993,71.536,29.893
1,-40.0,-5.0,-13.2043,-14.2024,-14.1301,26.909,6.726,176.206,32.563
2,-40.0,-5.0,-13.2043,-14.2025,-14.1302,26.908,-33.712,167.897,32.564
3,-40.0,-5.0,-13.2043,-14.2025,-14.1302,26.908,-75.059,152.954,32.564
4,-40.0,-5.0,-13.2043,-14.2026,-14.1303,91.542,66.514,68.107,32.564
1,-40.0,0.0,-11.631,-16.2102,-16.1366,23.253,8.357,178.687,35.624
2,-40.0,0.0,-11.631,-16.2104,-16.1368,23.253,-32.35,170.535,35.624
3,-40.0,0.0,-11.631,-16.2103,-16.1367,23.253,-74.052,155.747,35.624
4,-40.0,0.0,-11.631,-16.2104,-16.1368,94.431,65.83,64.452,35.624
1,-40.0,5.0,-10.0624,-18.2662,-18.1925,19.384,10.131,180.977,39.013
2,-40.0,5.0,-10.0624,-18.2664,-18.1927,19.384,-30.824,172.999,39.013
3,-40.0,5.0,-10.0624,-18.2663,-18.1926,19.384,-72.862,158.389,39.013
4,-40.0,5.0,-10.0623,-18.2664,-18.1927,97.191,64.946,60.583,39.013
1,-40.0,10.0,-8.5091,-20.3632,-20.2907,15.32,12.024,183.041,42.669
2,-40.0,10.0,-8.5091,-20.3634,-20.2908,15.32,-29.157,175.248,42.669
3,-40.0,10.0,-8.5091,-20.3634,-20.2908,15.319,-71.503,160.837,42.669
4,-40.0,10.0,-8.509,-20.3635,-20.2909,99.777,63.873,56.518,42.67
1,-40.0,15.0,-6.9816,-22.4932,-22.4233,11.084,14.006,184.843,46.534
2,-40.0,15.0,-6.9816,-22.4934,-22.4234,11.084,-27.375,177.248,46.534
3,-40.0,15.0,-6.9816,-22.4933,-22.4234,11.084,-69.997,163.052,46.534
4,-40.0,15.0,-6.9816,-22.4935,-22.4235,102.148,62.627,52.283,46.534
1,-40.0,20.0,-5.4904,-24.6466,-24.5811,6.708,16.043,186.358,50.55
2,-40.0,20.0,-5.4904,-24.6468,-24.5813,6.707,-25.507,178.967,50.551
3,-40.0,20.0,-5.4905,-24.6468,-24.5813,6.707,-68.369,165.0,50.551
4,-40.0,20.0,-5.4904,-24.6469,-24.5814,104.268,61.231,47.906,50.551
1,-40.0,25.0,-4.0458,-26.8122,-26.7534,2.226,18.1,187.563,54.663
2,-40.0,25.0,-4.0458,-26.8123,-26.7536,2.226,-23.588,180.38,54.663
3,-40.0,25.0,-4.0458,-26.8123,-26.7536,2.225,-66.651,166.652,54.663
4,-40.0,25.0,-4.0458,-26.8125,-26.7537,106.104,59.71,43.424,54.663
1,-40.0,30.0,-2.6578,-28.9761,-28.9272,-2.315,20.137,188.445,58.816
2,-40.0,30.0,-2.6578,-28.9763,-28.9274,-2.316,-21.654,181.471,58.816
3,-40.0,30.0,-2.6578,-28.9763,-28.9274,-2.316,-64.876,167.986,58.816
4,-40.0,30.0,-2.6577,-28.9765,-28.9275,107.63,58.097,38.883,58.816
1,-40.0,35.0,-1.3364,-31.122,-31.0868,-6.864,22.118,189.002,62.953
2,-40.0,35.0,-1.3364,-31.1222,-31.087,-6.865,-19.742,182.232,62.953
3,-40.0,35.0,-1.3364,-31.1222,-31.087,-6.865,-63.08,168.99,62.953
4,-40.0,35.0,-1.3364,-31.1224,-31.0871,108.831,56.427,34.334,62.954
1,-40.0,40.0,-0.0916,-33.2301,-33.2131,-11.361,24.005,189.243,67.016
2,-40.0,40.0,-0.0916,-33.2302,-33.2133,-11.362,-17.891,182.668,67.016
3,-40.0,40.0,-0.0916,-33.2303,-33.2133,-11.362,-61.301,169.664,67.016
4,-40.0,40.0,-0.0916,-33.2304,-33.2134,109.702,54.736,29.836,67.016
1,-40.0,45.0,1.0668,-35.2766,-35.2833,-15.739,25.764,189.187,70.944
2,-40.0,45.0,1.0668,-35.2768,-35.2835,-15.74,-16.136,182.797,70.944
3,-40.0,45.0,1.0668,-35.2769,-35.2835,-15.74,-59.578,170.02,70.944
4,-40.0,45.0,1.0669,-35.277,-35.2837,110.251,53.064,25.459,70.945
1,-40.0,50.0,2.1293,-37.2342,-37.2702,-19.924,27.365,188.871,74.675
2,-40.0,50.0,2.1293,-37.2344,-37.2704,-19.924,-14.51,182.65,74.675
3,-40.0,50.0,2.1293,-37.2345,-37.2705,-19.925,-57.947,170.087,74.675
4,-40.0,50.0,2.1293,-37.2346,-37.2706,110.502,51.451,21.274,74.676
1,-40.0,55.0,3.0864,-39.0712,-39.1419,-23.836,28.785,188.345,78.144
2,-40.0,55.0,3.0863,-39.0714,-39.1421,-23.837,-13.043,182.275,78.144
3,-40.0,55.0,3.0863,-39.0715,-39.1422,-23.838,-56.443,169.907,78.144
4,-40.0,55.0,3.0864,-39.0716,-39.1424,110.493,49.937,17.361,78.145
1,-40.0,60.0,3.9288,-40.7522,-40.8622,-27.396,30.008,187.672,81.285
2,-40.0,60.0,3.9288,-40.7524,-40.8624,-27.397,-11.757,181.734,81.285
3,-40.0,60.0,3.9288,-40.7525,-40.8625,-27.397,-55.097,169.538,81.285
4,-40.0,60.0,3.9288,-40.7527,-40.8627,110.279,48.558,13.802,81.286
1,-40.0,65.0,4.6479,-42.2392,-42.3907,-30.522,31.023,186.928,84.033
2,-40.0,65.0,4.6479,-42.2394,-42.3909,-30.522,-10.669,181.099,84.034
3,-40.0,65.0,4.6479,-42.2395,-42.391,-30.523,-53.936,169.051,84.034
4,-40.0,65.0,4.6479,-42.2396,-42.3912,109.926,47.349,10.676,84.034
1,-40.0,70.0,5.2353,-43.4925,-43.6849,-33.135,31.828,186.192,86.325
2,-40.0,70.0,5.2353,-43.4927,-43.6851,-33.136,-9.792,180.452,86.326
3,-40.0,70.0,5.2353,-43.4928,-43.6852,-33.136,-52.982,168.524,86.326
4,-40.0,70.0,5.2353,-43.493,-43.6854,109.511,46.341,8.063,86.326
1,-40.0,75.0,5.6833,-44.4737,-44.7022,-35.165,32.424,185.55,88.103
2,-40.0,75.0,5.6833,-44.4739,-44.7024,-35.166,-9.132,179.875,88.104
3,-40.0,75.0,5.6833,-44.474,-44.7025,-35.166,-52.252,168.038,88.104
4,-40.0,75.0,5.6833,-44.4742,-44.7027,109.11,45.561,6.032,88.104
1,-40.0,80.0,5.9853,-45.1478,-45.4035,-36.551,32.816,185.074,89.316
2,-40.0,80.0,5.9852,-45.148,-45.4037,-36.552,-8.692,179.444,89.316
3,-40.0,80.0,5.9852,-45.1482,-45.4038,-36.553,-51.76,167.667,89.316
4,-40.0,80.0,5.9853,-45.1484,-45.404,108.798,45.03,4.646,89.317
1,-40.0,85.0,6.1354,-45.487,-45.7571,-37.246,33.008,184.825,89.923
2,-40.0,85.0,6.1353,-45.4872,-45.7573,-37.247,-8.476,179.215,89.924
3,-40.0,85.0,6.1353,-45.4874,-45.7574,-37.247,-51.516,167.469,89.924
4,-40.0,85.0,6.1354,-45.4876,-45.7576,108.629,44.764,3.952,89.924
1,-40.0,90.0,6.1293,-45.4733,-45.7427,-37.218,33.0,184.835,89.899
2,-40.0,90.0,6.1292,-45.4735,-45.7429,-37.218,-8.484,179.225,89.899
3,-40.0,90.0,6.1293,-45.4736,-45.7431,-37.219,-51.525,167.477,89.899
4,-40.0,90.0,6.1293,-45.4738,-45.7433,108.636,44.775,3.98,89.9
1,-35.0,-90.0,-28.9342,7.678,7.5253,56.137,2.932,140.124,29.275
2,-35.0,-90.0,-28.9342,7.6779,7.5252,56.136,-33.714,131.617,29.275
3,-35.0,-90.0,-28.9342,7.678,7.5253,56.136,-70.325,116.983,29.276
4,-35.0,-90.0,-28.9341,7.6779,7.5251,56.339,57.739,97.336,29.276
1,-35.0,-85.0,-28.8112,7.5355,7.3869,56.02,2.893,140.392,29.102
2,-35.0,-85.0,-28.8111,7.5354,7.3868,56.02,-33.781,131.879,29.102
3,-35.0,-85.0,-28.8112,7.5355,7.3869,56.02,-70.426,117.235,29.102
4,-35.0,-85.0,-28.8111,7.5353,7.3867,56.578,57.867,97.219,29.102
1,-35.0,-80.0,-28.5567,7.241,7.1009,55.776,2.816,140.946,28.746
2,-35.0,-80.0,-28.5567,7.2409,7.1008,55.775,-33.916,132.422,28.746
3,-35.0,-80.0,-28.5568,7.241,7.1009,55.775,-70.631,117.756,28.746
4,-35.0,-80.0,-28.5567,7.2408,7.1007,57.072,58.13,96.975,28.746
1,-35.0,-75.0,-28.1704,6.7946,6.6668,55.397,2.709,141.787,28.213
2,-35.0,-75.0,-28.1704,6.7945,6.6667,55.397,-34.11,133.247,28.213
3,-35.0,-75.0,-28.1705,6.7946,6.6668,55.397,-70.931,118.548,28.213
4,-35.0,-75.0,-28.1704,6.7944,6.6667,57.825,58.518,96.596,28.213
1,-35.0,-70.0,-27.6533,6.1983,6.0861,54.875,2.585,142.911,27.515
2,-35.0,-70.0,-27.6532,6.1982,6.086,54.875,-34.351,134.352,27.515
3,-35.0,-70.0,-27.6533,6.1983,6.0861,54.875,-71.314,119.612,27.515
4,-35.0,-70.0,-27.6532,6.1981,6.0859,58.839,59.019,96.074,27.515
1,-35.0,-65.0,-27.0078,5.4558,5.3616,54.199,2.461,144.311,26.67
2,-35.0,-65.0,-27.0078,5.4557,5.3615,54.199,-34.62,135.731,26.67
3,-35.0,-65.0,-27.0079,5.4558,5.3616,54.199,-71.761,120.945,26.67
4,-35.0,-65.0,-27.0078,5.4556,5.3614,60.112,59.613,95.399,26.67
1,-35.0,-60.0,-26.2381,4.5723,4.4978,53.359,2.359,145.976,25.707
2,-35.0,-60.0,-26.2381,4.5722,4.4976,53.359,-34.896,137.377,25.707
3,-35.0,-60.0,-26.2382,4.5723,4.4977,53.359,-72.249,122.54,25.707
4,-35.0,-60.0,-26.2381,4.5721,4.4976,61.642,60.279,94.558,25.707
1,-35.0,-55.0,-25.3498,3.5546,3.5003,52.342,2.301,147.89,24.668
2,-35.0,-55.0,-25.3497,3.5545,3.5002,52.342,-35.153,139.274,24.668
3,-35.0,-55.0,-25.3498,3.5546,3.5003,52.342,-72.752,124.388,24.668
4,-35.0,-55.0,-25.3497,3.5544,3.5001,63.421,60.988,93.541,24.668
1,-35.0,-50.0,-24.3497,2.4102,2.376,51.137,2.313,150.033,23.609
2,-35.0,-50.0,-24.3497,2.4101,2.3759,51.136,-35.365,141.406,23.609
3,-35.0,-50.0,-24.3498,2.4102,2.376,51.136,-73.24,126.474,23.609
4,-35.0,-50.0,-24.3497,2.41,2.3758,65.438,61.71,92.336,23.609
1,-35.0,-45.0,-23.2462,1.1474,1.1323,49.731,2.419,152.379,22.604
2,-35.0,-45.0,-23.2462,1.1472,1.1322,49.731,-35.505,143.751,22.604
3,-35.0,-45.0,-23.2462,1.1473,1.1323,49.731,-73.685,128.78,22.604
4,-35.0,-45.0,-23.2461,1.1472,1.1322,67.68,62.412,90.93,22.605
1,-35.0,-40.0,-22.0483,-0.2254,-0.2227,48.114,2.644,154.901,21.751
2,-35.0,-40.0,-22.0483,-0.2256,-0.2229,48.114,-35.546,146.283,21.751
3,-35.0,-40.0,-22.0484,-0.2255,-0.2228,48.114,-74.056,131.285,21.751
4,-35.0,-40.0,-22.0483,-0.2256,-0.2229,70.126,63.064,89.313,21.751
1,-35.0,-35.0,-20.7661,-1.6997,-1.6812,46.277,3.008,157.567,21.163
2,-35.0,-35.0,-20.7661,-1.6999,-1.6813,46.277,-35.462,148.971,21.163
3,-35.0,-35.0,-20.7661,-1.6998,-1.6813,46.277,-74.323,133.962,21.163
4,-35.0,-35.0,-20.7661,-1.6999,-1.6814,72.756,63.633,87.476,21.163
1,-35.0,-30.0,-19.4101,-3.2674,-3.2351,44.212,3.531,160.34,20.964
2,-35.0,-30.0,-19.41,-3.2675,-3.2353,44.212,-35.231,151.784,20.964
3,-35.0,-30.0,-19.4101,-3.2674,-3.2352,44.212,-74.462,136.78,20.964
4,-35.0,-30.0,-19.41,-3.2675,-3.2353,75.54,64.09,85.411,20.964
1,-35.0,-25.0,-17.9912,-4.9206,-4.8768,41.913,4.227,163.183,21.267
2,-35.0,-25.0,-17.9911,-4.9207,-4.877,41.913,-34.837,154.684,21.267
3,-35.0,-25.0,-17.9912,-4.9206,-4.8769,41.913,-74.449,139.707,21.267
4,-35.0,-25.0,-17.9911,-4.9207,-4.877,78.45,64.409,83.112,21.267
1,-35.0,-20.0,-16.5205,-6.652,-6.599,39.376,5.105,166.057,22.147
2,-35.0,-20.0,-16.5204,-6.6522,-6.5991,39.376,-34.264,157.634,22.147
3,-35.0,-20.0,-16.5205,-6.6521,-6.599,39.376,-74.266,142.707,22.147
4,-35.0,-20.0,-16.5204,-6.6522,-6.5991,81.451,64.566,80.575,22.147
1,-35.0,-15.0,-15.0092,-8.4549,-8.3946,36.6,6.169,168.919,23.629
2,-35.0,-15.0,-15.0092,-8.4551,-8.3947,36.599,-33.504,160.592,23.629
3,-35.0,-15.0,-15.0093,-8.455,-8.3946,36.599,-73.9,145.739,23.629
4,-35.0,-15.0,-15.0092,-8.4551,-8.3947,84.505,64.545,77.799,23.629
1,-35.0,-10.0,-13.4687,-10.3228,-10.2569,33.585,7.419,171.73,25.684
2,-35.0,-10.0,-13.4686,-10.3229,-10.257,33.585,-32.556,163.518,25.685
3,-35.0,-10.0,-13.4687,-10.3229,-10.257,33.585,-73.341,148.763,25.685
4,-35.0,-10.0,-13.4686,-10.323,-10.2571,87.573,64.332,74.784,25.685
1,-35.0,-5.0,-11.9099,-12.2493,-12.1794,30.337,8.846,174.446,28.252
2,-35.0,-5.0,-11.9098,-12.2494,-12.1796,30.336,-31.421,166.369,28.252
3,-35.0,-5.0,-11.9099,-12.2493,-12.1795,30.336,-72.588,151.738,28.252
4,-35.0,-5.0,-11.9098,-12.2494,-12.1796,90.614,63.921,71.536,28.253
1,-35.0,0.0,-10.3438,-14.2281,-14.1557,26.863,10.437,177.028,31.255
2,-35.0,0.0,-10.3438,-14.2282,-14.1558,26.862,-30.108,169.103,31.255
3,-35.0,0.0,-10.3438,-14.2281,-14.1558,26.862,-71.643,154.619,31.255
4,-35.0,0.0,-10.3438,-14.2282,-14.1559,93.584,63.308,68.061,31.256
1,-35.0,5.0,-8.7814,-16.2526,-16.1789,23.175,12.173,179.436,34.615
2,-35.0,5.0,-8.7814,-16.2527,-16.1791,23.174,-28.632,171.679,34.615
3,-35.0,5.0,-8.7814,-16.2526,-16.179,23.174,-70.516,157.366,34.615
4,-35.0,5.0,-8.7814,-16.2528,-16.1791,96.44,62.5,64.373,34.616
1,-35.0,10.0,-7.2333,-18.3156,-18.2419,19.29,14.032,181.633,38.259
2,-35.0,10.0,-7.2333,-18.3157,-18.242,19.289,-27.014,174.059,38.259
3,-35.0,10.0,-7.2333,-18.3157,-18.242,19.289,-69.222,159.937,38.259
4,-35.0,10.0,-7.2333,-18.3158,-18.2421,99.141,61.505,60.488,38.259
1,-35.0,15.0,-5.7101,-20.409,-20.3364,15.23,15.983,183.588,42.119
2,-35.0,15.0,-5.7101,-20.4091,-20.3366,15.23,-25.277,176.207,42.119
3,-35.0,15.0,-5.7101,-20.4091,-20.3366,15.23,-67.781,162.293,42.119
4,-35.0,15.0,-5.7101,-20.4092,-20.3367,101.645,60.34,56.429,42.119
1,-35.0,20.0,-4.2221,-22.5232,-22.4533,11.024,17.996,185.272,46.134
2,-35.0,20.0,-4.2221,-22.5234,-22.4535,11.024,-23.452,178.092,46.134
3,-35.0,20.0,-4.2221,-22.5234,-22.4535,11.023,-66.217,164.4,46.134
4,-35.0,20.0,-4.2221,-22.5235,-22.4536,103.916,59.025,52.222,46.134
1,-35.0,25.0,-2.7797,-24.6471,-24.5816,6.706,20.033,186.664,50.245
2,-35.0,25.0,-2.7797,-24.6473,-24.5818,6.706,-21.572,179.689,50.245
3,-35.0,25.0,-2.7797,-24.6473,-24.5818,6.706,-64.561,166.229,50.245
4,-35.0,25.0,-2.7797,-24.6474,-24.5819,105.92,57.586,47.905,50.245
1,-35.0,30.0,-1.393,-26.7672,-26.7083,2.32,22.058,187.749,54.395
2,-35.0,30.0,-1.393,-26.7674,-26.7084,2.319,-19.671,180.979,54.396
3,-35.0,30.0,-1.393,-26.7674,-26.7085,2.319,-62.846,167.757,54.396
4,-35.0,30.0,-1.393,-26.7675,-26.7085,107.633,56.055,43.518,54.396
1,-35.0,35.0,-0.0721,-28.8672,-28.8177,-2.085,24.033,188.523,58.528
2,-35.0,35.0,-0.0721,-28.8674,-28.8179,-2.086,-17.788,181.955,58.528
3,-35.0,35.0,-0.0721,-28.8674,-28.8179,-2.086,-61.106,168.97,58.528
4,-35.0,35.0,-0.0721,-28.8675,-28.818,109.035,54.464,39.113,58.529
1,-35.0,40.0,1.1731,-30.9279,-30.8912,-6.451,25.92,188.991,62.585
2,-35.0,40.0,1.1731,-30.928,-30.8913,-6.452,-15.96,182.619,62.585
3,-35.0,40.0,1.1731,-30.928,-30.8914,-6.452,-59.38,169.866,62.585
4,-35.0,40.0,1.1731,-30.9282,-30.8915,110.121,52.85,34.747,62.586
1,-35.0,45.0,2.3328,-32.9263,-32.9063,-10.712,27.687,189.172,66.506
2,-35.0,45.0,2.3327,-32.9264,-32.9065,-10.713,-14.222,182.983,66.506
3,-35.0,45.0,2.3327,-32.9265,-32.9065,-10.713,-57.704,170.454,66.507
4,-35.0,45.0,2.3328,-32.9266,-32.9067,110.894,51.252,30.486,66.507
1,-35.0,50.0,3.3972,-34.8358,-34.8369,-14.796,29.302,189.095,70.23
2,-35.0,50.0,3.3971,-34.836,-34.837,-14.797,-12.608,183.075,70.23
3,-35.0,50.0,3.3971,-34.8361,-34.8371,-14.797,-56.116,170.757,70.23
4,-35.0,50.0,3.3972,-34.8362,-34.8372,111.374,49.708,26.402,70.231
1,-35.0,55.0,4.3568,-36.6262,-36.6523,-18.625,30.74,188.805,73.692
2,-35.0,55.0,4.3568,-36.6264,-36.6524,-18.626,-11.146,182.937,73.693
3,-35.0,55.0,4.3568,-36.6264,-36.6525,-18.626,-54.649,170.81,73.693
4,-35.0,55.0,4.3568,-36.6266,-36.6526,111.594,48.257,22.573,73.693
1,-35.0,60.0,5.2025,-38.2635,-38.318,-22.119,31.985,188.357,76.829
2,-35.0,60.0,5.2025,-38.2637,-38.3182,-22.119,-9.862,182.622,76.829
3,-35.0,60.0,5.2025,-38.2638,-38.3183,-22.12,-53.335,170.666,76.829
4,-35.0,60.0,5.2025,-38.264,-38.3184,111.599,46.934,19.079,76.829
1,-35.0,65.0,5.9254,-39.7115,-39.7963,-25.195,33.024,187.819,79.575
2,-35.0,65.0,5.9253,-39.7117,-39.7965,-25.196,-8.772,182.195,79.575
3,-35.0,65.0,5.9254,-39.7118,-39.7966,-25.196,-52.198,170.385,79.575
4,-35.0,65.0,5.9254,-39.712,-39.7967,111.448,45.773,16.003,79.576
1,-35.0,70.0,6.517,-40.9327,-41.0473,-27.777,33.853,187.262,81.868
2,-35.0,70.0,6.5169,-40.9329,-41.0475,-27.778,-7.89,181.728,81.869
3,-35.0,70.0,6.517,-40.933,-41.0476,-27.778,-51.263,170.037,81.869
4,-35.0,70.0,6.517,-40.9332,-41.0478,111.209,44.804,13.421,81.869
1,-35.0,75.0,6.9696,-41.8905,-42.0316,-29.791,34.471,186.762,83.652
2,-35.0,75.0,6.9696,-41.8906,-42.0318,-29.792,-7.223,181.295,83.652
3,-35.0,75.0,6.9696,-41.8908,-42.0319,-29.792,-50.545,169.694,83.653
4,-35.0,75.0,6.9696,-41.8909,-42.0321,110.949,44.052,11.407,83.653
1,-35.0,80.0,7.2764,-42.5518,-42.713,-31.176,34.881,186.383,84.875
2,-35.0,80.0,7.2763,-42.552,-42.7132,-31.176,-6.775,180.961,84.876
3,-35.0,80.0,7.2764,-42.5521,-42.7133,-31.177,-50.058,169.422,84.876
4,-35.0,80.0,7.2764,-42.5523,-42.7135,110.734,43.537,10.022,84.876
1,-35.0,85.0,7.4315,-42.89,-43.0621,-31.882,35.085,186.179,85.498
2,-35.0,85.0,7.4314,-42.8902,-43.0623,-31.882,-6.551,180.78,85.499
3,-35.0,85.0,7.4315,-42.8903,-43.0624,-31.883,-49.812,169.271,85.499
4,-35.0,85.0,7.4315,-42.8905,-43.0626,110.612,43.275,9.316,85.499
1,-35.0,90.0,7.4305,-42.8878,-43.0597,-31.877,35.084,186.18,85.494
2,-35.0,90.0,7.4304,-42.8879,-43.0599,-31.877,-6.552,180.781,85.495
3,-35.0,90.0,7.4304,-42.888,-43.0601,-31.878,-49.813,169.272,85.495
4,-35.0,90.0,7.4304,-42.8882,-43.0602,110.613,43.277,9.321,85.495
1,-30.0,-90.0,-27.4332,9.4623,9.2515,57.508,5.389,137.844,29.553
2,-30.0,-90.0,-27.4332,9.4622,9.2514,57.508,-31.032,129.606,29.553
3,-30.0,-90.0,-27.4333,9.4623,9.2515,57.508,-67.404,115.34,29.553
4,-30.0,-90.0,-27.4332,9.4621,9.2513,55.037,54.65,98.708,29.553
1,-30.0,-85.0,-27.3108,9.3197,9.114,57.405,5.349,138.112,29.356
2,-30.0,-85.0,-27.3108,9.3197,9.1139,57.404,-31.1,129.869,29.356
3,-30.0,-85.0,-27.3108,9.3197,9.114,57.404,-67.506,115.591,29.356
4,-30.0,-85.0,-27.3107,9.3196,9.1138,55.275,54.78,98.604,29.356
1,-30.0,-80.0,-27.0586,9.0265,8.8309,57.188,5.27,138.665,28.952
2,-30.0,-80.0,-27.0586,9.0264,8.8308,57.188,-31.237,130.41,28.952
3,-30.0,-80.0,-27.0586,9.0265,8.8309,57.188,-67.712,116.111,28.952
4,-30.0,-80.0,-27.0586,9.0263,8.8307,55.768,55.043,98.388,28.952
1,-30.0,-75.0,-26.6762,8.5827,8.4019,56.853,5.16,139.503,28.343
2,-30.0,-75.0,-26.6762,8.5826,8.4018,56.852,-31.433,131.232,28.343
3,-30.0,-75.0,-26.6763,8.5827,8.4019,56.852,-68.014,116.9,28.343
4,-30.0,-75.0,-26.6762,8.5826,8.4017,56.518,55.433,98.052,28.343
1,-30.0,-70.0,-26.1646,7.9904,7.8283,56.389,5.033,140.623,27.538
2,-30.0,-70.0,-26.1646,7.9903,7.8282,56.388,-31.677,132.332,27.538
3,-30.0,-70.0,-26.1647,7.9904,7.8283,56.388,-68.399,117.959,27.538
4,-30.0,-70.0,-26.1646,7.9903,7.8281,57.526,55.936,97.588,27.538
1,-30.0,-65.0,-25.5263,7.2534,7.113,55.786,4.904,142.019,26.551
2,-30.0,-65.0,-25.5262,7.2533,7.1129,55.786,-31.951,133.707,26.551
3,-30.0,-65.0,-25.5263,7.2534,7.113,55.786,-68.85,119.286,26.551
4,-30.0,-65.0,-25.5262,7.2533,7.1128,58.794,56.534,96.985,26.551
1,-30.0,-60.0,-24.765,6.377,6.2603,55.033,4.794,143.679,25.403
2,-30.0,-60.0,-24.7649,6.3769,6.2602,55.033,-32.234,135.346,25.403
3,-30.0,-60.0,-24.765,6.377,6.2602,55.033,-69.345,120.874,25.404
4,-30.0,-60.0,-24.7649,6.3769,6.2601,60.316,57.205,96.232,25.404
1,-30.0,-55.0,-23.8862,5.3679,5.2758,54.118,4.726,145.588,24.128
2,-30.0,-55.0,-23.8861,5.3678,5.2757,54.117,-32.501,137.239,24.128
3,-30.0,-55.0,-23.8862,5.3679,5.2757,54.117,-69.857,122.716,24.128
4,-30.0,-55.0,-23.8861,5.3677,5.2756,62.087,57.922,95.317,24.128
1,-30.0,-50.0,-22.8965,4.2337,4.1661,53.027,4.724,147.729,22.772
2,-30.0,-50.0,-22.8965,4.2336,4.166,53.026,-32.727,139.367,22.772
3,-30.0,-50.0,-22.8965,4.2336,4.1661,53.026,-70.358,124.796,22.772
4,-30.0,-50.0,-22.8965,4.2335,4.1659,64.098,58.656,94.226,22.772
1,-30.0,-45.0,-21.804,2.9826,2.9387,51.748,4.813,150.076,21.401
2,-30.0,-45.0,-21.8039,2.9825,2.9386,51.748,-32.883,141.711,21.401
3,-30.0,-45.0,-21.804,2.9826,2.9387,51.748,-70.819,127.1,21.401
4,-30.0,-45.0,-21.8039,2.9824,2.9385,66.335,59.375,92.947,21.401
1,-30.0,-40.0,-20.6174,1.6232,1.6013,50.27,5.017,152.604,20.107
2,-30.0,-40.0,-20.6174,1.6231,1.6012,50.27,-32.945,144.246,20.107
3,-30.0,-40.0,-20.6174,1.6232,1.6013,50.27,-71.211,129.605,20.108
4,-30.0,-40.0,-20.6173,1.6231,1.6012,68.779,60.048,91.469,20.108
1,-30.0,-35.0,-19.3465,0.164,0.1619,48.582,5.358,155.28,19.013
2,-30.0,-35.0,-19.3465,0.1639,0.1618,48.582,-32.886,146.943,19.013
3,-30.0,-35.0,-19.3465,0.1639,0.1619,48.582,-71.505,132.287,19.013
4,-30.0,-35.0,-19.3465,0.1638,0.1618,71.41,60.643,89.781,19.013
1,-30.0,-30.0,-18.0016,-1.3869,-1.3715,46.676,5.853,158.071,18.269
2,-30.0,-30.0,-18.0016,-1.387,-1.3716,46.675,-32.685,149.771,18.269
3,-30.0,-30.0,-18.0016,-1.3869,-1.3715,46.675,-71.675,135.117,18.27
4,-30.0,-30.0,-18.0016,-1.3871,-1.3716,74.203,61.132,87.875,18.27
1,-30.0,-25.0,-16.5934,-3.0215,-2.9913,44.544,6.519,160.942,18.039
2,-30.0,-25.0,-16.5934,-3.0216,-2.9914,44.543,-32.323,152.695,18.039
3,-30.0,-25.0,-16.5934,-3.0216,-2.9913,44.543,-71.698,138.063,18.039
4,-30.0,-25.0,-16.5934,-3.0217,-2.9914,77.128,61.488,85.743,18.04
1,-30.0,-20.0,-15.1328,-4.7326,-4.69,42.181,7.364,163.852,18.458
2,-30.0,-20.0,-15.1328,-4.7327,-4.6901,42.18,-31.787,155.678,18.458
3,-30.0,-20.0,-15.1328,-4.7326,-4.6901,42.18,-71.555,141.091,18.458
4,-30.0,-20.0,-15.1328,-4.7327,-4.6902,80.152,61.69,83.38,18.458
1,-30.0,-15.0,-13.6309,-6.513,-6.4606,39.585,8.394,166.764,19.59
2,-30.0,-15.0,-13.6309,-6.5131,-6.4607,39.584,-31.067,158.681,19.591
3,-30.0,-15.0,-13.6309,-6.5131,-6.4607,39.584,-71.233,144.162,19.591
4,-30.0,-15.0,-13.6309,-6.5132,-6.4608,83.24,61.718,80.783,19.591
1,-30.0,-10.0,-12.0988,-8.3563,-8.2963,36.755,9.608,169.636,21.415
2,-30.0,-10.0,-12.0988,-8.3564,-8.2964,36.755,-30.16,161.664,21.415
3,-30.0,-10.0,-12.0988,-8.3564,-8.2963,36.755,-70.724,147.238,21.415
4,-30.0,-10.0,-12.0988,-8.3565,-8.2964,86.354,61.559,77.954,21.416
1,-30.0,-5.0,-10.5476,-10.2561,-10.1903,33.695,10.999,172.428,23.849
2,-30.0,-5.0,-10.5475,-10.2562,-10.1905,33.695,-29.068,164.587,23.849
3,-30.0,-5.0,-10.5476,-10.2561,-10.1904,33.695,-70.022,150.278,23.849
4,-30.0,-5.0,-10.5475,-10.2562,-10.1905,89.454,61.206,74.894,23.849
1,-30.0,0.0,-8.988,-12.2059,-12.1361,30.412,12.556,175.1,26.784
2,-30.0,0.0,-8.988,-12.206,-12.1362,30.411,-27.799,167.407,26.785
3,-30.0,0.0,-8.988,-12.2059,-12.1362,30.411,-69.132,153.24,26.784
4,-30.0,0.0,-8.988,-12.206,-12.1363,92.497,60.657,71.61,26.785
1,-30.0,5.0,-7.4311,-14.199,-14.1267,26.915,14.261,177.615,30.116
2,-30.0,5.0,-7.4311,-14.1991,-14.1268,26.914,-26.366,170.086,30.117
3,-30.0,5.0,-7.4311,-14.1991,-14.1268,26.914,-68.061,156.083,30.116
4,-30.0,5.0,-7.4311,-14.1992,-14.1268,95.443,59.915,68.113,30.117
1,-30.0,10.0,-5.8874,-16.2282,-16.1546,23.22,16.091,179.936,33.753
2,-30.0,10.0,-5.8874,-16.2283,-16.1548,23.219,-24.789,172.586,33.753
3,-30.0,10.0,-5.8874,-16.2283,-16.1547,23.219,-66.824,158.767,33.753
4,-30.0,10.0,-5.8874,-16.2284,-16.1548,98.25,58.99,64.418,33.753
1,-30.0,15.0,-4.3676,-18.2854,-18.2118,19.348,18.018,182.031,37.615
2,-30.0,15.0,-4.3676,-18.2856,-18.2119,19.347,-23.091,174.871,37.615
3,-30.0,15.0,-4.3676,-18.2855,-18.2119,19.347,-65.439,161.254,37.615
4,-30.0,15.0,-4.3676,-18.2856,-18.2119,100.878,57.895,60.546,37.615
1,-30.0,20.0,-2.882,-20.3612,-20.2886,15.324,20.011,183.873,41.634
2,-30.0,20.0,-2.882,-20.3613,-20.2888,15.324,-21.301,176.911,41.634
3,-30.0,20.0,-2.882,-20.3613,-20.2888,15.323,-63.931,163.51,41.634
4,-30.0,20.0,-2.882,-20.3614,-20.2888,103.29,56.652,56.523,41.634
1,-30.0,25.0,-1.4409,-22.4443,-22.3743,11.183,22.035,185.438,45.748
2,-30.0,25.0,-1.4409,-22.4445,-22.3744,11.182,-19.452,178.679,45.749
3,-30.0,25.0,-1.4409,-22.4444,-22.3744,11.182,-62.328,165.505,45.749
4,-30.0,25.0,-1.4409,-22.4445,-22.3745,105.454,55.286,52.381,45.749
1,-30.0,30.0,-0.0547,-24.5216,-24.4558,6.964,24.053,186.713,49.9
2,-30.0,30.0,-0.0547,-24.5217,-24.4559,6.963,-17.578,180.158,49.9
3,-30.0,30.0,-0.0547,-24.5217,-24.4559,6.963,-60.663,167.216,49.9
4,-30.0,30.0,-0.0547,-24.5218,-24.456,107.342,53.825,48.162,49.9
1,-30.0,35.0,1.2667,-26.5772,-26.5175,2.716,26.028,187.691,54.031
2,-30.0,35.0,1.2667,-26.5773,-26.5177,2.715,-15.716,181.337,54.031
3,-30.0,35.0,1.2667,-26.5773,-26.5177,2.715,-58.971,168.627,54.031
4,-30.0,35.0,1.2667,-26.5774,-26.5178,108.936,52.304,43.914,54.031
1,-30.0,40.0,2.5132,-28.5922,-28.5413,-1.506,27.923,188.374,58.084
2,-30.0,40.0,2.5132,-28.5923,-28.5414,-1.506,-13.903,182.214,58.084
3,-30.0,40.0,2.5132,-28.5923,-28.5414,-1.506,-57.288,169.734,58.084
4,-30.0,40.0,2.5132,-28.5925,-28.5415,110.225,50.757,39.693,58.084
1,-30.0,45.0,3.675,-30.5445,-30.5051,-5.637,29.703,188.776,61.999
2,-30.0,45.0,3.6749,-30.5446,-30.5053,-5.637,-12.175,182.8,62.0
3,-30.0,45.0,3.6749,-30.5447,-30.5053,-5.637,-55.652,170.54,62.0
4,-30.0,45.0,3.675,-30.5448,-30.5054,111.212,49.222,35.562,62.0
1,-30.0,50.0,4.7422,-32.4085,-32.3837,-9.606,31.337,188.925,65.717
2,-30.0,50.0,4.7421,-32.4086,-32.3839,-9.607,-10.566,183.118,65.717
3,-30.0,50.0,4.7421,-32.4087,-32.3839,-9.607,-54.097,171.066,65.718
4,-30.0,50.0,4.7422,-32.4088,-32.384,111.911,47.737,31.592,65.718
1,-30.0,55.0,5.7053,-34.1548,-34.1477,-13.339,32.8,188.856,69.174
2,-30.0,55.0,5.7052,-34.155,-34.1479,-13.34,-9.104,183.204,69.174
3,-30.0,55.0,5.7052,-34.155,-34.148,-13.34,-52.659,171.341,69.174
4,-30.0,55.0,5.7053,-34.1552,-34.1481,112.347,46.339,27.859,69.175
1,-30.0,60.0,6.555,-35.7513,-35.7644,-16.754,34.072,188.621,72.307
2,-30.0,60.0,6.5549,-35.7514,-35.7645,-16.755,-7.814,183.103,72.307
3,-30.0,60.0,6.5549,-35.7515,-35.7646,-16.755,-51.367,171.41,72.307
4,-30.0,60.0,6.5549,-35.7516,-35.7647,112.561,45.063,24.443,72.307
1,-30.0,65.0,7.2823,-37.1631,-37.1979,-19.772,35.14,188.278,75.052
2,-30.0,65.0,7.2822,-37.1632,-37.198,-19.772,-6.716,182.872,75.052
3,-30.0,65.0,7.2823,-37.1633,-37.1981,-19.773,-50.249,171.325,75.052
4,-30.0,65.0,7.2823,-37.1635,-37.1982,112.603,43.942,21.426,75.052
1,-30.0,70.0,7.8787,-38.3546,-38.4109,-22.312,35.996,187.89,77.348
2,-30.0,70.0,7.8787,-38.3548,-38.411,-22.313,-5.824,182.576,77.348
3,-30.0,70.0,7.8787,-38.3549,-38.4111,-22.313,-49.325,171.148,77.348
4,-30.0,70.0,7.8787,-38.355,-38.4112,112.532,43.005,18.885,77.348
1,-30.0,75.0,8.3365,-39.291,-39.3665,-24.303,36.64,187.523,79.138
2,-30.0,75.0,8.3364,-39.2912,-39.3666,-24.304,-5.146,182.279,79.138
3,-30.0,75.0,8.3365,-39.2913,-39.3667,-24.304,-48.614,170.941,79.138
4,-30.0,75.0,8.3365,-39.2915,-39.3669,112.407,42.275,16.895,79.139
1,-30.0,80.0,8.6485,-39.9409,-40.031,-25.681,37.07,187.237,80.373
2,-30.0,80.0,8.6484,-39.941,-40.0311,-25.682,-4.688,182.039,80.373
3,-30.0,80.0,8.6485,-39.9412,-40.0312,-25.682,-48.129,170.763,80.373
4,-30.0,80.0,8.6485,-39.9413,-40.0314,112.285,41.773,15.517,80.373
1,-30.0,85.0,8.8089,-40.2787,-40.3768,-26.396,37.288,187.078,81.012
2,-30.0,85.0,8.8088,-40.2788,-40.3769,-26.397,-4.454,181.904,81.012
3,-30.0,85.0,8.8088,-40.2789,-40.3771,-26.397,-47.879,170.66,81.012
4,-30.0,85.0,8.8088,-40.2791,-40.3772,112.211,41.513,14.802,81.013
1,-30.0,90.0,8.813,-40.2874,-40.3857,-26.414,37.294,187.074,81.028
2,-30.0,90.0,8.8129,-40.2875,-40.3858,-26.415,-4.448,181.901,81.028
3,-30.0,90.0,8.8129,-40.2876,-40.386,-26.415,-47.873,170.657,81.029
4,-30.0,90.0,8.8129,-40.2878,-40.3861,112.209,41.506,14.784,81.029
1,-25.0,-90.0,-25.8863,11.2778,10.9963,58.735,7.777,135.394,30.382
2,-25.0,-90.0,-25.8863,11.2778,10.9962,58.735,-28.401,127.419,30.382
3,-25.0,-90.0,-25.8863,11.2778,10.9963,58.735,-64.51,113.515,30.383
4,-25.0,-90.0,-25.8863,11.2777,10.9962,53.551,51.568,99.935,30.383
1,-25.0,-85.0,-25.7641,11.1349,10.8594,58.645,7.736,135.663,30.166
2,-25.0,-85.0,-25.764,11.1348,10.8593,58.644,-28.47,127.682,30.166
3,-25.0,-85.0,-25.7641,11.1349,10.8594,58.644,-64.613,113.767,30.166
4,-25.0,-85.0,-25.764,11.1347,10.8592,53.79,51.699,99.844,30.166
1,-25.0,-80.0,-25.5137,10.8424,10.579,58.456,7.656,136.215,29.722
2,-25.0,-80.0,-25.5136,10.8423,10.5789,58.456,-28.607,128.223,29.722
3,-25.0,-80.0,-25.5137,10.8424,10.579,58.456,-64.819,114.285,29.723
4,-25.0,-80.0,-25.5136,10.8422,10.5788,54.281,51.963,99.656,29.723
1,-25.0,-75.0,-25.1347,10.4006,10.1549,58.164,7.546,137.049,29.053
2,-25.0,-75.0,-25.1347,10.4006,10.1548,58.163,-28.805,129.041,29.053
3,-25.0,-75.0,-25.1347,10.4006,10.1549,58.163,-65.122,115.071,29.054
4,-25.0,-75.0,-25.1347,10.4005,10.1547,55.028,52.352,99.363,29.054
1,-25.0,-70.0,-24.6281,9.8118,9.5884,57.758,7.416,138.164,28.163
2,-25.0,-70.0,-24.6281,9.8118,9.5883,57.757,-29.05,130.136,28.163
3,-25.0,-70.0,-24.6281,9.8118,9.5884,57.757,-65.508,116.124,28.163
4,-25.0,-70.0,-24.6281,9.8117,9.5883,56.031,52.855,98.957,28.163
1,-25.0,-65.0,-23.9962,9.0798,8.8823,57.228,7.284,139.553,27.061
2,-25.0,-65.0,-23.9961,9.0797,8.8823,57.228,-29.326,131.504,27.061
3,-25.0,-65.0,-23.9962,9.0798,8.8823,57.228,-65.961,117.444,27.061
4,-25.0,-65.0,-23.9961,9.0796,8.8822,57.291,53.454,98.427,27.061
1,-25.0,-60.0,-23.2426,8.2099,8.0409,56.563,7.169,141.206,25.761
2,-25.0,-60.0,-23.2426,8.2098,8.0408,56.562,-29.613,133.136,25.761
3,-25.0,-60.0,-23.2427,8.2099,8.0409,56.562,-66.458,119.025,25.761
4,-25.0,-60.0,-23.2426,8.2097,8.0408,58.805,54.127,97.762,25.761
1,-25.0,-55.0,-22.3727,7.2088,7.0696,55.749,7.094,143.109,24.286
2,-25.0,-55.0,-22.3726,7.2087,7.0695,55.749,-29.887,135.02,24.286
3,-25.0,-55.0,-22.3727,7.2088,7.0696,55.748,-66.975,120.858,24.286
4,-25.0,-55.0,-22.3726,7.2087,7.0695,60.568,54.849,96.948,24.286
1,-25.0,-50.0,-21.3928,6.0843,5.9749,54.773,7.083,145.244,22.671
2,-25.0,-50.0,-21.3927,6.0842,5.9749,54.773,-30.121,137.142,22.671
3,-25.0,-50.0,-21.3928,6.0843,5.9749,54.773,-67.484,122.931,22.671
4,-25.0,-50.0,-21.3927,6.0842,5.9748,62.57,55.589,95.972,22.671
1,-25.0,-45.0,-20.3105,4.8445,4.7641,53.622,7.159,147.588,20.965
2,-25.0,-45.0,-20.3104,4.8445,4.764,53.622,-30.29,139.481,20.965
3,-25.0,-45.0,-20.3105,4.8445,4.7641,53.622,-67.957,125.228,20.965
4,-25.0,-45.0,-20.3104,4.8444,4.764,64.799,56.319,94.822,20.966
1,-25.0,-40.0,-19.1345,3.4981,3.4449,52.284,7.347,150.116,19.243
2,-25.0,-40.0,-19.1344,3.498,3.4448,52.284,-30.367,142.015,19.243
3,-25.0,-40.0,-19.1345,3.4981,3.4449,52.284,-68.365,127.73,19.243
4,-25.0,-40.0,-19.1344,3.498,3.4448,67.238,57.007,93.484,19.243
1,-25.0,-35.0,-17.8742,2.0536,2.0251,50.748,7.669,152.797,17.612
2,-25.0,-35.0,-17.8742,2.0535,2.025,50.747,-30.328,144.715,17.612
3,-25.0,-35.0,-17.8742,2.0535,2.0251,50.747,-68.678,130.412,17.612
4,-25.0,-35.0,-17.8742,2.0534,2.025,69.868,57.622,91.947,17.612
1,-25.0,-30.0,-16.5397,0.5192,0.5126,49.002,8.142,155.601,16.231
2,-25.0,-30.0,-16.5397,0.5191,0.5125,49.002,-30.151,147.553,16.231
3,-25.0,-30.0,-16.5397,0.5191,0.5126,49.002,-68.872,133.248,16.231
4,-25.0,-30.0,-16.5397,0.519,0.5125,72.664,58.136,90.202,16.231
1,-25.0,-25.0,-15.1415,-1.0972,-1.0848,47.04,8.782,158.491,15.306
2,-25.0,-25.0,-15.1414,-1.0973,-1.0849,47.04,-29.816,150.494,15.307
3,-25.0,-25.0,-15.1415,-1.0972,-1.0848,47.04,-68.925,136.208,15.307
4,-25.0,-25.0,-15.1414,-1.0973,-1.0849,75.599,58.523,88.24,15.307
1,-25.0,-20.0,-13.6902,-2.7881,-2.7597,44.856,9.6,161.43,15.066
2,-25.0,-20.0,-13.6902,-2.7882,-2.7598,44.855,-29.31,153.503,15.066
3,-25.0,-20.0,-13.6902,-2.7881,-2.7598,44.855,-68.816,139.257,15.066
4,-25.0,-20.0,-13.6902,-2.7882,-2.7598,78.641,58.76,86.055,15.066
1,-25.0,-15.0,-12.1969,-4.5464,-4.505,42.444,10.601,164.382,15.673
2,-25.0,-15.0,-12.1969,-4.5465,-4.5051,42.444,-28.623,156.543,15.674
3,-25.0,-15.0,-12.1969,-4.5464,-4.5051,42.444,-68.531,142.361,15.674
4,-25.0,-15.0,-12.1969,-4.5465,-4.5052,81.757,58.829,83.643,15.674
1,-25.0,-10.0,-10.6725,-6.3655,-6.3138,39.805,11.785,167.305,17.154
2,-25.0,-10.0,-10.6725,-6.3656,-6.3139,39.805,-27.751,159.574,17.154
3,-25.0,-10.0,-10.6725,-6.3655,-6.3139,39.805,-68.062,145.48,17.154
4,-25.0,-10.0,-10.6725,-6.3656,-6.3139,84.909,58.716,81.004,17.155
1,-25.0,-5.0,-9.1279,-8.2389,-8.1793,36.939,13.147,170.163,19.402
2,-25.0,-5.0,-9.1279,-8.239,-8.1794,36.939,-26.695,162.558,19.402
3,-25.0,-5.0,-9.1279,-8.239,-8.1793,36.939,-67.405,148.576,19.402
4,-25.0,-5.0,-9.1279,-8.239,-8.1794,88.06,58.413,78.138,19.402
1,-25.0,0.0,-7.5741,-10.1601,-10.0946,33.853,14.676,172.914,22.256
2,-25.0,0.0,-7.5741,-10.1602,-10.0947,33.853,-25.462,165.455,22.256
3,-25.0,0.0,-7.5741,-10.1602,-10.0947,33.853,-66.561,151.609,22.256
4,-25.0,0.0,-7.574,-10.1603,-10.0948,91.168,57.918,75.052,22.256
1,-25.0,5.0,-6.0217,-12.1225,-12.0529,30.555,16.355,175.524,25.563
2,-25.0,5.0,-6.0217,-12.1226,-12.053,30.554,-24.065,168.225,25.564
3,-25.0,5.0,-6.0217,-12.1225,-12.0529,30.554,-65.537,154.538,25.564
4,-25.0,5.0,-6.0217,-12.1226,-12.053,94.194,57.233,71.754,25.564
1,-25.0,10.0,-4.4816,-14.1186,-14.0464,27.058,18.162,177.956,29.202
2,-25.0,10.0,-4.4816,-14.1187,-14.0465,27.058,-22.522,170.833,29.203
3,-25.0,10.0,-4.4816,-14.1187,-14.0465,27.058,-64.348,157.325,29.202
4,-25.0,10.0,-4.4816,-14.1188,-14.0466,97.098,56.366,68.257,29.203
1,-25.0,15.0,-2.9642,-16.1406,-16.067,23.382,20.07,180.178,33.076
2,-25.0,15.0,-2.9642,-16.1407,-16.0671,23.382,-20.856,173.242,33.076
3,-25.0,15.0,-2.9642,-16.1406,-16.0671,23.382,-63.011,159.931,33.076
4,-25.0,15.0,-2.9642,-16.1407,-16.0671,99.839,55.333,64.581,33.077
1,-25.0,20.0,-1.48,-18.1788,-18.1051,19.551,22.05,182.163,37.108
2,-25.0,20.0,-1.48,-18.1789,-18.1052,19.551,-19.095,175.423,37.108
3,-25.0,20.0,-1.48,-18.1789,-18.1052,19.551,-61.549,162.324,37.108
4,-25.0,20.0,-1.48,-18.179,-18.1053,102.381,54.151,60.75,37.109
1,-25.0,25.0,-0.0394,-20.2225,-20.1498,15.596,24.067,183.888,41.233
2,-25.0,25.0,-0.0394,-20.2226,-20.1499,15.596,-17.27,177.35,41.233
3,-25.0,25.0,-0.0394,-20.2226,-20.1499,15.596,-59.991,164.472,41.233
4,-25.0,25.0,-0.0394,-20.2227,-20.15,104.692,52.846,56.795,41.233
1,-25.0,30.0,1.3474,-22.2585,-22.1882,11.556,26.084,185.337,45.39
2,-25.0,30.0,1.3474,-22.2586,-22.1883,11.556,-15.415,179.002,45.39
3,-25.0,30.0,1.3474,-22.2587,-22.1884,11.555,-58.368,166.352,45.39
4,-25.0,30.0,1.3474,-22.2587,-22.1884,106.744,51.446,52.754,45.39
1,-25.0,35.0,2.6702,-24.2715,-24.205,7.476,28.065,186.503,49.522
2,-25.0,35.0,2.6702,-24.2716,-24.2052,7.476,-13.567,180.368,49.523
3,-25.0,35.0,2.6702,-24.2716,-24.2052,7.475,-56.714,167.947,49.523
4,-25.0,35.0,2.6702,-24.2717,-24.2052,108.516,49.984,48.675,49.523
1,-25.0,40.0,3.9189,-26.243,-26.1822,3.411,29.972,187.384,53.574
2,-25.0,40.0,3.9189,-26.2431,-26.1824,3.41,-11.762,181.444,53.574
3,-25.0,40.0,3.9189,-26.2432,-26.1824,3.41,-55.065,169.25,53.574
4,-25.0,40.0,3.9189,-26.2433,-26.1825,109.997,48.493,44.609,53.574
1,-25.0,45.0,5.0837,-28.1517,-28.0986,-0.579,31.771,187.993,57.485
2,-25.0,45.0,5.0836,-28.1518,-28.0987,-0.579,-10.037,182.237,57.486
3,-25.0,45.0,5.0836,-28.1519,-28.0988,-0.579,-53.458,170.262,57.486
4,-25.0,45.0,5.0837,-28.152,-28.0989,111.184,47.01,40.62,57.486
1,-25.0,50.0,6.1545,-29.9727,-29.9296,-4.423,33.43,188.35,61.198
2,-25.0,50.0,6.1545,-29.9728,-29.9297,-4.424,-8.424,182.766,61.199
3,-25.0,50.0,6.1545,-29.9729,-29.9298,-4.424,-51.928,170.996,61.199
4,-25.0,50.0,6.1545,-29.973,-29.9298,112.087,45.574,36.775,61.199
1,-25.0,55.0,7.1219,-31.6779,-31.647,-8.048,34.922,188.488,64.651
2,-25.0,55.0,7.1219,-31.6781,-31.6471,-8.049,-6.955,183.059,64.651
3,-25.0,55.0,7.1219,-31.6781,-31.6472,-8.049,-50.509,171.479,64.651
4,-25.0,55.0,7.1219,-31.6782,-31.6473,112.727,44.219,33.15,64.651
1,-25.0,60.0,7.9764,-33.2364,-33.2195,-11.375,36.226,188.451,67.78
2,-25.0,60.0,7.9763,-33.2365,-33.2196,-11.376,-5.654,183.158,67.781
3,-25.0,60.0,7.9763,-33.2366,-33.2197,-11.376,-49.233,171.747,67.781
4,-25.0,60.0,7.9763,-33.2367,-33.2198,113.138,42.981,29.823,67.781
1,-25.0,65.0,8.7088,-34.6149,-34.6132,-14.323,37.327,188.288,70.525
2,-25.0,65.0,8.7088,-34.615,-34.6133,-14.324,-4.542,183.112,70.525
3,-25.0,65.0,8.7088,-34.6151,-34.6134,-14.324,-48.124,171.846,70.525
4,-25.0,65.0,8.7088,-34.6152,-34.6135,113.361,41.891,26.875,70.525
1,-25.0,70.0,9.3107,-35.7793,-35.7928,-16.814,38.215,188.058,72.824
2,-25.0,70.0,9.3107,-35.7794,-35.7929,-16.815,-3.635,182.976,72.824
3,-25.0,70.0,9.3107,-35.7795,-35.793,-16.815,-47.207,171.829,72.824
4,-25.0,70.0,9.3107,-35.7796,-35.7931,113.449,40.977,24.384,72.825
1,-25.0,75.0,9.7741,-36.6964,-36.7236,-18.775,38.887,187.817,74.621
2,-25.0,75.0,9.774,-36.6965,-36.7237,-18.776,-2.942,182.806,74.622
3,-25.0,75.0,9.7741,-36.6966,-36.7238,-18.776,-46.498,171.752,74.622
4,-25.0,75.0,9.7741,-36.6968,-36.7239,113.452,40.264,22.423,74.622
1,-25.0,80.0,10.0917,-37.3361,-37.3738,-20.141,39.34,187.619,75.868
2,-25.0,80.0,10.0917,-37.3362,-37.3739,-20.142,-2.47,182.656,75.868
3,-25.0,80.0,10.0917,-37.3364,-37.3741,-20.142,-46.011,171.664,75.868
4,-25.0,80.0,10.0917,-37.3365,-37.3742,113.42,39.77,21.057,75.869
1,-25.0,85.0,10.2576,-37.6738,-37.7174,-20.862,39.574,187.504,76.523
2,-25.0,85.0,10.2575,-37.6739,-37.7175,-20.862,-2.226,182.566,76.524
3,-25.0,85.0,10.2576,-37.6741,-37.7177,-20.863,-45.756,171.607,76.524
4,-25.0,85.0,10.2576,-37.6742,-37.7178,113.392,39.511,20.336,76.524
1,-25.0,90.0,10.2669,-37.6929,-37.7368,-20.902,39.587,187.497,76.56
2,-25.0,90.0,10.2669,-37.693,-37.7369,-20.903,-2.212,182.561,76.561
3,-25.0,90.0,10.2669,-37.6931,-37.7371,-20.903,-45.742,171.604,76.561
4,-25.0,90.0,10.2669,-37.6933,-37.7372,113.39,39.496,20.296,76.561
1,-20.0,-90.0,-24.3055,13.1153,12.7484,59.804,10.062,132.792,31.723
2,-20.0,-90.0,-24.3055,13.1153,12.7483,59.804,-25.856,125.069,31.723
3,-20.0,-90.0,-24.3056,13.1153,12.7484,59.803,-61.68,111.518,31.723
4,-20.0,-90.0,-24.3055,13.1152,12.7483,51.887,48.531,101.003,31.723
1,-20.0,-85.0,-24.1831,12.9714,12.6117,59.726,10.021,133.062,31.491
2,-20.0,-85.0,-24.1831,12.9714,12.6117,59.726,-25.925,125.334,31.491
3,-20.0,-85.0,-24.1832,12.9714,12.6118,59.726,-61.783,111.771,31.491
4,-20.0,-85.0,-24.1831,12.9713,12.6116,52.128,48.662,100.926,31.491
1,-20.0,-80.0,-23.934,12.6791,12.3338,59.566,9.941,133.612,31.019
2,-20.0,-80.0,-23.934,12.679,12.3337,59.566,-26.062,125.873,31.019
3,-20.0,-80.0,-23.9341,12.6791,12.3338,59.566,-61.99,112.288,31.02
4,-20.0,-80.0,-23.934,12.679,12.3337,52.617,48.925,100.765,31.02
1,-20.0,-75.0,-23.5579,12.2388,11.9144,59.316,9.831,134.443,30.307
2,-20.0,-75.0,-23.5579,12.2387,11.9144,59.315,-26.26,126.688,30.307
3,-20.0,-75.0,-23.558,12.2388,11.9145,59.315,-62.291,113.07,30.307
4,-20.0,-75.0,-23.5579,12.2387,11.9143,53.36,49.314,100.515,30.307
1,-20.0,-70.0,-23.0557,11.6527,11.355,58.967,9.7,135.552,29.355
2,-20.0,-70.0,-23.0556,11.6527,11.3549,58.967,-26.505,127.777,29.355
3,-20.0,-70.0,-23.0557,11.6528,11.355,58.967,-62.677,114.118,29.355
4,-20.0,-70.0,-23.0556,11.6526,11.3549,54.358,49.815,100.167,29.355
1,-20.0,-65.0,-22.4295,10.9249,10.6581,58.51,9.567,136.934,28.17
2,-20.0,-65.0,-22.4295,10.9248,10.6581,58.51,-26.782,129.137,28.17
3,-20.0,-65.0,-22.4295,10.9249,10.6581,58.51,-63.129,115.43,28.17
4,-20.0,-65.0,-22.4295,10.9248,10.658,55.61,50.413,99.709,28.17
1,-20.0,-60.0,-21.683,10.0607,9.828,57.931,9.45,138.578,26.759
2,-20.0,-60.0,-21.683,10.0607,9.828,57.931,-27.07,130.76,26.759
3,-20.0,-60.0,-21.683,10.0607,9.828,57.931,-63.626,117.001,26.759
4,-20.0,-60.0,-21.683,10.0606,9.8279,57.115,51.085,99.131,26.759
1,-20.0,-55.0,-20.8211,9.067,8.87,57.218,9.371,140.471,25.138
2,-20.0,-55.0,-20.8211,9.0669,8.8699,57.218,-27.346,132.635,25.138
3,-20.0,-55.0,-20.8211,9.067,8.87,57.218,-64.145,118.824,25.139
4,-20.0,-55.0,-20.8211,9.0669,8.8699,58.867,51.807,98.418,25.139
1,-20.0,-50.0,-19.8501,7.9514,7.7904,56.357,9.354,142.597,23.328
2,-20.0,-50.0,-19.85,7.9513,7.7904,56.357,-27.586,134.747,23.328
3,-20.0,-50.0,-19.8501,7.9514,7.7904,56.357,-64.659,120.887,23.328
4,-20.0,-50.0,-19.85,7.9513,7.7903,60.859,52.55,97.557,23.328
1,-20.0,-45.0,-18.7773,6.7222,6.5964,55.334,9.421,144.933,21.361
2,-20.0,-45.0,-18.7772,6.7222,6.5963,55.334,-27.763,137.078,21.361
3,-20.0,-45.0,-18.7773,6.7222,6.5964,55.334,-65.138,123.175,21.361
4,-20.0,-45.0,-18.7772,6.7221,6.5963,63.078,53.286,96.534,21.361
1,-20.0,-40.0,-17.611,5.3881,5.2955,54.136,9.597,147.456,19.285
2,-20.0,-40.0,-17.611,5.388,5.2954,54.136,-27.852,139.605,19.285
3,-20.0,-40.0,-17.611,5.3881,5.2955,54.136,-65.556,125.669,19.285
4,-20.0,-40.0,-17.611,5.388,5.2954,65.509,53.983,95.336,19.285
1,-20.0,-35.0,-16.3605,3.9576,3.8955,52.751,9.904,150.138,17.176
2,-20.0,-35.0,-16.3605,3.9575,3.8954,52.751,-27.827,142.304,17.176
3,-20.0,-35.0,-16.3605,3.9575,3.8955,52.751,-65.884,128.348,17.176
4,-20.0,-35.0,-16.3605,3.9575,3.8954,68.133,54.612,93.95,17.176
1,-20.0,-30.0,-15.0355,2.4389,2.4043,51.168,10.36,152.946,15.158
2,-20.0,-30.0,-15.0355,2.4389,2.4042,51.167,-27.667,145.145,15.158
3,-20.0,-30.0,-15.0355,2.4389,2.4042,51.167,-66.096,131.185,15.158
4,-20.0,-30.0,-15.0355,2.4388,2.4042,70.928,55.145,92.367,15.158
1,-20.0,-25.0,-13.6464,0.8402,0.8294,49.377,10.98,155.849,13.431
2,-20.0,-25.0,-13.6464,0.8401,0.8293,49.377,-27.354,148.096,13.431
3,-20.0,-25.0,-13.6464,0.8402,0.8294,49.377,-66.171,134.152,13.431
4,-20.0,-25.0,-13.6463,0.8401,0.8293,73.868,55.555,90.576,13.431
1,-20.0,-20.0,-12.2036,-0.8311,-0.8216,47.372,11.775,158.809,12.291
2,-20.0,-20.0,-12.2036,-0.8312,-0.8216,47.372,-26.872,151.124,12.291
3,-20.0,-20.0,-12.2036,-0.8312,-0.8216,47.372,-66.088,137.217,12.291
4,-20.0,-20.0,-12.2036,-0.8312,-0.8217,76.922,55.819,88.571,12.291
1,-20.0,-15.0,-10.718,-2.568,-2.5415,45.148,12.753,161.791,12.081
2,-20.0,-15.0,-10.718,-2.568,-2.5416,45.147,-26.212,154.192,12.081
3,-20.0,-15.0,-10.718,-2.568,-2.5415,45.147,-65.834,140.344,12.081
4,-20.0,-15.0,-10.7179,-2.5681,-2.5416,80.058,55.921,86.347,12.081
1,-20.0,-10.0,-9.2003,-4.3636,-4.3234,42.701,13.913,164.757,13.0
2,-20.0,-10.0,-9.2003,-4.3636,-4.3235,42.701,-25.368,157.262,13.0
3,-20.0,-10.0,-9.2003,-4.3636,-4.3234,42.701,-65.399,143.499,13.0
4,-20.0,-10.0,-9.2003,-4.3637,-4.3235,83.242,55.845,83.9,13.0
1,-20.0,-5.0,-7.6615,-6.2114,-6.1605,40.034,15.251,167.668,14.96
2,-20.0,-5.0,-7.6615,-6.2114,-6.1605,40.034,-24.342,160.297,14.96
3,-20.0,-5.0,-7.6615,-6.2114,-6.1605,40.034,-64.777,146.642,14.96
4,-20.0,-5.0,-7.6615,-6.2115,-6.1605,86.435,55.584,81.233,14.96
1,-20.0,0.0,-6.1124,-8.1049,-8.0457,37.149,16.756,170.487,17.709
2,-20.0,0.0,-6.1124,-8.1049,-8.0458,37.149,-23.139,163.258,17.709
3,-20.0,0.0,-6.1124,-8.1049,-8.0458,37.149,-63.971,149.735,17.709
4,-20.0,0.0,-6.1124,-8.105,-8.0458,89.599,55.133,78.348,17.709
1,-20.0,5.0,-4.5637,-10.0373,-9.9721,34.055,18.415,173.179,21.001
2,-20.0,5.0,-4.5637,-10.0374,-9.9722,34.054,-21.771,166.108,21.001
3,-20.0,5.0,-4.5637,-10.0374,-9.9722,34.054,-62.987,152.739,21.001
4,-20.0,5.0,-4.5637,-10.0374,-9.9722,92.695,54.495,75.254,21.001
1,-20.0,10.0,-3.0261,-12.0015,-11.9321,30.762,20.204,175.707,24.659
2,-20.0,10.0,-3.0261,-12.0016,-11.9322,30.762,-20.256,168.81,24.659
3,-20.0,10.0,-3.0261,-12.0015,-11.9321,30.762,-61.837,155.616,24.659
4,-20.0,10.0,-3.0261,-12.0016,-11.9322,95.684,53.678,71.961,24.659
1,-20.0,15.0,-1.5102,-13.9893,-13.9172,27.289,22.1,178.042,28.559
2,-20.0,15.0,-1.5102,-13.9894,-13.9173,27.289,-18.614,171.331,28.56
3,-20.0,15.0,-1.5102,-13.9894,-13.9173,27.288,-60.538,158.329,28.56
4,-20.0,15.0,-1.5102,-13.9894,-13.9173,98.526,52.695,68.488,28.56
1,-20.0,20.0,-0.0265,-15.9915,-15.918,23.658,24.072,180.156,32.615
2,-20.0,20.0,-0.0265,-15.9916,-15.9181,23.657,-16.874,173.638,32.616
3,-20.0,20.0,-0.0265,-15.9916,-15.9181,23.657,-59.114,160.844,32.616
4,-20.0,20.0,-0.0265,-15.9916,-15.9181,101.186,51.565,64.856,32.616
1,-20.0,25.0,1.4147,-17.9973,-17.9236,19.897,26.087,182.024,36.758
2,-20.0,25.0,1.4147,-17.9974,-17.9237,19.897,-15.066,175.707,36.758
3,-20.0,25.0,1.4147,-17.9974,-17.9237,19.897,-57.592,163.131,36.758
4,-20.0,25.0,1.4147,-17.9975,-17.9237,103.631,50.311,61.096,36.758
1,-20.0,30.0,2.8031,-19.994,-19.9212,16.044,28.109,183.631,40.925
2,-20.0,30.0,2.8031,-19.9941,-19.9212,16.043,-13.223,177.517,40.926
3,-20.0,30.0,2.8031,-19.9941,-19.9213,16.043,-56.001,165.166,40.926
4,-20.0,30.0,2.8031,-19.9942,-19.9213,105.833,48.96,57.242,40.926
1,-20.0,35.0,4.1283,-21.9664,-21.8957,12.141,30.101,184.967,45.063
2,-20.0,35.0,4.1283,-21.9665,-21.8958,12.141,-11.381,179.054,45.063
3,-20.0,35.0,4.1283,-21.9666,-21.8958,12.141,-54.375,166.93,45.063
4,-20.0,35.0,4.1283,-21.9666,-21.8959,107.769,47.545,53.34,45.063
1,-20.0,40.0,5.3803,-23.8969,-23.8296,8.241,32.026,186.03,49.115
2,-20.0,40.0,5.3802,-23.897,-23.8297,8.241,-9.578,180.312,49.115
3,-20.0,40.0,5.3803,-23.897,-23.8297,8.241,-52.751,168.412,49.115
4,-20.0,40.0,5.3803,-23.8971,-23.8298,109.426,46.099,49.44,49.115
1,-20.0,45.0,6.5489,-25.7645,-25.7021,4.403,33.849,186.827,53.024
2,-20.0,45.0,6.5489,-25.7646,-25.7022,4.403,-7.848,181.295,53.024
3,-20.0,45.0,6.5489,-25.7646,-25.7023,4.402,-51.165,169.613,53.024
4,-20.0,45.0,6.5489,-25.7647,-25.7023,110.799,44.659,45.602,53.024
1,-20.0,50.0,7.6244,-27.5453,-27.4895,0.694,35.538,187.375,56.733
2,-20.0,50.0,7.6244,-27.5454,-27.4896,0.693,-6.226,182.017,56.733
3,-20.0,50.0,7.6244,-27.5455,-27.4897,0.693,-49.651,170.541,56.733
4,-20.0,50.0,7.6244,-27.5456,-27.4897,111.892,43.26,41.892,56.733
1,-20.0,55.0,8.5969,-29.2123,-29.1647,-2.814,37.064,187.703,60.181
2,-20.0,55.0,8.5968,-29.2124,-29.1648,-2.814,-4.742,182.503,60.181
3,-20.0,55.0,8.5969,-29.2125,-29.1649,-2.815,-48.244,171.216,60.181
4,-20.0,55.0,8.5969,-29.2126,-29.165,112.722,41.938,38.384,60.181
1,-20.0,60.0,9.4569,-30.7357,-30.6977,-6.043,38.404,187.847,63.308
2,-20.0,60.0,9.4568,-30.7358,-30.6978,-6.043,-3.425,182.786,63.308
3,-20.0,60.0,9.4569,-30.7359,-30.6979,-6.044,-46.974,171.669,63.308
4,-20.0,60.0,9.4569,-30.736,-30.6979,113.316,40.728,35.155,63.308
1,-20.0,65.0,10.1952,-32.0837,-32.0561,-8.913,39.542,187.852,66.052
2,-20.0,65.0,10.1952,-32.0837,-32.0562,-8.914,-2.294,182.909,66.052
3,-20.0,65.0,10.1952,-32.0838,-32.0563,-8.914,-45.869,171.939,66.052
4,-20.0,65.0,10.1952,-32.0839,-32.0563,113.709,39.66,32.285,66.053
1,-20.0,70.0,10.8032,-33.2234,-33.2064,-11.347,40.465,187.767,68.354
2,-20.0,70.0,10.8031,-33.2235,-33.2065,-11.348,-1.366,182.921,68.355
3,-20.0,70.0,10.8031,-33.2236,-33.2066,-11.348,-44.951,172.072,68.355
4,-20.0,70.0,10.8031,-33.2237,-33.2067,113.945,38.763,29.851,68.355
1,-20.0,75.0,11.2726,-34.1232,-34.1157,-13.271,41.168,187.643,70.159
2,-20.0,75.0,11.2725,-34.1232,-34.1158,-13.272,-0.655,182.871,70.159
3,-20.0,75.0,11.2726,-34.1234,-34.1159,-13.272,-44.239,172.115,70.16
4,-20.0,75.0,11.2725,-34.1235,-34.116,114.069,38.061,27.927,70.16
1,-20.0,80.0,11.5962,-34.7539,-34.7539,-14.621,41.646,187.526,71.418
2,-20.0,80.0,11.5961,-34.754,-34.754,-14.621,-0.167,182.805,71.418
3,-20.0,80.0,11.5962,-34.7541,-34.7541,-14.622,-43.747,172.113,71.418
4,-20.0,80.0,11.5962,-34.7542,-34.7542,114.122,37.572,26.577,71.418
1,-20.0,85.0,11.7678,-35.0919,-35.0962,-15.344,41.897,187.454,72.089
2,-20.0,85.0,11.7677,-35.092,-35.0962,-15.344,0.09,182.76,72.09
3,-20.0,85.0,11.7677,-35.0921,-35.0964,-15.345,-43.486,172.101,72.09
4,-20.0,85.0,11.7677,-35.0922,-35.0965,114.14,37.311,25.854,72.09
1,-20.0,90.0,11.7824,-35.1208,-35.1254,-15.406,41.918,187.447,72.147
2,-20.0,90.0,11.7823,-35.1208,-35.1254,-15.406,0.112,182.755,72.147
3,-20.0,90.0,11.7823,-35.121,-35.1256,-15.407,-43.464,172.1,72.147
4,-20.0,90.0,11.7823,-35.1211,-35.1257,114.141,37.289,25.792,72.147
1,-15.0,-90.0,-22.7027,14.9668,14.4978,60.705,12.217,130.057,33.503
2,-15.0,-90.0,-22.7027,14.9668,14.4978,60.705,-23.428,122.575,33.503
3,-15.0,-90.0,-22.7027,14.9668,14.4978,60.705,-58.947,109.362,33.503
4,-15.0,-90.0,-22.7027,14.9667,14.4977,50.055,45.571,101.905,33.503
1,-15.0,-85.0,-22.5797,14.8215,14.3611,60.641,12.176,130.33,33.26
2,-15.0,-85.0,-22.5797,14.8215,14.3611,60.641,-23.497,122.842,33.26
3,-15.0,-85.0,-22.5797,14.8215,14.3612,60.641,-59.051,109.617,33.26
4,-15.0,-85.0,-22.5797,14.8214,14.361,50.297,45.703,101.841,33.26
1,-15.0,-80.0,-22.3314,14.5287,14.0854,60.508,12.096,130.879,32.768
2,-15.0,-80.0,-22.3314,14.5287,14.0854,60.508,-23.634,123.38,32.769
3,-15.0,-80.0,-22.3315,14.5288,14.0855,60.508,-59.256,110.133,32.769
4,-15.0,-80.0,-22.3314,14.5287,14.0853,50.786,45.965,101.707,32.769
1,-15.0,-75.0,-21.9576,14.0891,13.6706,60.3,11.986,131.706,32.028
2,-15.0,-75.0,-21.9576,14.0891,13.6706,60.3,-23.83,124.191,32.028
3,-15.0,-75.0,-21.9576,14.0891,13.6707,60.3,-59.556,110.911,32.028
4,-15.0,-75.0,-21.9576,14.089,13.6705,51.525,46.352,101.499,32.028
1,-15.0,-70.0,-21.4591,13.505,13.118,60.008,11.857,132.808,31.037
2,-15.0,-70.0,-21.459,13.505,13.118,60.008,-24.073,125.273,31.037
3,-15.0,-70.0,-21.4591,13.505,13.118,60.008,-59.939,111.953,31.038
4,-15.0,-70.0,-21.459,13.5049,13.1179,52.517,46.85,101.208,31.038
1,-15.0,-65.0,-20.8379,12.7805,12.4302,59.622,11.724,134.18,29.8
2,-15.0,-65.0,-20.8379,12.7804,12.4302,59.622,-24.349,126.624,29.8
3,-15.0,-65.0,-20.8379,12.7805,12.4303,59.622,-60.388,113.256,29.8
4,-15.0,-65.0,-20.8379,12.7804,12.4301,53.761,47.444,100.821,29.8
1,-15.0,-60.0,-20.0976,11.9211,11.6113,59.129,11.607,135.813,28.321
2,-15.0,-60.0,-20.0976,11.921,11.6113,59.129,-24.636,128.236,28.321
3,-15.0,-60.0,-20.0977,11.9211,11.6114,59.129,-60.884,114.817,28.321
4,-15.0,-60.0,-20.0976,11.921,11.6112,55.255,48.113,100.328,28.321
1,-15.0,-55.0,-19.243,10.9337,10.6666,58.516,11.526,137.695,26.608
2,-15.0,-55.0,-19.243,10.9337,10.6665,58.515,-24.913,130.099,26.608
3,-15.0,-55.0,-19.243,10.9337,10.6666,58.515,-61.402,116.627,26.608
4,-15.0,-55.0,-19.243,10.9336,10.6665,56.996,48.832,99.715,26.608
1,-15.0,-50.0,-18.28,9.826,9.6021,57.768,11.505,139.808,24.674
2,-15.0,-50.0,-18.2799,9.826,9.602,57.768,-25.155,132.199,24.674
3,-15.0,-50.0,-18.28,9.8261,9.6021,57.767,-61.915,118.678,24.674
4,-15.0,-50.0,-18.2799,9.826,9.602,58.975,49.575,98.967,24.674
1,-15.0,-45.0,-17.2157,8.6065,8.4249,56.871,11.567,142.134,22.536
2,-15.0,-45.0,-17.2157,8.6064,8.4248,56.871,-25.336,134.518,22.536
3,-15.0,-45.0,-17.2157,8.6065,8.4249,56.871,-62.398,120.954,22.536
4,-15.0,-45.0,-17.2157,8.6064,8.4248,61.181,50.312,98.07,22.536
1,-15.0,-40.0,-16.0582,7.2837,7.1423,55.811,11.735,144.648,20.222
2,-15.0,-40.0,-16.0582,7.2836,7.1423,55.811,-25.432,137.036,20.222
3,-15.0,-40.0,-16.0582,7.2837,7.1424,55.811,-62.821,123.438,20.222
4,-15.0,-40.0,-16.0582,7.2836,7.1423,63.601,51.014,97.011,20.222
1,-15.0,-35.0,-14.8165,5.8662,5.7622,54.576,12.031,147.324,17.773
2,-15.0,-35.0,-14.8165,5.8661,5.7622,54.576,-25.417,139.728,17.773
3,-15.0,-35.0,-14.8165,5.8662,5.7622,54.576,-63.159,126.108,17.774
4,-15.0,-35.0,-14.8165,5.8661,5.7621,66.217,51.651,95.776,17.774
1,-15.0,-30.0,-13.5001,4.3624,4.2922,53.154,12.473,150.132,15.259
2,-15.0,-30.0,-13.5001,4.3623,4.2921,53.153,-25.271,142.567,15.259
3,-15.0,-30.0,-13.5002,4.3624,4.2922,53.153,-63.384,128.942,15.259
4,-15.0,-30.0,-13.5001,4.3623,4.2921,69.007,52.196,94.353,15.259
1,-15.0,-25.0,-12.1191,2.7803,2.7399,51.534,13.078,153.039,12.804
2,-15.0,-25.0,-12.1191,2.7803,2.7399,51.534,-24.974,145.521,12.804
3,-15.0,-25.0,-12.1191,2.7803,2.7399,51.533,-63.475,131.91,12.804
4,-15.0,-25.0,-12.1191,2.7803,2.7399,71.945,52.622,92.733,12.804
1,-15.0,-20.0,-10.6838,1.1276,1.1129,49.708,13.856,156.013,10.649
2,-15.0,-20.0,-10.6838,1.1276,1.1128,49.708,-24.511,148.56,10.649
3,-15.0,-20.0,-10.6838,1.1276,1.1129,49.708,-63.412,134.983,10.65
4,-15.0,-20.0,-10.6838,1.1275,1.1128,75.006,52.908,90.907,10.65
1,-15.0,-15.0,-9.2049,-0.5887,-0.5818,47.671,14.815,159.016,9.238
2,-15.0,-15.0,-9.2049,-0.5887,-0.5818,47.671,-23.871,151.647,9.238
3,-15.0,-15.0,-9.2049,-0.5887,-0.5818,47.671,-63.181,138.127,9.238
4,-15.0,-15.0,-9.2049,-0.5888,-0.5819,78.156,53.034,88.87,9.238
1,-15.0,-10.0,-7.693,-2.3617,-2.3371,45.419,15.955,162.013,9.147
2,-15.0,-10.0,-7.693,-2.3618,-2.3371,45.419,-23.05,154.747,9.147
3,-15.0,-10.0,-7.693,-2.3617,-2.3371,45.419,-62.772,141.308,9.147
4,-15.0,-10.0,-7.693,-2.3618,-2.3371,81.362,52.987,86.618,9.147
1,-15.0,-5.0,-6.159,-4.185,-4.146,42.951,17.274,164.967,10.585
2,-15.0,-5.0,-6.159,-4.185,-4.1461,42.951,-22.048,157.823,10.585
3,-15.0,-5.0,-6.159,-4.185,-4.146,42.951,-62.179,144.488,10.585
4,-15.0,-5.0,-6.159,-4.185,-4.1461,84.589,52.758,84.15,10.585
1,-15.0,0.0,-4.6136,-6.0518,-6.0017,40.27,18.762,167.842,13.18
2,-15.0,0.0,-4.6136,-6.0519,-6.0018,40.27,-20.868,160.837,13.18
3,-15.0,0.0,-4.6136,-6.0519,-6.0018,40.27,-61.403,147.631,13.18
4,-15.0,0.0,-4.6136,-6.0519,-6.0018,87.799,52.343,81.469,13.18
1,-15.0,5.0,-3.0675,-7.9556,-7.897,37.382,20.405,170.602,16.474
2,-15.0,5.0,-3.0675,-7.9556,-7.8971,37.382,-19.523,163.754,16.474
3,-15.0,5.0,-3.0675,-7.9556,-7.8971,37.382,-60.45,150.698,16.474
4,-15.0,5.0,-3.0675,-7.9557,-7.8971,90.955,51.744,78.581,16.474
1,-15.0,10.0,-1.5314,-9.8891,-9.8243,34.297,22.182,173.214,20.176
2,-15.0,10.0,-1.5314,-9.8891,-9.8243,34.297,-18.028,166.537,20.176
3,-15.0,10.0,-1.5314,-9.8891,-9.8243,34.297,-59.332,153.653,20.176
4,-15.0,10.0,-1.5314,-9.8892,-9.8244,94.017,50.967,75.496,20.177
1,-15.0,15.0,-0.0159,-11.8442,-11.7751,31.031,24.07,175.646,24.125
2,-15.0,15.0,-0.0159,-11.8443,-11.7752,31.031,-16.405,169.153,24.125
3,-15.0,15.0,-0.0159,-11.8443,-11.7752,31.031,-58.064,156.458,24.125
4,-15.0,15.0,-0.0159,-11.8443,-11.7752,96.948,50.025,72.23,24.125
1,-15.0,20.0,1.4685,-13.812,-13.7401,27.604,26.039,177.872,28.218
2,-15.0,20.0,1.4685,-13.8121,-13.7402,27.604,-14.679,171.572,28.219
3,-15.0,20.0,1.4685,-13.8121,-13.7402,27.604,-56.669,159.082,28.219
4,-15.0,20.0,1.4685,-13.8121,-13.7402,99.713,48.935,68.803,28.219
1,-15.0,25.0,2.9113,-15.7818,-15.7084,24.044,28.057,179.867,32.386
2,-15.0,25.0,2.9113,-15.7819,-15.7085,24.043,-12.881,173.768,32.387
3,-15.0,25.0,2.9113,-15.7819,-15.7085,24.043,-55.173,161.493,32.387
4,-15.0,25.0,2.9113,-15.7819,-15.7085,102.278,47.722,65.243,32.387
1,-15.0,30.0,4.3022,-17.7412,-17.6674,20.384,30.088,181.614,36.57
2,-15.0,30.0,4.3022,-17.7412,-17.6674,20.383,-11.044,175.718,36.57
3,-15.0,30.0,4.3022,-17.7413,-17.6675,20.383,-53.605,163.667,36.57
4,-15.0,30.0,4.3022,-17.7413,-17.6675,104.615,46.411,61.582,36.57
1,-15.0,35.0,5.6309,-19.6754,-19.6023,16.666,32.096,183.103,40.714
2,-15.0,35.0,5.6309,-19.6754,-19.6024,16.665,-9.202,177.408,40.714
3,-15.0,35.0,5.6309,-19.6755,-19.6024,16.665,-52.0,165.583,40.714
4,-15.0,35.0,5.6309,-19.6755,-19.6024,106.7,45.033,57.864,40.715
1,-15.0,40.0,6.8871,-21.5671,-21.4959,12.938,34.044,184.328,44.767
2,-15.0,40.0,6.8871,-21.5672,-21.4959,12.938,-7.393,178.83,44.767
3,-15.0,40.0,6.8871,-21.5673,-21.496,12.938,-50.392,167.229,44.767
4,-15.0,40.0,6.8871,-21.5673,-21.496,108.518,43.621,54.137,44.767
1,-15.0,45.0,8.0607,-23.3964,-23.328,9.259,35.896,185.295,48.673
2,-15.0,45.0,8.0607,-23.3964,-23.3281,9.259,-5.652,179.985,48.673
3,-15.0,45.0,8.0607,-23.3965,-23.3281,9.259,-48.817,168.601,48.674
4,-15.0,45.0,8.0607,-23.3965,-23.3282,110.059,42.212,50.458,48.674
1,-15.0,50.0,9.1417,-25.1398,-25.0756,5.693,37.618,186.017,52.377
2,-15.0,50.0,9.1417,-25.1399,-25.0757,5.693,-4.015,180.883,52.378
3,-15.0,50.0,9.1417,-25.14,-25.0758,5.693,-47.311,169.705,52.378
4,-15.0,50.0,9.1417,-25.14,-25.0758,111.327,40.84,46.892,52.378
1,-15.0,55.0,10.1202,-26.7715,-26.7126,2.311,39.182,186.517,55.821
2,-15.0,55.0,10.1201,-26.7716,-26.7127,2.31,-2.512,181.544,55.821
3,-15.0,55.0,10.1202,-26.7717,-26.7128,2.31,-45.907,170.556,55.821
4,-15.0,55.0,10.1201,-26.7717,-26.7128,112.332,39.541,43.509,55.821
1,-15.0,60.0,10.9865,-28.2627,-28.2101,-0.812,40.563,186.826,58.944
2,-15.0,60.0,10.9864,-28.2627,-28.2102,-0.812,-1.171,181.996,58.945
3,-15.0,60.0,10.9865,-28.2628,-28.2103,-0.813,-44.637,171.179,58.945
4,-15.0,60.0,10.9865,-28.2629,-28.2103,113.094,38.35,40.386,58.945
1,-15.0,65.0,11.7314,-29.5827,-29.5372,-3.597,41.74,186.983,61.688
2,-15.0,65.0,11.7313,-29.5827,-29.5373,-3.598,-0.016,182.275,61.688
3,-15.0,65.0,11.7314,-29.5829,-29.5374,-3.598,-43.528,171.607,61.688
4,-15.0,65.0,11.7313,-29.5829,-29.5374,113.645,37.297,37.601,61.688
1,-15.0,70.0,12.3459,-30.7001,-30.6618,-5.967,42.702,187.031,63.993
2,-15.0,70.0,12.3459,-30.7002,-30.6619,-5.968,0.935,182.423,63.993
3,-15.0,70.0,12.3459,-30.7003,-30.662,-5.968,-42.604,171.878,63.993
4,-15.0,70.0,12.3459,-30.7003,-30.662,114.019,36.41,35.231,63.994
1,-15.0,75.0,12.8219,-31.5842,-31.5525,-7.849,43.438,187.015,65.805
2,-15.0,75.0,12.8218,-31.5843,-31.5526,-7.849,1.669,182.484,65.805
3,-15.0,75.0,12.8219,-31.5844,-31.5527,-7.849,-41.885,172.034,65.805
4,-15.0,75.0,12.8219,-31.5845,-31.5528,114.255,35.713,33.35,65.805
1,-15.0,80.0,13.1518,-32.2071,-32.1806,-9.177,43.943,186.974,67.075
2,-15.0,80.0,13.1517,-32.2072,-32.1807,-9.177,2.175,182.497,67.075
3,-15.0,80.0,13.1518,-32.2073,-32.1808,-9.178,-41.385,172.112,67.075
4,-15.0,80.0,13.1518,-32.2074,-32.1809,114.389,35.225,32.021,67.075
1,-15.0,85.0,13.3292,-32.5457,-32.5221,-9.899,44.212,186.942,67.762
2,-15.0,85.0,13.3292,-32.5457,-32.5222,-9.9,2.446,182.493,67.762
3,-15.0,85.0,13.3292,-32.5458,-32.5223,-9.9,-41.115,172.144,67.763
4,-15.0,85.0,13.3292,-32.5459,-32.5224,114.452,34.961,31.299,67.763
1,-15.0,90.0,13.3491,-32.5837,-32.5605,-9.98,44.242,186.938,67.839
2,-15.0,90.0,13.349,-32.5837,-32.5605,-9.981,2.476,182.492,67.839
3,-15.0,90.0,13.349,-32.5838,-32.5607,-9.981,-41.085,172.147,67.84
4,-15.0,90.0,13.349,-32.5839,-32.5607,114.458,34.931,31.218,67.84
1,-10.0,-90.0,-21.0891,16.8257,16.2357,61.436,14.218,127.214,35.634
2,-10.0,-90.0,-21.0891,16.8257,16.2357,61.436,-21.141,119.957,35.634
3,-10.0,-90.0,-21.0892,16.8257,16.2358,61.436,-56.338,107.065,35.634
4,-10.0,-90.0,-21.0891,16.8256,16.2357,48.068,42.719,102.636,35.634
1,-10.0,-85.0,-20.9652,16.6785,16.0988,61.384,14.176,127.488,35.383
2,-10.0,-85.0,-20.9652,16.6784,16.0988,61.384,-21.211,120.225,35.383
3,-10.0,-85.0,-20.9652,16.6785,16.0989,61.384,-56.442,107.321,35.383
4,-10.0,-85.0,-20.9652,16.6784,16.0987,48.311,42.851,102.584,35.383
1,-10.0,-80.0,-20.7173,16.3846,15.8251,61.278,14.098,128.036,34.88
2,-10.0,-80.0,-20.7173,16.3845,15.8251,61.278,-21.346,120.762,34.88
3,-10.0,-80.0,-20.7173,16.3846,15.8252,61.278,-56.646,107.836,34.88
4,-10.0,-80.0,-20.7173,16.3845,15.825,48.799,43.112,102.478,34.88
1,-10.0,-75.0,-20.3452,15.9448,15.4146,61.111,13.989,128.859,34.124
2,-10.0,-75.0,-20.3451,15.9448,15.4146,61.111,-21.54,121.569,34.124
3,-10.0,-75.0,-20.3452,15.9448,15.4146,61.111,-56.944,108.611,34.124
4,-10.0,-75.0,-20.3451,15.9447,15.4145,49.535,43.496,102.311,34.124
1,-10.0,-70.0,-19.8496,15.3617,14.8686,60.875,13.862,129.954,33.113
2,-10.0,-70.0,-19.8496,15.3617,14.8686,60.875,-21.781,122.644,33.113
3,-10.0,-70.0,-19.8497,15.3617,14.8686,60.875,-57.324,109.645,33.113
4,-10.0,-70.0,-19.8496,15.3616,14.8685,50.52,43.99,102.075,33.113
1,-10.0,-65.0,-19.2328,14.6394,14.1897,60.559,13.731,131.316,31.85
2,-10.0,-65.0,-19.2328,14.6394,14.1897,60.559,-22.054,123.985,31.85
3,-10.0,-65.0,-19.2328,14.6394,14.1898,60.558,-57.769,110.939,31.85
4,-10.0,-65.0,-19.2328,14.6394,14.1896,51.755,44.579,101.758,31.85
1,-10.0,-60.0,-18.4979,13.7837,13.3819,60.149,13.615,132.937,30.335
2,-10.0,-60.0,-18.4979,13.7837,13.3819,60.149,-22.339,125.585,30.335
3,-10.0,-60.0,-18.4979,13.7837,13.3819,60.149,-58.26,112.488,30.336
4,-10.0,-60.0,-18.4979,13.7836,13.3818,53.239,45.242,101.349,30.336
1,-10.0,-55.0,-17.6496,12.8015,12.4502,59.633,13.534,134.805,28.576
2,-10.0,-55.0,-17.6496,12.8015,12.4502,59.633,-22.614,127.434,28.576
3,-10.0,-55.0,-17.6496,12.8015,12.4502,59.633,-58.774,114.286,28.576
4,-10.0,-55.0,-17.6496,12.8014,12.4501,54.967,45.957,100.833,28.576
1,-10.0,-50.0,-16.6937,11.7006,11.4007,58.996,13.512,136.904,26.579
2,-10.0,-50.0,-16.6936,11.7006,11.4007,58.996,-22.855,129.52,26.579
3,-10.0,-50.0,-16.6937,11.7006,11.4007,58.996,-59.286,116.322,26.579
4,-10.0,-50.0,-16.6936,11.7005,11.4006,56.931,46.695,100.196,26.579
1,-10.0,-45.0,-15.6369,10.4894,10.2402,58.223,13.571,139.215,24.354
2,-10.0,-45.0,-15.6369,10.4894,10.2402,58.223,-23.038,131.824,24.354
3,-10.0,-45.0,-15.637,10.4894,10.2402,58.223,-59.768,118.583,24.354
4,-10.0,-45.0,-15.6369,10.4894,10.2401,59.123,47.43,99.423,24.354
1,-10.0,-40.0,-14.4873,9.1767,8.9759,57.3,13.734,141.716,21.915
2,-10.0,-40.0,-14.4873,9.1767,8.9759,57.3,-23.138,134.329,21.915
3,-10.0,-40.0,-14.4873,9.1767,8.976,57.3,-60.193,121.053,21.915
4,-10.0,-40.0,-14.4873,9.1766,8.9759,61.529,48.133,98.499,21.915
1,-10.0,-35.0,-13.2534,7.7711,7.6155,56.212,14.022,144.381,19.281
2,-10.0,-35.0,-13.2534,7.771,7.6155,56.212,-23.129,137.009,19.281
3,-10.0,-35.0,-13.2534,7.7711,7.6156,56.212,-60.535,123.712,19.281
4,-10.0,-35.0,-13.2534,7.771,7.6155,64.132,48.773,97.412,19.281
1,-10.0,-30.0,-11.9445,6.2809,6.1666,54.948,14.455,147.182,16.483
2,-10.0,-30.0,-11.9445,6.2809,6.1666,54.948,-22.992,139.84,16.483
3,-10.0,-30.0,-11.9445,6.281,6.1666,54.948,-60.769,126.536,16.483
4,-10.0,-30.0,-11.9445,6.2809,6.1666,66.913,49.325,96.148,16.483
1,-10.0,-25.0,-10.5706,4.7144,4.6368,53.497,15.048,150.088,13.57
2,-10.0,-25.0,-10.5706,4.7144,4.6368,53.497,-22.706,142.792,13.57
3,-10.0,-25.0,-10.5706,4.7144,4.6368,53.497,-60.871,129.5,13.57
4,-10.0,-25.0,-10.5706,4.7144,4.6368,69.846,49.762,94.696,13.57
1,-10.0,-20.0,-9.1417,3.0791,3.0335,51.849,15.812,153.066,10.646
2,-10.0,-20.0,-9.1417,3.079,3.0334,51.849,-22.257,145.834,10.646
3,-10.0,-20.0,-9.1417,3.0791,3.0335,51.849,-60.822,132.575,10.646
4,-10.0,-20.0,-9.1417,3.079,3.0334,72.906,50.062,93.049,10.646
1,-10.0,-15.0,-7.6684,1.3821,1.3638,49.998,16.756,156.082,7.956
2,-10.0,-15.0,-7.6684,1.3821,1.3638,49.998,-21.634,148.932,7.956
3,-10.0,-15.0,-7.6684,1.3821,1.3638,49.998,-60.609,135.728,7.956
4,-10.0,-15.0,-7.6684,1.3821,1.3637,76.063,50.207,91.197,7.956
1,-10.0,-10.0,-6.1613,-0.3696,-0.3652,47.939,17.881,159.101,6.163
2,-10.0,-10.0,-6.1613,-0.3696,-0.3652,47.939,-20.83,152.052,6.163
3,-10.0,-10.0,-6.1613,-0.3696,-0.3652,47.939,-60.219,138.926,6.163
4,-10.0,-10.0,-6.1613,-0.3696,-0.3652,79.285,50.182,89.138,6.163
1,-10.0,-5.0,-4.6309,-2.1695,-2.1465,45.67,19.185,162.088,6.405
2,-10.0,-5.0,-4.6309,-2.1695,-2.1466,45.67,-19.846,155.159,6.405
3,-10.0,-5.0,-4.6309,-2.1695,-2.1466,45.67,-59.649,142.134,6.405
4,-10.0,-5.0,-4.6309,-2.1695,-2.1466,82.537,49.978,86.87,6.405
1,-10.0,0.0,-3.0882,-4.011,-3.9733,43.193,20.66,165.006,8.701
2,-10.0,0.0,-3.0881,-4.0111,-3.9733,43.193,-18.684,158.215,8.701
3,-10.0,0.0,-3.0882,-4.0111,-3.9733,43.193,-58.896,145.316,8.701
4,-10.0,0.0,-3.0881,-4.0111,-3.9734,85.783,49.59,84.392,8.701
1,-10.0,5.0,-1.5436,-5.8875,-5.8383,40.512,22.291,167.822,12.033
2,-10.0,5.0,-1.5436,-5.8876,-5.8383,40.512,-17.356,161.186,12.033
3,-10.0,5.0,-1.5436,-5.8876,-5.8383,40.512,-57.967,148.435,12.033
4,-10.0,5.0,-1.5436,-5.8876,-5.8384,88.987,49.02,81.711,12.033
1,-10.0,10.0,-0.0079,-7.7918,-7.7339,37.637,24.061,170.502,15.825
2,-10.0,10.0,-0.0079,-7.7919,-7.7339,37.636,-15.877,164.037,15.825
3,-10.0,10.0,-0.0079,-7.7919,-7.7339,37.636,-56.872,151.454,15.825
4,-10.0,10.0,-0.0079,-7.7919,-7.7339,92.111,48.274,78.835,15.825
1,-10.0,15.0,1.5083,-9.716,-9.6517,34.579,25.944,173.017,19.847
2,-10.0,15.0,1.5083,-9.7161,-9.6517,34.579,-14.266,166.734,19.847
3,-10.0,15.0,1.5083,-9.7161,-9.6518,34.579,-55.627,154.339,19.847
4,-10.0,15.0,1.5083,-9.7161,-9.6518,95.119,47.364,75.778,19.847
1,-10.0,20.0,2.9944,-11.6512,-11.5824,31.36,27.915,175.339,23.992
2,-10.0,20.0,2.9944,-11.6512,-11.5824,31.36,-12.549,169.249,23.992
3,-10.0,20.0,2.9944,-11.6512,-11.5825,31.359,-54.253,157.057,23.992
4,-10.0,20.0,2.9944,-11.6512,-11.5825,97.974,46.306,72.559,23.992
1,-10.0,25.0,4.44,-13.5869,-13.5152,28.003,29.94,177.444,28.191
2,-10.0,25.0,4.44,-13.5869,-13.5153,28.003,-10.755,171.555,28.191
3,-10.0,25.0,4.44,-13.587,-13.5153,28.003,-52.776,159.577,28.191
4,-10.0,25.0,4.44,-13.587,-13.5153,100.645,45.124,69.202,28.191
1,-10.0,30.0,5.8346,-15.511,-15.4378,24.541,31.984,179.314,32.39
2,-10.0,30.0,5.8346,-15.5111,-15.4378,24.54,-8.917,173.628,32.391
3,-10.0,30.0,5.8346,-15.5111,-15.4378,24.54,-51.224,161.872,32.391
4,-10.0,30.0,5.8346,-15.5111,-15.4378,103.101,43.842,65.739,32.391
1,-10.0,35.0,7.1678,-17.4093,-17.3355,21.012,34.012,180.936,36.541
2,-10.0,35.0,7.1678,-17.4094,-17.3356,21.011,-7.07,175.454,36.541
3,-10.0,35.0,7.1678,-17.4094,-17.3356,21.011,-49.631,163.923,36.541
4,-10.0,35.0,7.1678,-17.4094,-17.3356,105.32,42.491,62.21,36.541
1,-10.0,40.0,8.4293,-19.2649,-19.1916,17.463,35.987,182.306,40.592
2,-10.0,40.0,8.4293,-19.265,-19.1917,17.462,-5.25,177.022,40.592
3,-10.0,40.0,8.4293,-19.265,-19.1917,17.462,-48.031,165.716,40.592
4,-10.0,40.0,8.4293,-19.2651,-19.1917,107.282,41.104,58.661,40.592
1,-10.0,45.0,9.6088,-21.0584,-20.9865,13.949,37.871,183.424,44.493
2,-10.0,45.0,9.6088,-21.0584,-20.9865,13.949,-3.493,178.331,44.493
3,-10.0,45.0,9.6088,-21.0585,-20.9866,13.948,-46.46,167.243,44.493
4,-10.0,45.0,9.6088,-21.0585,-20.9866,108.977,39.716,55.148,44.493
1,-10.0,50.0,10.6963,-22.7672,-22.6977,10.532,39.631,184.301,48.189
2,-10.0,50.0,10.6962,-22.7673,-22.6978,10.532,-1.834,179.387,48.189
3,-10.0,50.0,10.6962,-22.7674,-22.6979,10.532,-44.953,168.506,48.19
4,-10.0,50.0,10.6962,-22.7674,-22.6979,110.403,38.362,51.731,48.19
1,-10.0,55.0,11.6816,-24.3663,-24.3001,7.282,41.236,184.955,51.626
2,-10.0,55.0,11.6815,-24.3664,-24.3002,7.282,-0.306,180.205,51.626
3,-10.0,55.0,11.6816,-24.3665,-24.3003,7.281,-43.545,169.517,51.626
4,-10.0,55.0,11.6815,-24.3665,-24.3003,111.566,37.077,48.481,51.626
1,-10.0,60.0,12.555,-25.828,-25.7658,4.272,42.659,185.413,54.744
2,-10.0,60.0,12.555,-25.828,-25.7658,4.271,1.062,180.809,54.744
3,-10.0,60.0,12.555,-25.8281,-25.7659,4.271,-42.268,170.295,54.744
4,-10.0,60.0,12.555,-25.8281,-25.766,112.483,35.896,45.47,54.744
1,-10.0,65.0,13.3071,-27.1225,-27.065,1.578,43.88,185.707,57.484
2,-10.0,65.0,13.3071,-27.1226,-27.065,1.578,2.245,181.23,57.484
3,-10.0,65.0,13.3071,-27.1227,-27.0651,1.578,-41.15,170.866,57.485
4,-10.0,65.0,13.3071,-27.1227,-27.0652,113.178,34.85,42.777,57.485
1,-10.0,70.0,13.9289,-28.2197,-28.167,-0.722,44.882,185.876,59.791
2,-10.0,70.0,13.9288,-28.2198,-28.167,-0.722,3.224,181.503,59.791
3,-10.0,70.0,13.9289,-28.2199,-28.1671,-0.722,-40.215,171.264,59.791
4,-10.0,70.0,13.9288,-28.2199,-28.1672,113.679,33.966,40.477,59.791
1,-10.0,75.0,14.4118,-29.0899,-29.0416,-2.555,45.654,185.958,61.608
2,-10.0,75.0,14.4118,-29.0899,-29.0416,-2.556,3.983,181.664,61.608
3,-10.0,75.0,14.4118,-29.09,-29.0418,-2.556,-39.484,171.524,61.609
4,-10.0,75.0,14.4118,-29.0901,-29.0418,114.019,33.269,38.643,61.609
1,-10.0,80.0,14.7483,-29.7059,-29.6611,-3.858,46.187,185.988,62.888
2,-10.0,80.0,14.7482,-29.7059,-29.6611,-3.858,4.51,181.75,62.888
3,-10.0,80.0,14.7483,-29.706,-29.6613,-3.859,-38.972,171.677,62.889
4,-10.0,80.0,14.7483,-29.7061,-29.6613,114.23,32.778,37.34,62.889
1,-10.0,85.0,14.9317,-30.0451,-30.0025,-4.577,46.476,185.994,63.591
2,-10.0,85.0,14.9317,-30.0451,-30.0025,-4.577,4.796,181.787,63.591
3,-10.0,85.0,14.9317,-30.0453,-30.0026,-4.578,-38.693,171.751,63.591
4,-10.0,85.0,14.9317,-30.0453,-30.0027,114.335,32.509,36.622,63.591
1,-10.0,90.0,14.9568,-30.0916,-30.0493,-4.675,46.515,185.995,63.687
2,-10.0,90.0,14.9567,-30.0916,-30.0493,-4.676,4.835,181.791,63.687
3,-10.0,90.0,14.9568,-30.0918,-30.0494,-4.676,-38.655,171.76,63.688
4,-10.0,90.0,14.9567,-30.0918,-30.0495,114.349,32.472,36.523,63.688
1,-5.0,-90.0,-19.476,18.686,17.9541,61.995,16.046,124.286,38.029
2,-5.0,-90.0,-19.476,18.6861,17.9541,61.995,-19.016,117.236,38.029
3,-5.0,-90.0,-19.476,18.6861,17.9542,61.995,-53.877,104.644,38.029
4,-5.0,-90.0,-19.476,18.686,17.9541,45.941,39.999,103.195,38.029
1,-5.0,-85.0,-19.3507,18.5363,17.8167,61.956,16.005,124.562,37.772
2,-5.0,-85.0,-19.3507,18.5364,17.8167,61.956,-19.086,117.506,37.773
3,-5.0,-85.0,-19.3508,18.5364,17.8168,61.956,-53.981,104.903,37.773
4,-5.0,-85.0,-19.3507,18.5363,17.8166,46.187,40.132,103.156,37.773
1,-5.0,-80.0,-19.1027,18.2406,17.5447,61.877,15.927,125.109,37.264
2,-5.0,-80.0,-19.1027,18.2406,17.5447,61.877,-19.221,118.042,37.264
3,-5.0,-80.0,-19.1027,18.2407,17.5448,61.876,-54.184,105.417,37.264
4,-5.0,-80.0,-19.1027,18.2406,17.5447,46.674,40.392,103.076,37.264
1,-5.0,-75.0,-18.7317,17.7998,17.1383,61.75,15.82,125.928,36.501
2,-5.0,-75.0,-18.7317,17.7998,17.1383,61.75,-19.412,118.845,36.501
3,-5.0,-75.0,-18.7317,17.7999,17.1384,61.75,-54.479,106.188,36.501
4,-5.0,-75.0,-18.7317,17.7998,17.1383,47.407,40.772,102.95,36.501
1,-5.0,-70.0,-18.2385,17.2167,16.5987,61.568,15.695,127.015,35.484
2,-5.0,-70.0,-18.2385,17.2167,16.5987,61.568,-19.65,119.913,35.484
3,-5.0,-70.0,-18.2386,17.2167,16.5988,61.568,-54.854,107.216,35.484
4,-5.0,-70.0,-18.2385,17.2166,16.5987,48.386,41.262,102.767,35.484
1,-5.0,-65.0,-17.6252,16.4955,15.9285,61.319,15.567,128.366,34.211
2,-5.0,-65.0,-17.6252,16.4955,15.9285,61.319,-19.919,121.244,34.211
3,-5.0,-65.0,-17.6252,16.4956,15.9286,61.319,-55.295,108.5,34.212
4,-5.0,-65.0,-17.6252,16.4955,15.9285,49.612,41.844,102.519,34.212
1,-5.0,-60.0,-16.8949,15.6422,15.1315,60.991,15.454,129.974,32.687
2,-5.0,-60.0,-16.8949,15.6422,15.1315,60.991,-20.2,122.83,32.687
3,-5.0,-60.0,-16.8949,15.6423,15.1316,60.991,-55.78,110.036,32.687
4,-5.0,-60.0,-16.8949,15.6422,15.1315,51.083,42.501,102.191,32.687
1,-5.0,-55.0,-16.052,14.6639,14.2127,60.57,15.375,131.826,30.914
2,-5.0,-55.0,-16.052,14.6638,14.2127,60.57,-20.472,124.664,30.914
3,-5.0,-55.0,-16.0521,14.6639,14.2128,60.57,-56.289,111.819,30.914
4,-5.0,-55.0,-16.052,14.6638,14.2127,52.797,43.208,101.769,30.914
1,-5.0,-50.0,-15.1022,13.5683,13.178,60.04,15.353,133.908,28.897
2,-5.0,-50.0,-15.1022,13.5683,13.178,60.04,-20.711,126.733,28.897
3,-5.0,-50.0,-15.1022,13.5684,13.178,60.04,-56.796,113.838,28.898
4,-5.0,-50.0,-15.1022,13.5683,13.1779,54.746,43.94,101.24,28.898
1,-5.0,-45.0,-14.052,12.3642,12.0339,59.388,15.411,136.202,26.644
2,-5.0,-45.0,-14.052,12.3641,12.0339,59.388,-20.893,129.02,26.644
3,-5.0,-45.0,-14.052,12.3642,12.034,59.388,-57.275,116.083,26.644
4,-5.0,-45.0,-14.052,12.3641,12.0339,56.922,44.67,100.587,26.644
1,-5.0,-40.0,-12.9091,11.0601,10.7878,58.597,15.572,138.686,24.163
2,-5.0,-40.0,-12.9091,11.0601,10.7877,58.597,-20.993,131.508,24.163
3,-5.0,-40.0,-12.9092,11.0601,10.7878,58.597,-57.699,118.536,24.163
4,-5.0,-40.0,-12.9091,11.0601,10.7877,59.311,45.37,99.796,24.163
1,-5.0,-35.0,-11.682,9.6649,9.4469,57.654,15.855,141.337,21.464
2,-5.0,-35.0,-11.6819,9.6649,9.4469,57.653,-20.989,134.173,21.464
3,-5.0,-35.0,-11.682,9.665,9.4469,57.653,-58.042,121.179,21.464
4,-5.0,-35.0,-11.6819,9.6649,9.4468,61.898,46.01,98.853,21.464
1,-5.0,-30.0,-10.3796,8.1871,8.0188,56.545,16.281,144.126,18.56
2,-5.0,-30.0,-10.3796,8.1871,8.0188,56.545,-20.857,136.991,18.56
3,-5.0,-30.0,-10.3796,8.1871,8.0189,56.545,-58.28,123.99,18.56
4,-5.0,-30.0,-10.3796,8.1871,8.0188,64.665,46.564,97.744,18.56
1,-5.0,-25.0,-9.0116,6.6347,6.5112,55.259,16.864,147.024,15.468
2,-5.0,-25.0,-9.0116,6.6347,6.5112,55.258,-20.579,139.935,15.468
3,-5.0,-25.0,-9.0116,6.6347,6.5112,55.258,-58.389,126.945,15.468
4,-5.0,-25.0,-9.0116,6.6346,6.5111,67.588,47.006,96.458,15.468
1,-5.0,-20.0,-7.5881,5.0154,4.9312,53.785,17.619,150.0,12.215
2,-5.0,-20.0,-7.5881,5.0153,4.9312,53.785,-20.14,142.973,12.215
3,-5.0,-20.0,-7.5881,5.0154,4.9312,53.785,-58.35,130.015,12.215
4,-5.0,-20.0,-7.5881,5.0153,4.9312,70.642,47.315,94.985,12.215
1,-5.0,-15.0,-6.1193,3.3364,3.2861,52.117,18.551,153.021,8.85
2,-5.0,-15.0,-6.1193,3.3364,3.2861,52.117,-19.529,146.075,8.85
3,-5.0,-15.0,-6.1193,3.3364,3.2861,52.117,-58.149,133.17,8.85
4,-5.0,-15.0,-6.1193,3.3364,3.2861,73.8,47.473,93.317,8.85
1,-5.0,-10.0,-4.6158,1.6046,1.583,50.249,19.664,156.052,5.525
2,-5.0,-10.0,-4.6158,1.6046,1.5829,50.249,-18.738,149.206,5.525
3,-5.0,-10.0,-4.6158,1.6046,1.583,50.249,-57.774,136.377,5.525
4,-5.0,-10.0,-4.6158,1.6046,1.5829,77.029,47.463,91.448,5.525
1,-5.0,-5.0,-3.088,-0.1735,-0.1714,48.177,20.957,159.06,3.079
2,-5.0,-5.0,-3.088,-0.1735,-0.1714,48.177,-17.767,152.333,3.079
3,-5.0,-5.0,-3.088,-0.1735,-0.1714,48.177,-57.219,139.604,3.079
4,-5.0,-5.0,-3.088,-0.1735,-0.1714,80.298,47.277,89.376,3.079
1,-5.0,0.0,-1.5467,-1.9912,-1.9699,45.902,22.421,162.01,4.299
2,-5.0,0.0,-1.5467,-1.9912,-1.9699,45.902,-16.619,155.42,4.299
3,-5.0,0.0,-1.5467,-1.9912,-1.9699,45.902,-56.484,142.814,4.299
4,-5.0,0.0,-1.5467,-1.9912,-1.9699,83.571,46.91,87.101,4.299
1,-5.0,5.0,-0.0026,-3.842,-3.8055,43.427,24.045,164.869,7.769
2,-5.0,5.0,-0.0026,-3.842,-3.8055,43.427,-15.303,158.433,7.769
3,-5.0,5.0,-0.0026,-3.842,-3.8055,43.427,-55.572,145.973,7.769
4,-5.0,5.0,-0.0026,-3.842,-3.8055,86.813,46.362,84.626,7.769
1,-5.0,10.0,1.5339,-5.7187,-5.6704,40.76,25.81,167.605,11.718
2,-5.0,10.0,1.5339,-5.7188,-5.6704,40.76,-13.834,161.338,11.718
3,-5.0,10.0,1.5339,-5.7188,-5.6704,40.759,-54.495,149.045,11.718
4,-5.0,10.0,1.5339,-5.7188,-5.6704,89.987,45.639,81.959,11.718
1,-5.0,15.0,3.0519,-7.6137,-7.5565,37.912,27.693,170.187,15.837
2,-5.0,15.0,3.0519,-7.6137,-7.5565,37.912,-12.231,164.103,15.837
3,-5.0,15.0,3.0519,-7.6137,-7.5565,37.912,-53.266,151.996,15.837
4,-5.0,15.0,3.0519,-7.6138,-7.5565,93.058,44.753,79.111,15.837
1,-5.0,20.0,4.5409,-9.5181,-9.4543,34.901,29.668,172.589,20.035
2,-5.0,20.0,4.5409,-9.5181,-9.4544,34.9,-10.518,166.698,20.035
3,-5.0,20.0,4.5409,-9.5181,-9.4544,34.9,-51.907,154.793,20.035
4,-5.0,20.0,4.5409,-9.5181,-9.4544,95.99,43.719,76.1,20.035
1,-5.0,25.0,5.9904,-11.4218,-11.3535,31.749,31.703,174.787,24.259
2,-5.0,25.0,5.9904,-11.4218,-11.3535,31.749,-8.724,169.097,24.259
3,-5.0,25.0,5.9904,-11.4218,-11.3535,31.748,-50.441,157.405,24.26
4,-5.0,25.0,5.9904,-11.4218,-11.3535,98.752,42.558,72.948,24.26
1,-5.0,30.0,7.3898,-13.3129,-13.2416,28.486,33.764,176.763,28.466
2,-5.0,30.0,7.3897,-13.3129,-13.2416,28.486,-6.881,171.277,28.467
3,-5.0,30.0,7.3898,-13.313,-13.2416,28.486,-48.898,159.807,28.467
4,-5.0,30.0,7.3898,-13.313,-13.2416,101.313,41.297,69.685,28.467
1,-5.0,35.0,8.7286,-15.1776,-15.1045,25.149,35.815,178.501,32.613
2,-5.0,35.0,8.7286,-15.1776,-15.1045,25.149,-5.023,173.221,32.613
3,-5.0,35.0,8.7286,-15.1776,-15.1045,25.149,-47.31,161.977,32.613
4,-5.0,35.0,8.7286,-15.1776,-15.1045,103.648,39.964,66.348,32.613
1,-5.0,40.0,9.9964,-16.9995,-16.9257,21.783,37.819,179.996,36.655
2,-5.0,40.0,9.9964,-16.9995,-16.9257,21.782,-3.186,174.917,36.655
3,-5.0,40.0,9.9964,-16.9995,-16.9258,21.782,-45.711,163.898,36.655
4,-5.0,40.0,9.9964,-16.9995,-16.9258,105.738,38.593,62.981,36.655
1,-5.0,45.0,11.1829,-18.7597,-18.6861,18.438,39.738,181.247,40.542
2,-5.0,45.0,11.1828,-18.7597,-18.6862,18.438,-1.408,176.361,40.543
3,-5.0,45.0,11.1829,-18.7598,-18.6862,18.438,-44.136,165.562,40.543
4,-5.0,45.0,11.1828,-18.7598,-18.6862,107.57,37.217,59.637,40.543
1,-5.0,50.0,12.2777,-20.4365,-20.3641,15.176,41.538,182.261,44.225
2,-5.0,50.0,12.2776,-20.4366,-20.3641,15.176,0.276,177.557,44.225
3,-5.0,50.0,12.2777,-20.4366,-20.3642,15.175,-42.622,166.968,44.226
4,-5.0,50.0,12.2777,-20.4367,-20.3642,109.138,35.872,56.375,44.226
1,-5.0,55.0,13.2707,-22.0057,-21.935,12.063,43.187,183.052,47.649
2,-5.0,55.0,13.2707,-22.0057,-21.935,12.062,1.833,178.516,47.649
3,-5.0,55.0,13.2707,-22.0058,-21.9351,12.062,-41.204,168.122,47.649
4,-5.0,55.0,13.2707,-22.0058,-21.9351,110.445,34.593,53.261,47.649
1,-5.0,60.0,14.1521,-23.4403,-23.372,9.17,44.656,183.642,50.757
2,-5.0,60.0,14.1521,-23.4403,-23.372,9.17,3.232,179.257,50.757
3,-5.0,60.0,14.1521,-23.4404,-23.3721,9.17,-39.913,169.039,50.757
4,-5.0,60.0,14.1521,-23.4404,-23.3721,111.502,33.415,50.369,50.757
1,-5.0,65.0,14.9121,-24.7117,-24.6463,6.574,45.921,184.06,53.491
2,-5.0,65.0,14.9121,-24.7117,-24.6463,6.574,4.447,179.805,53.491
3,-5.0,65.0,14.9121,-24.7118,-24.6465,6.573,-38.78,169.74,53.491
4,-5.0,65.0,14.9121,-24.7118,-24.6465,112.328,32.368,47.772,53.492
1,-5.0,70.0,15.5416,-25.7906,-25.7283,4.349,46.966,184.337,55.796
2,-5.0,70.0,15.5416,-25.7906,-25.7283,4.349,5.457,180.19,55.796
3,-5.0,70.0,15.5416,-25.7907,-25.7285,4.348,-37.829,170.254,55.796
4,-5.0,70.0,15.5416,-25.7908,-25.7285,112.945,31.482,45.548,55.796
1,-5.0,75.0,16.032,-26.6482,-26.5889,2.568,47.774,184.507,57.616
2,-5.0,75.0,16.0319,-26.6482,-26.5889,2.568,6.243,180.443,57.616
3,-5.0,75.0,16.032,-26.6484,-26.589,2.567,-37.083,170.608,57.617
4,-5.0,75.0,16.032,-26.6484,-26.589,113.382,30.78,43.766,57.617
1,-5.0,80.0,16.3753,-27.2582,-27.2012,1.295,48.337,184.601,58.905
2,-5.0,80.0,16.3753,-27.2582,-27.2012,1.295,6.793,180.596,58.905
3,-5.0,80.0,16.3753,-27.2583,-27.2013,1.294,-36.557,170.831,58.905
4,-5.0,80.0,16.3753,-27.2583,-27.2013,113.662,30.283,42.493,58.906
1,-5.0,85.0,16.5648,-27.5982,-27.5427,0.583,48.646,184.644,59.621
2,-5.0,85.0,16.5648,-27.5982,-27.5427,0.583,7.096,180.67,59.621
3,-5.0,85.0,16.5648,-27.5984,-27.5428,0.582,-36.267,170.944,59.622
4,-5.0,85.0,16.5648,-27.5984,-27.5428,113.808,30.007,41.781,59.622
1,-5.0,90.0,16.595,-27.6526,-27.5973,0.469,48.696,184.65,59.736
2,-5.0,90.0,16.5949,-27.6526,-27.5973,0.469,7.145,180.682,59.736
3,-5.0,90.0,16.595,-27.6528,-27.5974,0.468,-36.22,170.962,59.736
4,-5.0,90.0,16.595,-27.6528,-27.5974,113.831,29.963,41.667,59.736
1,0.0,-90.0,-17.8739,20.5425,19.6454,62.385,17.69,121.299,40.609
2,0.0,-90.0,-17.8739,20.5425,19.6454,62.385,-17.07,114.437,40.609
3,0.0,-90.0,-17.8739,20.5426,19.6454,62.385,-51.581,102.123,40.609
4,0.0,-90.0,-17.8739,20.5425,19.6453,43.696,37.433,103.585,40.609
1,0.0,-85.0,-17.747,20.3898,19.5072,62.359,17.649,121.578,40.349
2,0.0,-85.0,-17.747,20.3898,19.5072,62.359,-17.14,114.71,40.349
3,0.0,-85.0,-17.747,20.3899,19.5073,62.359,-51.686,102.385,40.349
4,0.0,-85.0,-17.747,20.3898,19.5072,43.945,37.567,103.559,40.349
1,0.0,-80.0,-17.4984,20.0915,19.2368,62.305,17.572,122.124,39.838
2,0.0,-80.0,-17.4984,20.0915,19.2368,62.305,-17.273,115.245,39.838
3,0.0,-80.0,-17.4984,20.0915,19.2369,62.305,-51.888,102.898,39.838
4,0.0,-80.0,-17.4984,20.0915,19.2368,44.432,37.825,103.505,39.838
1,0.0,-75.0,-17.1279,19.6487,18.8342,62.218,17.467,122.937,39.074
2,0.0,-75.0,-17.1279,19.6487,18.8343,62.218,-17.462,116.043,39.074
3,0.0,-75.0,-17.128,19.6488,18.8343,62.218,-52.18,103.665,39.075
4,0.0,-75.0,-17.1279,19.6487,18.8342,45.16,38.202,103.418,39.075
1,0.0,-70.0,-16.6365,19.0644,18.3008,62.088,17.345,124.017,38.058
2,0.0,-70.0,-16.6365,19.0644,18.3008,62.088,-17.696,117.104,38.058
3,0.0,-70.0,-16.6365,19.0645,18.3009,62.088,-52.55,104.686,38.058
4,0.0,-70.0,-16.6365,19.0644,18.3008,46.133,38.686,103.288,38.058
1,0.0,-65.0,-16.0259,18.3431,17.6391,61.905,17.22,125.357,36.789
2,0.0,-65.0,-16.0259,18.3431,17.6391,61.905,-17.961,118.423,36.789
3,0.0,-65.0,-16.026,18.3432,17.6391,61.905,-52.985,105.959,36.79
4,0.0,-65.0,-16.0259,18.3431,17.639,47.349,39.262,103.104,36.79
1,0.0,-60.0,-15.2994,17.4909,16.8527,61.655,17.11,126.95,35.27
2,0.0,-60.0,-15.2994,17.4909,16.8527,61.655,-18.237,119.996,35.27
3,0.0,-60.0,-15.2994,17.4909,16.8528,61.655,-53.464,107.483,35.271
4,0.0,-60.0,-15.2994,17.4908,16.8527,48.808,39.91,102.855,35.271
1,0.0,-55.0,-14.4611,16.5149,15.9465,61.326,17.034,128.785,33.504
2,0.0,-55.0,-14.461,16.5149,15.9465,61.326,-18.504,121.813,33.505
3,0.0,-55.0,-14.4611,16.5149,15.9466,61.326,-53.966,109.249,33.505
4,0.0,-55.0,-14.461,16.5148,15.9465,50.507,40.609,102.526,33.505
1,0.0,-50.0,-13.5164,15.4232,14.9263,60.901,17.014,130.848,31.496
2,0.0,-50.0,-13.5164,15.4232,14.9263,60.901,-18.74,123.864,31.497
3,0.0,-50.0,-13.5164,15.4232,14.9263,60.901,-54.467,111.251,31.497
4,0.0,-50.0,-13.5164,15.4232,14.9262,52.439,41.334,102.101,31.497
1,0.0,-45.0,-12.4718,14.2244,13.7984,60.365,17.072,133.123,29.252
2,0.0,-45.0,-12.4717,14.2244,13.7984,60.365,-18.919,126.132,29.253
3,0.0,-45.0,-12.4718,14.2245,13.7985,60.365,-54.941,113.476,29.253
4,0.0,-45.0,-12.4717,14.2244,13.7984,54.596,42.057,101.564,29.253
1,0.0,-40.0,-11.3346,12.9275,12.57,59.702,17.231,135.588,26.78
2,0.0,-40.0,-11.3346,12.9275,12.57,59.702,-19.019,128.599,26.78
3,0.0,-40.0,-11.3346,12.9275,12.57,59.702,-55.362,115.91,26.78
4,0.0,-40.0,-11.3346,12.9275,12.57,56.967,42.75,100.902,26.78
1,0.0,-35.0,-10.1131,11.5412,11.2483,58.899,17.512,138.219,24.087
2,0.0,-35.0,-10.113,11.5412,11.2483,58.899,-19.015,131.246,24.087
3,0.0,-35.0,-10.1131,11.5412,11.2484,58.899,-55.704,118.535,24.087
4,0.0,-35.0,-10.113,11.5412,11.2483,59.536,43.387,100.098,24.087
1,0.0,-30.0,-8.8161,10.074,9.8408,57.941,17.933,140.992,21.183
2,0.0,-30.0,-8.816,10.074,9.8408,57.94,-18.886,134.047,21.183
3,0.0,-30.0,-8.8161,10.0741,9.8408,57.94,-55.942,121.329,21.183
4,0.0,-30.0,-8.816,10.074,9.8408,62.285,43.939,99.14,21.183
1,0.0,-25.0,-7.453,8.5342,8.3549,56.815,18.51,143.877,18.078
2,0.0,-25.0,-7.453,8.5342,8.3549,56.815,-18.614,136.977,18.078
3,0.0,-25.0,-7.453,8.5342,8.3549,56.815,-56.054,124.269,18.078
4,0.0,-25.0,-7.453,8.5342,8.3549,65.193,44.384,98.015,18.078
1,0.0,-20.0,-6.0337,6.9293,6.7979,55.512,19.256,146.844,14.785
2,0.0,-20.0,-6.0337,6.9293,6.7979,55.512,-18.182,140.006,14.785
3,0.0,-20.0,-6.0337,6.9294,6.7979,55.512,-56.021,127.329,14.785
4,0.0,-20.0,-6.0337,6.9293,6.7979,68.237,44.698,96.712,14.785
1,0.0,-15.0,-4.5683,5.2668,5.177,54.023,20.179,149.862,11.316
2,0.0,-15.0,-4.5683,5.2668,5.177,54.023,-17.579,143.104,11.316
3,0.0,-15.0,-4.5683,5.2668,5.177,54.023,-55.828,130.478,11.316
4,0.0,-15.0,-4.5683,5.2668,5.1769,71.389,44.862,95.222,11.316
1,0.0,-10.0,-3.0672,3.5533,3.499,52.341,21.283,152.897,7.684
2,0.0,-10.0,-3.0672,3.5533,3.499,52.341,-16.798,146.238,7.684
3,0.0,-10.0,-3.0672,3.5533,3.499,52.341,-55.463,133.688,7.684
4,0.0,-10.0,-3.0672,3.5533,3.499,74.619,44.863,93.54,7.684
1,0.0,-5.0,-1.5409,1.7956,1.7711,50.462,22.567,155.917,3.907
2,0.0,-5.0,-1.5409,1.7956,1.7711,50.462,-15.837,149.376,3.907
3,0.0,-5.0,-1.5409,1.7956,1.7711,50.462,-54.92,136.924,3.907
4,0.0,-5.0,-1.5409,1.7956,1.7711,77.896,44.689,91.662,3.907
1,0.0,0.0,0.0,0.0,0.0,48.386,24.024,158.889,0.0
2,0.0,0.0,0.0,0.0,0.0,48.386,-14.699,152.483,0.0
3,0.0,0.0,0.0,0.0,0.0,48.386,-54.197,140.154,0.0
4,0.0,0.0,0.0,0.0,0.0,81.186,44.336,89.585,0.0
1,0.0,5.0,1.5449,-1.8268,-1.807,46.114,25.642,161.779,4.017
2,0.0,5.0,1.5449,-1.8268,-1.807,46.114,-13.392,155.527,4.017
3,0.0,5.0,1.5449,-1.8268,-1.807,46.114,-53.298,143.342,4.017
4,0.0,5.0,1.5449,-1.8268,-1.807,84.455,43.804,87.313,4.017
1,0.0,10.0,3.0832,-3.6777,-3.6424,43.653,27.405,164.557,8.121
2,0.0,10.0,3.0832,-3.6777,-3.6424,43.653,-11.929,158.473,8.121
3,0.0,10.0,3.0832,-3.6777,-3.6424,43.653,-52.232,146.454,8.121
4,0.0,10.0,3.0832,-3.6777,-3.6424,87.668,43.098,84.852,8.121
1,0.0,15.0,4.6042,-5.5453,-5.4979,41.013,29.29,167.193,12.29
2,0.0,15.0,4.6042,-5.5453,-5.4979,41.013,-10.33,161.292,12.29
3,0.0,15.0,4.6042,-5.5453,-5.4979,41.012,-51.014,149.457,12.29
4,0.0,15.0,4.6042,-5.5453,-5.4979,90.79,42.228,82.212,12.29
1,0.0,20.0,6.0973,-7.4208,-7.3644,38.209,31.272,169.66,16.496
2,0.0,20.0,6.0973,-7.4208,-7.3644,38.208,-8.617,163.953,16.496
3,0.0,20.0,6.0973,-7.4209,-7.3644,38.208,-49.664,152.319,16.496
4,0.0,20.0,6.0973,-7.4209,-7.3644,93.786,41.21,79.408,16.496
1,0.0,25.0,7.5518,-9.2945,-9.2314,35.262,33.319,171.935,20.709
2,0.0,25.0,7.5518,-9.2945,-9.2314,35.261,-6.819,166.43,20.709
3,0.0,25.0,7.5518,-9.2946,-9.2315,35.261,-48.204,155.009,20.709
4,0.0,25.0,7.5518,-9.2945,-9.2314,96.625,40.064,76.461,20.709
1,0.0,30.0,8.9571,-11.1548,-11.087,32.199,35.399,173.999,24.894
2,0.0,30.0,8.9571,-11.1548,-11.087,32.199,-4.966,168.699,24.894
3,0.0,30.0,8.9571,-11.1548,-11.087,32.199,-46.664,157.501,24.894
4,0.0,30.0,8.9571,-11.1548,-11.087,99.275,38.816,73.398,24.894
1,0.0,35.0,10.3026,-12.9881,-12.9171,29.056,37.474,175.837,29.014
2,0.0,35.0,10.3026,-12.9881,-12.9171,29.055,-3.094,170.744,29.014
3,0.0,35.0,10.3026,-12.9881,-12.9172,29.055,-45.074,159.773,29.014
4,0.0,35.0,10.3026,-12.9881,-12.9172,101.712,37.493,70.254,29.014
1,0.0,40.0,11.5778,-14.7786,-14.7058,25.873,39.509,177.439,33.027
2,0.0,40.0,11.5778,-14.7786,-14.7058,25.873,-1.238,172.551,33.027
3,0.0,40.0,11.5778,-14.7787,-14.7059,25.872,-43.47,161.806,33.027
4,0.0,40.0,11.5778,-14.7787,-14.7058,103.914,36.13,67.072,33.027
1,0.0,45.0,12.7722,-16.508,-16.4344,22.7,41.465,178.805,36.886
2,0.0,45.0,12.7722,-16.508,-16.4344,22.7,0.565,174.113,36.886
3,0.0,45.0,12.7722,-16.5081,-16.4344,22.7,-41.886,163.591,36.886
4,0.0,45.0,12.7722,-16.5081,-16.4344,105.866,34.758,63.899,36.886
1,0.0,50.0,13.8754,-18.1554,-18.0817,19.596,43.307,179.937,40.543
2,0.0,50.0,13.8754,-18.1554,-18.0817,19.596,2.278,175.432,40.543
3,0.0,50.0,13.8754,-18.1555,-18.0818,19.595,-40.36,165.122,40.543
4,0.0,50.0,13.8754,-18.1555,-18.0817,107.56,33.415,60.795,40.543
1,0.0,55.0,14.8771,-19.697,-19.6239,16.624,45.001,180.848,43.944
2,0.0,55.0,14.877,-19.697,-19.6239,16.623,3.868,176.514,43.944
3,0.0,55.0,14.8771,-19.6971,-19.624,16.623,-38.925,166.402,43.944
4,0.0,55.0,14.877,-19.697,-19.624,108.995,32.135,57.822,43.944
1,0.0,60.0,15.7671,-21.1068,-21.035,13.853,46.517,181.554,47.034
2,0.0,60.0,15.7671,-21.1068,-21.035,13.853,5.301,177.376,47.034
3,0.0,60.0,15.7671,-21.1069,-21.0351,13.852,-37.616,167.444,47.034
4,0.0,60.0,15.7671,-21.1069,-21.0351,110.177,30.952,55.052,47.034
1,0.0,65.0,16.5358,-22.3572,-22.287,11.358,47.829,182.081,49.756
2,0.0,65.0,16.5357,-22.3572,-22.287,11.358,6.551,178.036,49.756
3,0.0,65.0,16.5358,-22.3573,-22.2872,11.357,-36.463,168.262,49.756
4,0.0,65.0,16.5357,-22.3573,-22.2871,111.121,29.899,52.557,49.756
1,0.0,70.0,17.1736,-23.4196,-23.3513,9.212,48.917,182.454,52.053
2,0.0,70.0,17.1735,-23.4196,-23.3513,9.212,7.594,178.521,52.053
3,0.0,70.0,17.1736,-23.4197,-23.3514,9.212,-35.493,168.879,52.054
4,0.0,70.0,17.1736,-23.4197,-23.3514,111.844,29.005,50.411,52.054
1,0.0,75.0,17.6718,-24.266,-24.1995,7.487,49.764,182.704,53.874
2,0.0,75.0,17.6717,-24.266,-24.1995,7.487,8.41,178.858,53.874
3,0.0,75.0,17.6718,-24.2661,-24.1997,7.487,-34.727,169.319,53.874
4,0.0,75.0,17.6717,-24.2661,-24.1996,112.368,28.294,48.686,53.874
1,0.0,80.0,18.0222,-24.8705,-24.8056,6.248,50.357,182.856,55.168
2,0.0,80.0,18.0221,-24.8705,-24.8056,6.247,8.985,179.071,55.168
3,0.0,80.0,18.0222,-24.8707,-24.8057,6.247,-34.186,169.606,55.168
4,0.0,80.0,18.0222,-24.8707,-24.8057,112.714,27.788,47.446,55.168
1,0.0,85.0,18.2179,-25.2115,-25.1475,5.546,50.688,182.932,55.896
2,0.0,85.0,18.2178,-25.2115,-25.1475,5.545,9.305,179.182,55.896
3,0.0,85.0,18.2179,-25.2117,-25.1477,5.545,-33.882,169.757,55.896
4,0.0,85.0,18.2178,-25.2117,-25.1476,112.898,27.504,46.744,55.896
1,0.0,90.0,18.2531,-25.2731,-25.2093,5.419,50.747,182.945,56.027
2,0.0,90.0,18.253,-25.2731,-25.2092,5.418,9.363,179.201,56.027
3,0.0,90.0,18.2531,-25.2732,-25.2094,5.418,-33.828,169.783,56.027
4,0.0,90.0,18.253,-25.2732,-25.2094,112.931,27.453,46.617,56.027
1,5.0,-90.0,-16.2932,22.3899,21.3021,62.611,19.141,118.279,43.305
2,5.0,-90.0,-16.2932,22.39,21.3021,62.611,-15.311,111.585,43.305
3,5.0,-90.0,-16.2932,22.39,21.3022,62.611,-49.465,99.526,43.306
4,5.0,-90.0,-16.2932,22.3899,21.3021,41.355,35.036,103.811,43.305
1,5.0,-85.0,-16.1643,22.2336,21.163,62.598,19.1,118.561,43.042
2,5.0,-85.0,-16.1643,22.2337,21.1631,62.598,-15.381,111.861,43.042
3,5.0,-85.0,-16.1643,22.2337,21.1631,62.598,-49.57,99.79,43.042
4,5.0,-85.0,-16.1643,22.2336,21.163,41.606,35.171,103.798,43.042
1,5.0,-80.0,-15.9147,21.932,20.894,62.569,19.025,119.106,42.53
2,5.0,-80.0,-15.9147,21.932,20.894,62.569,-15.513,112.396,42.531
3,5.0,-80.0,-15.9148,21.932,20.8941,62.569,-49.771,100.303,42.531
4,5.0,-80.0,-15.9147,21.932,20.894,42.092,35.428,103.769,42.531
1,5.0,-75.0,-15.5443,21.4862,20.4951,62.52,18.922,119.915,41.77
2,5.0,-75.0,-15.5443,21.4863,20.4952,62.52,-15.699,113.19,41.77
3,5.0,-75.0,-15.5444,21.4863,20.4952,62.52,-50.06,101.066,41.77
4,5.0,-75.0,-15.5443,21.4862,20.4951,42.818,35.801,103.72,41.77
1,5.0,-70.0,-15.054,20.8996,19.9677,62.441,18.803,120.986,40.76
2,5.0,-70.0,-15.054,20.8996,19.9677,62.441,-15.93,114.242,40.76
3,5.0,-70.0,-15.054,20.8996,19.9678,62.441,-50.426,102.079,40.761
4,5.0,-70.0,-15.054,20.8996,19.9677,43.783,36.28,103.641,40.761
1,5.0,-65.0,-14.4455,20.1768,19.3142,62.321,18.681,122.315,39.502
2,5.0,-65.0,-14.4455,20.1768,19.3142,62.321,-16.19,115.551,39.502
3,5.0,-65.0,-14.4455,20.1768,19.3142,62.321,-50.854,103.342,39.502
4,5.0,-65.0,-14.4455,20.1768,19.3142,44.99,36.848,103.521,39.502
1,5.0,-60.0,-13.7219,19.3241,18.5382,62.148,18.574,123.893,37.998
2,5.0,-60.0,-13.7219,19.3241,18.5382,62.147,-16.461,117.109,37.998
3,5.0,-60.0,-13.7219,19.3241,18.5382,62.147,-51.326,104.852,37.998
4,5.0,-60.0,-13.7219,19.3241,18.5382,46.436,37.489,103.347,37.998
1,5.0,-55.0,-12.8872,18.3488,17.6443,61.906,18.501,125.71,36.251
2,5.0,-55.0,-12.8872,18.3489,17.6444,61.906,-16.723,118.909,36.251
3,5.0,-55.0,-12.8873,18.3489,17.6444,61.906,-51.822,106.602,36.251
4,5.0,-55.0,-12.8872,18.3489,17.6443,48.119,38.179,103.106,36.251
1,5.0,-50.0,-11.9468,17.2594,16.6383,61.582,18.484,127.754,34.267
2,5.0,-50.0,-11.9467,17.2594,16.6383,61.581,-16.954,120.939,34.267
3,5.0,-50.0,-11.9468,17.2594,16.6383,61.581,-52.316,108.585,34.267
4,5.0,-50.0,-11.9467,17.2594,16.6383,50.034,38.894,102.781,34.267
1,5.0,-45.0,-10.9067,16.0644,15.5263,61.158,18.544,130.007,32.052
2,5.0,-45.0,-10.9067,16.0644,15.5263,61.158,-17.131,123.186,32.052
3,5.0,-45.0,-10.9067,16.0644,15.5264,61.158,-52.783,110.79,32.052
4,5.0,-45.0,-10.9067,16.0644,15.5263,52.171,39.608,102.357,32.052
1,5.0,-40.0,-9.7742,14.7728,14.3153,60.619,18.702,132.449,29.615
2,5.0,-40.0,-9.7742,14.7728,14.3153,60.619,-17.228,125.632,29.615
3,5.0,-40.0,-9.7742,14.7729,14.3154,60.619,-53.199,113.202,29.615
4,5.0,-40.0,-9.7742,14.7728,14.3153,54.521,40.295,101.819,29.615
1,5.0,-35.0,-8.5573,13.3937,13.0125,59.95,18.981,135.059,26.963
2,5.0,-35.0,-8.5573,13.3937,13.0125,59.95,-17.224,128.257,26.963
3,5.0,-35.0,-8.5573,13.3937,13.0125,59.95,-53.538,115.805,26.963
4,5.0,-35.0,-8.5573,13.3937,13.0125,57.069,40.925,101.15,26.963
1,5.0,-30.0,-7.2646,11.9355,11.6251,59.137,19.398,137.811,24.109
2,5.0,-30.0,-7.2646,11.9355,11.6251,59.137,-17.096,131.038,24.109
3,5.0,-30.0,-7.2646,11.9355,11.6251,59.137,-53.774,118.578,24.109
4,5.0,-30.0,-7.2646,11.9355,11.6251,59.798,41.475,100.337,24.109
1,5.0,-25.0,-5.9053,10.4065,10.1605,58.167,19.97,140.679,21.065
2,5.0,-25.0,-5.9053,10.4065,10.1605,58.167,-16.827,133.949,21.065
3,5.0,-25.0,-5.9053,10.4065,10.1605,58.167,-53.887,121.5,21.065
4,5.0,-25.0,-5.9053,10.4065,10.1605,62.688,41.918,99.367,21.065
1,5.0,-20.0,-4.4891,8.8144,8.6259,57.029,20.71,143.632,17.846
2,5.0,-20.0,-4.4891,8.8144,8.6259,57.029,-16.4,136.963,17.846
3,5.0,-20.0,-4.4891,8.8144,8.626,57.029,-53.857,124.544,17.846
4,5.0,-20.0,-4.4891,8.8144,8.6259,65.716,42.232,98.229,17.846
1,5.0,-15.0,-3.0261,7.1665,7.0285,55.713,21.626,146.64,14.473
2,5.0,-15.0,-3.026,7.1666,7.0285,55.713,-15.804,140.051,14.473
3,5.0,-15.0,-3.0261,7.1666,7.0286,55.713,-53.669,127.683,14.473
4,5.0,-15.0,-3.026,7.1666,7.0286,68.856,42.4,96.913,14.473
1,5.0,-10.0,-1.5263,5.4697,5.3752,54.212,22.723,149.672,10.981
2,5.0,-10.0,-1.5263,5.4698,5.3753,54.212,-15.03,143.181,10.982
3,5.0,-10.0,-1.5263,5.4698,5.3753,54.212,-53.31,130.887,10.982
4,5.0,-10.0,-1.5263,5.4698,5.3753,72.08,42.407,95.412,10.982
1,5.0,-5.0,-0.0003,3.7306,3.6729,52.522,23.999,152.695,7.448
2,5.0,-5.0,-0.0003,3.7306,3.673,52.522,-14.076,146.321,7.448
3,5.0,-5.0,-0.0003,3.7306,3.673,52.522,-52.775,134.125,7.448
4,5.0,-5.0,-0.0003,3.7306,3.673,75.358,42.241,93.721,7.448
1,5.0,0.0,1.5414,1.9555,1.9285,50.64,25.45,155.678,4.174
2,5.0,0.0,1.5414,1.9555,1.9286,50.639,-12.945,149.439,4.174
3,5.0,0.0,1.5414,1.9555,1.9286,50.639,-52.06,137.364,4.174
4,5.0,0.0,1.5414,1.9555,1.9286,78.657,41.898,91.839,4.174
1,5.0,5.0,3.0882,0.151,0.1492,48.567,27.065,158.589,3.061
2,5.0,5.0,3.0882,0.151,0.1492,48.566,-11.644,152.502,3.061
3,5.0,5.0,3.0882,0.151,0.1492,48.566,-51.17,140.571,3.061
4,5.0,5.0,3.0882,0.151,0.1492,81.944,41.376,89.766,3.061
1,5.0,10.0,4.6295,-1.676,-1.6577,46.308,28.827,161.397,5.803
2,5.0,10.0,4.6295,-1.6759,-1.6577,46.308,-10.185,155.479,5.803
3,5.0,10.0,4.6295,-1.676,-1.6577,46.307,-50.112,143.713,5.803
4,5.0,10.0,4.6295,-1.6759,-1.6577,85.185,40.681,87.507,5.803
1,5.0,15.0,6.1546,-3.518,-3.4838,43.872,30.715,164.073,9.593
2,5.0,15.0,6.1546,-3.518,-3.4838,43.871,-8.586,158.338,9.593
3,5.0,15.0,6.1546,-3.518,-3.4839,43.871,-48.901,146.756,9.593
4,5.0,15.0,6.1546,-3.518,-3.4838,88.346,39.822,85.071,9.593
1,5.0,20.0,7.6528,-5.3667,-5.3203,41.272,32.705,166.591,13.612
2,5.0,20.0,7.6528,-5.3666,-5.3203,41.272,-6.871,161.051,13.612
3,5.0,20.0,7.6528,-5.3667,-5.3203,41.272,-47.554,149.67,13.612
4,5.0,20.0,7.6528,-5.3667,-5.3203,91.393,38.814,82.471,13.612
1,5.0,25.0,9.1135,-7.2123,-7.1568,38.528,34.766,168.928,17.702
2,5.0,25.0,9.1134,-7.2123,-7.1567,38.528,-5.066,163.59,17.702
3,5.0,25.0,9.1135,-7.2124,-7.1568,38.527,-46.095,152.423,17.702
4,5.0,25.0,9.1134,-7.2123,-7.1568,94.294,37.676,79.727,17.702
1,5.0,30.0,10.5258,-9.0438,-8.9815,35.664,36.865,171.064,21.794
2,5.0,30.0,10.5258,-9.0438,-8.9815,35.664,-3.201,165.934,21.794
3,5.0,30.0,10.5258,-9.0438,-8.9815,35.664,-44.553,154.99,21.794
4,5.0,30.0,10.5258,-9.0438,-8.9815,97.019,36.434,76.863,21.794
1,5.0,35.0,11.8791,-10.8479,-10.7808,32.713,38.966,172.984,25.837
2,5.0,35.0,11.8791,-10.8479,-10.7808,32.713,-1.312,168.063,25.837
3,5.0,35.0,11.8791,-10.848,-10.7808,32.713,-42.958,157.347,25.837
4,5.0,35.0,11.8791,-10.8479,-10.7808,99.542,35.116,73.912,25.837
1,5.0,40.0,13.1628,-12.6094,-12.539,29.715,41.033,174.678,29.786
2,5.0,40.0,13.1627,-12.6094,-12.539,29.715,0.566,169.963,29.786
3,5.0,40.0,13.1628,-12.6094,-12.5391,29.714,-41.344,159.476,29.786
4,5.0,40.0,13.1628,-12.6094,-12.539,101.84,33.753,70.914,29.786
1,5.0,45.0,14.3661,-14.3103,-14.2379,26.715,43.027,176.14,33.59
2,5.0,45.0,14.3661,-14.3103,-14.2379,26.715,2.396,171.626,33.59
3,5.0,45.0,14.3661,-14.3104,-14.238,26.715,-39.746,161.364,33.591
4,5.0,45.0,14.3661,-14.3104,-14.2379,103.896,32.38,67.914,33.591
1,5.0,50.0,15.4786,-15.9304,-15.8569,23.77,44.911,177.375,37.201
2,5.0,50.0,15.4786,-15.9304,-15.8569,23.77,4.141,173.051,37.201
3,5.0,50.0,15.4786,-15.9305,-15.857,23.77,-38.202,163.004,37.201
4,5.0,50.0,15.4786,-15.9305,-15.857,105.7,31.032,64.969,37.201
1,5.0,55.0,16.4898,-17.4467,-17.3729,20.941,46.65,178.389,40.564
2,5.0,55.0,16.4897,-17.4467,-17.3729,20.941,5.765,174.241,40.564
3,5.0,55.0,16.4897,-17.4468,-17.373,20.94,-36.747,164.396,40.564
4,5.0,55.0,16.4897,-17.4467,-17.3729,107.248,29.744,62.14,40.564
1,5.0,60.0,17.3893,-18.8339,-18.7604,18.295,48.214,179.196,43.623
2,5.0,60.0,17.3892,-18.8339,-18.7604,18.295,7.235,175.208,43.623
3,5.0,60.0,17.3893,-18.834,-18.7605,18.295,-35.416,165.547,43.623
4,5.0,60.0,17.3892,-18.834,-18.7605,108.542,28.551,59.494,43.623
1,5.0,65.0,18.1672,-20.0652,-19.9924,15.905,49.573,179.818,46.323
2,5.0,65.0,18.1671,-20.0651,-19.9923,15.904,8.522,175.968,46.323
3,5.0,65.0,18.1672,-20.0652,-19.9925,15.904,-34.239,166.468,46.323
4,5.0,65.0,18.1671,-20.0652,-19.9924,109.591,27.486,57.103,46.323
1,5.0,70.0,18.8139,-21.1126,-21.0408,13.842,50.705,180.276,48.606
2,5.0,70.0,18.8138,-21.1125,-21.0407,13.841,9.6,176.542,48.606
3,5.0,70.0,18.8138,-21.1127,-21.0409,13.841,-33.246,167.178,48.607
4,5.0,70.0,18.8138,-21.1127,-21.0408,110.408,26.579,55.04,48.607
1,5.0,75.0,19.3202,-21.9488,-21.8781,12.176,51.59,180.596,50.42
2,5.0,75.0,19.3202,-21.9488,-21.878,12.176,10.447,176.952,50.42
3,5.0,75.0,19.3202,-21.949,-21.8782,12.176,-32.459,167.696,50.421
4,5.0,75.0,19.3202,-21.9489,-21.8782,111.012,25.856,53.375,50.421
1,5.0,80.0,19.678,-22.5487,-22.4788,10.973,52.215,180.8,51.716
2,5.0,80.0,19.6779,-22.5486,-22.4788,10.973,11.047,177.22,51.716
3,5.0,80.0,19.678,-22.5488,-22.4789,10.972,-31.899,168.04,51.716
4,5.0,80.0,19.678,-22.5487,-22.4789,111.417,25.339,52.172,51.716
1,5.0,85.0,19.8799,-22.8905,-22.8212,10.284,52.567,180.907,52.453
2,5.0,85.0,19.8799,-22.8905,-22.8212,10.283,11.386,177.364,52.452
3,5.0,85.0,19.8799,-22.8906,-22.8214,10.283,-31.582,168.226,52.453
4,5.0,85.0,19.8799,-22.8906,-22.8213,111.638,25.045,51.482,52.453
1,5.0,90.0,19.92,-22.9587,-22.8895,10.146,52.637,180.927,52.599
2,5.0,90.0,19.9199,-22.9586,-22.8894,10.146,11.453,177.391,52.599
3,5.0,90.0,19.92,-22.9588,-22.8896,10.145,-31.519,168.262,52.599
4,5.0,90.0,19.9199,-22.9588,-22.8896,111.681,24.986,51.345,52.599
1,10.0,-90.0,-14.7438,24.223,22.917,62.681,20.397,115.253,46.061
2,10.0,-90.0,-14.7438,24.223,22.9171,62.681,-13.745,108.707,46.061
3,10.0,-90.0,-14.7438,24.223,22.9171,62.681,-47.537,96.877,46.061
4,10.0,-90.0,-14.7438,24.223,22.917,38.941,32.821,103.881,46.061
1,10.0,-85.0,-14.6126,24.0626,22.777,62.68,20.356,115.538,45.794
2,10.0,-85.0,-14.6127,24.0627,22.777,62.68,-13.815,108.986,45.794
3,10.0,-85.0,-14.6127,24.0627,22.777,62.68,-47.643,97.144,45.794
4,10.0,-85.0,-14.6127,24.0626,22.777,39.195,32.956,103.88,45.794
1,10.0,-80.0,-14.3617,23.7568,22.5092,62.677,20.282,116.083,45.284
2,10.0,-80.0,-14.3618,23.7568,22.5092,62.677,-13.946,109.52,45.284
3,10.0,-80.0,-14.3618,23.7568,22.5093,62.677,-47.842,97.656,45.284
4,10.0,-80.0,-14.3618,23.7568,22.5092,39.682,33.212,103.877,45.284
1,10.0,-75.0,-13.991,23.307,22.1139,62.664,20.181,116.888,44.528
2,10.0,-75.0,-13.991,23.3071,22.1139,62.664,-14.13,110.31,44.528
3,10.0,-75.0,-13.991,23.3071,22.1139,62.664,-48.128,98.416,44.528
4,10.0,-75.0,-13.991,23.307,22.1139,40.404,33.582,103.864,44.528
1,10.0,-70.0,-13.5011,22.7168,21.5923,62.634,20.065,117.951,43.527
2,10.0,-70.0,-13.5011,22.7168,21.5923,62.634,-14.357,111.355,43.527
3,10.0,-70.0,-13.5012,22.7168,21.5923,62.634,-48.49,99.422,43.527
4,10.0,-70.0,-13.5011,22.7168,21.5923,41.363,34.055,103.834,43.527
1,10.0,-65.0,-12.8941,21.991,20.9468,62.575,19.946,119.267,42.283
2,10.0,-65.0,-12.8941,21.9911,20.9468,62.575,-14.613,112.652,42.283
3,10.0,-65.0,-12.8941,21.9911,20.9468,62.575,-48.912,100.675,42.283
4,10.0,-65.0,-12.8941,21.9911,20.9468,42.559,34.617,103.775,42.283
1,10.0,-60.0,-12.1726,21.1363,20.1809,62.475,19.843,120.83,40.797
2,10.0,-60.0,-12.1726,21.1363,20.1809,62.475,-14.879,114.196,40.797
3,10.0,-60.0,-12.1727,21.1364,20.1809,62.475,-49.378,102.17,40.797
4,10.0,-60.0,-12.1726,21.1363,20.1809,43.993,35.249,103.675,40.797
1,10.0,-55.0,-11.3408,20.1602,19.2991,62.318,19.773,122.63,39.075
2,10.0,-55.0,-11.3408,20.1602,19.2992,62.318,-15.136,115.978,39.076
3,10.0,-55.0,-11.3408,20.1602,19.2992,62.318,-49.866,103.904,39.076
4,10.0,-55.0,-11.3408,20.1602,19.2991,45.66,35.93,103.518,39.076
1,10.0,-50.0,-10.4037,19.0711,18.3069,62.089,19.758,124.652,37.123
2,10.0,-50.0,-10.4037,19.0711,18.307,62.089,-15.363,117.988,37.123
3,10.0,-50.0,-10.4037,19.0712,18.307,62.089,-50.352,105.867,37.123
4,10.0,-50.0,-10.4037,19.0711,18.307,47.555,36.636,103.289,37.123
1,10.0,-45.0,-9.3672,17.878,17.2105,61.773,19.82,126.883,34.947
2,10.0,-45.0,-9.3672,17.8781,17.2106,61.773,-15.535,120.213,34.947
3,10.0,-45.0,-9.3672,17.8781,17.2106,61.773,-50.813,108.05,34.947
4,10.0,-45.0,-9.3672,17.8781,17.2105,49.672,37.341,102.973,34.947
1,10.0,-40.0,-8.2384,16.5901,16.0165,61.353,19.979,129.301,32.557
2,10.0,-40.0,-8.2384,16.5901,16.0166,61.353,-15.63,122.635,32.557
3,10.0,-40.0,-8.2385,16.5901,16.0166,61.353,-51.223,110.439,32.557
4,10.0,-40.0,-8.2384,16.5901,16.0166,51.999,38.019,102.553,32.557
1,10.0,-35.0,-7.0251,15.2162,14.7321,60.813,20.256,131.887,29.962
2,10.0,-35.0,-7.0251,15.2162,14.7321,60.813,-15.624,125.235,29.962
3,10.0,-35.0,-7.0251,15.2162,14.7321,60.813,-51.557,113.018,29.962
4,10.0,-35.0,-7.0251,15.2162,14.7321,54.524,38.642,102.013,29.962
1,10.0,-30.0,-5.7356,13.7651,13.3643,60.14,20.67,134.616,27.177
2,10.0,-30.0,-5.7356,13.7652,13.3643,60.14,-15.497,127.993,27.177
3,10.0,-30.0,-5.7356,13.7652,13.3644,60.14,-51.791,115.768,27.177
4,10.0,-30.0,-5.7356,13.7652,13.3643,57.23,39.186,101.34,27.177
1,10.0,-25.0,-4.3791,12.2452,11.9205,59.319,21.238,137.461,24.216
2,10.0,-25.0,-4.3791,12.2452,11.9206,59.319,-15.23,130.882,24.216
3,10.0,-25.0,-4.3791,12.2452,11.9206,59.319,-51.904,118.668,24.216
4,10.0,-25.0,-4.3791,12.2452,11.9206,60.098,39.626,100.519,24.217
1,10.0,-20.0,-2.965,10.6641,10.4079,58.339,21.972,140.396,21.102
2,10.0,-20.0,-2.965,10.6641,10.4079,58.339,-14.806,133.877,21.102
3,10.0,-20.0,-2.965,10.6641,10.4079,58.339,-51.875,121.692,21.102
4,10.0,-20.0,-2.965,10.6641,10.4079,63.106,39.939,99.539,21.102
1,10.0,-15.0,-1.5031,9.0292,8.8335,57.19,22.882,143.389,17.863
2,10.0,-15.0,-1.5031,9.0292,8.8335,57.19,-14.215,136.948,17.863
3,10.0,-15.0,-1.5031,9.0292,8.8335,57.19,-51.689,124.815,17.863
4,10.0,-15.0,-1.5031,9.0292,8.8335,66.23,40.108,98.39,17.863
1,10.0,-10.0,-0.0036,7.3472,7.2041,55.864,23.972,146.41,14.548
2,10.0,-10.0,-0.0036,7.3473,7.2042,55.864,-13.446,140.068,14.548
3,10.0,-10.0,-0.0036,7.3473,7.2041,55.864,-51.334,128.008,14.548
4,10.0,-10.0,-0.0036,7.3473,7.2042,69.442,40.117,97.064,14.548
1,10.0,-5.0,1.5231,5.6249,5.5267,54.356,25.242,149.43,11.252
2,10.0,-5.0,1.5231,5.6249,5.5268,54.356,-12.499,143.203,11.252
3,10.0,-5.0,1.5231,5.6249,5.5268,54.355,-50.804,131.24,11.252
4,10.0,-5.0,1.5231,5.6249,5.5268,72.714,39.956,95.555,11.252
1,10.0,0.0,3.0667,3.8685,3.8082,52.661,26.688,152.415,8.203
2,10.0,0.0,3.0667,3.8685,3.8082,52.661,-11.373,146.323,8.203
3,10.0,0.0,3.0667,3.8685,3.8082,52.661,-50.095,134.48,8.203
4,10.0,0.0,3.0667,3.8686,3.8082,76.014,39.619,93.861,8.203
1,10.0,5.0,4.6165,2.0845,2.0555,50.782,28.3,155.336,6.053
2,10.0,5.0,4.6165,2.0845,2.0556,50.782,-10.075,149.397,6.053
3,10.0,5.0,4.6165,2.0845,2.0556,50.781,-49.21,137.697,6.053
4,10.0,5.0,4.6165,2.0846,2.0556,79.31,39.103,91.981,6.053
1,10.0,10.0,6.1619,0.2797,0.2762,48.72,30.061,158.163,6.09
2,10.0,10.0,6.1619,0.2797,0.2763,48.72,-8.619,152.392,6.09
3,10.0,10.0,6.1619,0.2797,0.2762,48.719,-48.157,140.857,6.09
4,10.0,10.0,6.1619,0.2797,0.2763,82.569,38.415,89.919,6.09
1,10.0,15.0,7.6922,-1.5387,-1.5217,46.483,31.954,160.868,8.391
2,10.0,15.0,7.6922,-1.5386,-1.5217,46.483,-7.02,155.28,8.391
3,10.0,15.0,7.6922,-1.5387,-1.5217,46.483,-46.948,143.929,8.391
4,10.0,15.0,7.6922,-1.5386,-1.5217,85.758,37.562,87.682,8.391
1,10.0,20.0,9.1967,-3.3624,-3.3294,44.083,33.951,163.424,11.732
2,10.0,20.0,9.1967,-3.3623,-3.3294,44.083,-5.3,158.031,11.732
3,10.0,20.0,9.1967,-3.3624,-3.3294,44.083,-45.602,146.881,11.732
4,10.0,20.0,9.1967,-3.3623,-3.3294,88.843,36.559,85.283,11.732
1,10.0,25.0,10.6645,-5.182,-5.1368,41.538,36.026,165.809,15.454
2,10.0,25.0,10.6645,-5.182,-5.1367,41.538,-3.486,160.62,15.454
3,10.0,25.0,10.6645,-5.1821,-5.1368,41.538,-44.142,149.684,15.454
4,10.0,25.0,10.6645,-5.182,-5.1367,91.794,35.425,82.738,15.454
1,10.0,30.0,12.0849,-6.9868,-6.9322,38.871,38.145,168.002,19.313
2,10.0,30.0,12.0849,-6.9867,-6.9321,38.871,-1.608,163.023,19.313
3,10.0,30.0,12.0849,-6.9868,-6.9322,38.871,-42.594,152.312,19.313
4,10.0,30.0,12.0849,-6.9867,-6.9322,94.579,34.184,80.07,19.313
1,10.0,35.0,13.4471,-8.7638,-8.7024,36.111,40.272,169.989,23.192
2,10.0,35.0,13.4471,-8.7638,-8.7023,36.111,0.299,165.22,23.192
3,10.0,35.0,13.4471,-8.7638,-8.7024,36.11,-40.989,154.74,23.192
4,10.0,35.0,13.4471,-8.7638,-8.7024,97.173,32.865,77.31,23.192
1,10.0,40.0,14.7402,-10.4983,-10.432,33.295,42.37,171.757,27.017
2,10.0,40.0,14.7402,-10.4982,-10.4319,33.295,2.201,167.198,27.016
3,10.0,40.0,14.7402,-10.4983,-10.432,33.295,-39.362,156.949,27.017
4,10.0,40.0,14.7402,-10.4983,-10.4319,99.553,31.498,74.494,27.017
1,10.0,45.0,15.9535,-12.1729,-12.1032,30.468,44.401,173.301,30.724
2,10.0,45.0,15.9535,-12.1729,-12.1032,30.468,4.06,168.946,30.724
3,10.0,45.0,15.9535,-12.1729,-12.1033,30.468,-37.747,158.924,30.724
4,10.0,45.0,15.9535,-12.1729,-12.1032,101.698,30.117,71.667,30.724
1,10.0,50.0,17.0762,-13.7679,-13.696,27.683,46.327,174.621,34.257
2,10.0,50.0,17.0762,-13.7678,-13.696,27.682,5.838,170.46,34.257
3,10.0,50.0,17.0762,-13.7679,-13.6961,27.682,-36.182,160.658,34.257
4,10.0,50.0,17.0762,-13.7679,-13.696,103.597,28.759,68.882,34.257
1,10.0,55.0,18.0977,-15.2609,-15.1877,24.997,48.112,175.723,37.559
2,10.0,55.0,18.0976,-15.2608,-15.1877,24.997,7.498,171.743,37.558
3,10.0,55.0,18.0977,-15.2609,-15.1878,24.997,-34.704,162.146,37.559
4,10.0,55.0,18.0976,-15.2609,-15.1877,105.243,27.458,66.196,37.559
1,10.0,60.0,19.0074,-16.6274,-16.5537,22.478,49.723,176.617,40.57
2,10.0,60.0,19.0073,-16.6274,-16.5536,22.478,9.006,172.8,40.57
3,10.0,60.0,19.0074,-16.6275,-16.5538,22.478,-33.346,163.391,40.57
4,10.0,60.0,19.0073,-16.6274,-16.5537,106.634,26.251,63.677,40.57
1,10.0,65.0,19.7952,-17.8411,-17.7674,20.194,51.129,177.321,43.234
2,10.0,65.0,19.7951,-17.8411,-17.7673,20.194,10.331,173.647,43.234
3,10.0,65.0,19.7952,-17.8412,-17.7675,20.193,-32.143,164.403,43.234
4,10.0,65.0,19.7952,-17.8412,-17.7674,107.776,25.17,61.393,43.234
1,10.0,70.0,20.4512,-18.875,-18.8015,18.216,52.305,177.852,45.493
2,10.0,70.0,20.4512,-18.8749,-18.8014,18.216,11.445,174.299,45.493
3,10.0,70.0,20.4512,-18.8751,-18.8016,18.216,-31.124,165.195,45.493
4,10.0,70.0,20.4512,-18.875,-18.8015,108.678,24.247,59.415,45.493
1,10.0,75.0,20.9662,-19.7021,-19.6291,16.613,53.229,178.233,47.293
2,10.0,75.0,20.9661,-19.702,-19.629,16.613,12.324,174.774,47.293
3,10.0,75.0,20.9662,-19.7022,-19.6292,16.613,-30.314,165.781,47.293
4,10.0,75.0,20.9661,-19.7022,-19.6291,109.352,23.508,57.812,47.293
1,10.0,80.0,21.3315,-20.2976,-20.225,15.449,53.885,178.483,48.585
2,10.0,80.0,21.3314,-20.2976,-20.225,15.449,12.951,175.091,48.585
3,10.0,80.0,21.3315,-20.2977,-20.2251,15.448,-29.734,166.177,48.585
4,10.0,80.0,21.3315,-20.2977,-20.2251,109.811,22.977,56.648,48.585
1,10.0,85.0,21.5397,-20.6403,-20.5681,14.775,54.259,178.618,49.326
2,10.0,85.0,21.5396,-20.6403,-20.568,14.775,13.308,175.264,49.326
3,10.0,85.0,21.5397,-20.6404,-20.5682,14.774,-29.403,166.395,49.326
4,10.0,85.0,21.5396,-20.6404,-20.5681,110.066,22.672,55.974,49.326
1,10.0,90.0,21.5845,-20.7144,-20.6422,14.629,54.339,178.646,49.486
2,10.0,90.0,21.5844,-20.7143,-20.6421,14.629,13.385,175.301,49.486
3,10.0,90.0,21.5845,-20.7145,-20.6423,14.628,-29.331,166.441,49.486
4,10.0,90.0,21.5844,-20.7144,-20.6422,110.12,22.607,55.828,49.486
1,15.0,-90.0,-13.2353,26.0361,24.4828,62.605,21.46,112.248,48.827
2,15.0,-90.0,-13.2353,26.0362,24.4829,62.605,-12.374,105.83,48.828
3,15.0,-90.0,-13.2354,26.0362,24.4829,62.605,-45.802,94.203,48.828
4,15.0,-90.0,-13.2353,26.0361,24.4828,36.481,30.794,103.805,48.828
1,15.0,-85.0,-13.1017,25.8711,24.3417,62.617,21.419,112.536,48.558
2,15.0,-85.0,-13.1017,25.8712,24.3418,62.617,-12.444,106.112,48.558
3,15.0,-85.0,-13.1018,25.8712,24.3418,62.617,-45.909,94.473,48.558
4,15.0,-85.0,-13.1017,25.8711,24.3417,36.738,30.931,103.817,48.558
1,15.0,-80.0,-12.8491,25.5603,24.0751,62.638,21.346,113.081,48.049
2,15.0,-80.0,-12.8492,25.5604,24.0752,62.638,-12.574,106.646,48.049
3,15.0,-80.0,-12.8492,25.5603,24.0752,62.638,-46.107,94.986,48.049
4,15.0,-80.0,-12.8492,25.5603,24.0751,37.225,31.186,103.838,48.049
1,15.0,-75.0,-12.4776,25.1055,23.6832,62.661,21.247,113.882,47.298
2,15.0,-75.0,-12.4776,25.1055,23.6833,62.661,-12.756,107.432,47.298
3,15.0,-75.0,-12.4776,25.1055,23.6833,62.661,-46.39,95.742,47.298
4,15.0,-75.0,-12.4776,25.1055,23.6833,37.943,31.553,103.861,47.298
1,15.0,-70.0,-11.9877,24.5103,23.1673,62.678,21.133,114.937,46.307
2,15.0,-70.0,-11.9877,24.5104,23.1674,62.678,-12.98,108.47,46.307
3,15.0,-70.0,-11.9878,24.5104,23.1674,62.678,-46.748,96.741,46.307
4,15.0,-70.0,-11.9877,24.5103,23.1674,38.896,32.021,103.878,46.307
1,15.0,-65.0,-11.3814,23.7801,22.5297,62.677,21.018,116.242,45.078
2,15.0,-65.0,-11.3814,23.7802,22.5298,62.677,-13.231,109.756,45.078
3,15.0,-65.0,-11.3815,23.7802,22.5298,62.677,-47.165,97.983,45.078
4,15.0,-65.0,-11.3814,23.7802,22.5297,40.083,32.576,103.877,45.078
1,15.0,-60.0,-10.6615,22.9217,21.7737,62.646,20.917,117.79,43.613
2,15.0,-60.0,-10.6615,22.9218,21.7738,62.646,-13.493,111.285,43.613
3,15.0,-60.0,-10.6615,22.9218,21.7738,62.646,-47.624,99.465,43.613
4,15.0,-60.0,-10.6615,22.9218,21.7737,41.503,33.2,103.846,43.613
1,15.0,-55.0,-9.8318,21.9429,20.9038,62.57,20.85,119.572,41.918
2,15.0,-55.0,-9.8318,21.943,20.9038,62.57,-13.746,113.049,41.918
3,15.0,-55.0,-9.8318,21.943,20.9039,62.57,-48.104,101.182,41.918
4,15.0,-55.0,-9.8318,21.943,20.9038,43.154,33.872,103.77,41.918
1,15.0,-50.0,-8.8971,20.8524,19.9252,62.434,20.838,121.573,39.999
2,15.0,-50.0,-8.8971,20.8525,19.9252,62.434,-13.967,115.039,39.999
3,15.0,-50.0,-8.8972,20.8525,19.9253,62.434,-48.584,103.125,39.999
4,15.0,-50.0,-8.8971,20.8525,19.9252,45.031,34.568,103.634,40.0
1,15.0,-45.0,-7.8634,19.6594,18.8439,62.22,20.9,123.78,37.865
2,15.0,-45.0,-7.8634,19.6594,18.844,62.22,-14.136,117.24,37.865
3,15.0,-45.0,-7.8634,19.6594,18.844,62.22,-49.038,105.285,37.865
4,15.0,-45.0,-7.8634,19.6594,18.844,47.126,35.264,103.42,37.865
1,15.0,-40.0,-6.7374,18.373,17.6666,61.913,21.059,126.174,35.525
2,15.0,-40.0,-6.7374,18.3731,17.6666,61.913,-14.228,119.637,35.525
3,15.0,-40.0,-6.7374,18.3731,17.6666,61.913,-49.442,107.65,35.525
4,15.0,-40.0,-6.7374,18.3731,17.6666,49.43,35.933,103.113,35.525
1,15.0,-35.0,-5.5267,17.0025,16.4,61.496,21.335,128.734,32.991
2,15.0,-35.0,-5.5267,17.0026,16.4001,61.496,-14.221,122.212,32.992
3,15.0,-35.0,-5.5267,17.0026,16.4001,61.496,-49.771,110.204,32.992
4,15.0,-35.0,-5.5267,17.0026,16.4001,51.93,36.549,102.696,32.992
1,15.0,-30.0,-4.2395,15.5567,15.0514,60.956,21.747,131.437,30.279
2,15.0,-30.0,-4.2395,15.5567,15.0514,60.956,-14.094,124.943,30.279
3,15.0,-30.0,-4.2395,15.5567,15.0515,60.956,-50.002,112.928,30.279
4,15.0,-30.0,-4.2395,15.5567,15.0514,54.611,37.087,102.156,30.279
1,15.0,-25.0,-2.8847,14.0439,13.6279,60.278,22.311,134.258,27.405
2,15.0,-25.0,-2.8847,14.0439,13.6279,60.278,-13.828,127.808,27.405
3,15.0,-25.0,-2.8847,14.0439,13.6279,60.278,-50.112,115.803,27.405
4,15.0,-25.0,-2.8847,14.0439,13.6279,57.454,37.522,101.477,27.405
1,15.0,-20.0,-1.4716,12.4719,12.1365,59.449,23.04,137.169,24.395
2,15.0,-20.0,-1.4716,12.4719,12.1366,59.449,-13.407,130.779,24.395
3,15.0,-20.0,-1.4716,12.4719,12.1366,59.449,-50.083,118.804,24.395
4,15.0,-20.0,-1.4716,12.4719,12.1366,60.439,37.833,100.649,24.395
1,15.0,-15.0,-0.01,10.848,10.5844,58.46,23.943,140.142,21.282
2,15.0,-15.0,-0.01,10.8481,10.5844,58.46,-12.82,133.831,21.282
3,15.0,-15.0,-0.01,10.8481,10.5844,58.46,-49.899,121.906,21.282
4,15.0,-15.0,-0.01,10.8481,10.5845,63.543,38.001,99.66,21.282
1,15.0,-10.0,1.4902,9.1792,8.9783,57.302,25.027,143.148,18.118
2,15.0,-10.0,1.4902,9.1792,8.9784,57.301,-12.056,136.934,18.118
3,15.0,-10.0,1.4902,9.1792,8.9783,57.301,-49.547,125.082,18.118
4,15.0,-10.0,1.4902,9.1792,8.9784,66.738,38.01,98.501,18.118
1,15.0,-5.0,3.0188,7.4718,7.3251,55.968,26.291,146.157,14.991
2,15.0,-5.0,3.0188,7.4718,7.3251,55.967,-11.113,140.058,14.991
3,15.0,-5.0,3.0188,7.4718,7.3251,55.967,-49.02,128.302,14.991
4,15.0,-5.0,3.0188,7.4719,7.3251,69.997,37.851,97.167,14.991
1,15.0,0.0,4.5652,5.7323,5.6316,54.454,27.732,149.137,12.069
2,15.0,0.0,4.5652,5.7323,5.6316,54.454,-9.992,143.172,12.069
3,15.0,0.0,4.5652,5.7323,5.6316,54.454,-48.314,131.537,12.069
4,15.0,0.0,4.5652,5.7323,5.6316,73.291,37.517,95.654,12.069
1,15.0,5.0,6.119,3.9669,3.9047,52.761,29.34,152.06,9.697
2,15.0,5.0,6.119,3.967,3.9048,52.76,-8.698,146.248,9.697
3,15.0,5.0,6.119,3.967,3.9047,52.76,-47.433,134.755,9.697
4,15.0,5.0,6.119,3.967,3.9048,76.587,37.005,93.96,9.697
1,15.0,10.0,7.6696,2.1824,2.1519,50.889,31.102,154.897,8.503
2,15.0,10.0,7.6696,2.1825,2.1519,50.889,-7.243,149.252,8.503
3,15.0,10.0,7.6696,2.1824,2.1519,50.889,-46.382,137.924,8.503
4,15.0,10.0,7.6696,2.1825,2.152,79.855,36.32,92.088,8.503
1,15.0,15.0,9.2061,0.3859,0.381,48.845,32.997,157.619,9.074
2,15.0,15.0,9.2061,0.3859,0.3811,48.845,-5.642,152.158,9.074
3,15.0,15.0,9.2061,0.3859,0.3811,48.845,-45.175,141.013,9.074
4,15.0,15.0,9.2061,0.3859,0.3811,83.062,35.47,90.045,9.074
1,15.0,20.0,10.7178,-1.4148,-1.3991,46.64,35.003,160.201,11.194
2,15.0,20.0,10.7178,-1.4147,-1.399,46.64,-3.917,154.936,11.194
3,15.0,20.0,10.7179,-1.4148,-1.3991,46.64,-43.827,143.993,11.194
4,15.0,20.0,10.7178,-1.4147,-1.399,86.174,34.468,87.84,11.194
1,15.0,25.0,12.1939,-3.2103,-3.1786,44.289,37.09,162.621,14.193
2,15.0,25.0,12.1939,-3.2103,-3.1785,44.289,-2.094,157.561,14.193
3,15.0,25.0,12.1939,-3.2103,-3.1786,44.289,-42.363,146.833,14.193
4,15.0,25.0,12.1939,-3.2103,-3.1785,89.162,33.335,85.489,14.193
1,15.0,30.0,13.6234,-4.9903,-4.9461,41.814,39.227,164.859,17.606
2,15.0,30.0,13.6234,-4.9902,-4.9461,41.813,-0.203,160.009,17.606
3,15.0,30.0,13.6234,-4.9903,-4.9462,41.813,-40.807,149.507,17.606
4,15.0,30.0,13.6234,-4.9902,-4.9461,91.995,32.092,83.013,17.606
1,15.0,35.0,14.9954,-6.7422,-6.6887,39.24,41.379,166.897,21.189
2,15.0,35.0,14.9954,-6.7422,-6.6887,39.24,1.724,162.262,21.189
3,15.0,35.0,14.9954,-6.7422,-6.6888,39.24,-39.191,151.992,21.189
4,15.0,35.0,14.9954,-6.7422,-6.6887,94.647,30.767,80.44,21.189
1,15.0,40.0,16.299,-8.4517,-8.3913,36.605,43.508,168.725,24.802
2,15.0,40.0,16.2989,-8.4517,-8.3913,36.605,3.65,164.302,24.802
3,15.0,40.0,16.299,-8.4517,-8.3914,36.604,-37.547,154.266,24.803
4,15.0,40.0,16.2989,-8.4517,-8.3913,97.093,29.392,77.804,24.803
1,15.0,45.0,17.5231,-10.102,-10.0366,33.949,45.575,170.336,28.353
2,15.0,45.0,17.523,-10.1019,-10.0366,33.949,5.537,166.12,28.353
3,15.0,45.0,17.5231,-10.102,-10.0367,33.948,-35.913,156.315,28.353
4,15.0,45.0,17.5231,-10.1019,-10.0366,99.313,28.0,75.148,28.353
1,15.0,50.0,18.6568,-11.6738,-11.605,31.322,47.542,171.726,31.766
2,15.0,50.0,18.6568,-11.6737,-11.6049,31.321,7.348,167.708,31.766
3,15.0,50.0,18.6568,-11.6738,-11.605,31.321,-34.325,158.126,31.766
4,15.0,50.0,18.6568,-11.6737,-11.6049,101.293,26.627,72.521,31.766
1,15.0,55.0,19.6894,-13.1454,-13.0743,28.78,49.371,172.901,34.974
2,15.0,55.0,19.6893,-13.1453,-13.0742,28.78,9.045,169.068,34.974
3,15.0,55.0,19.6894,-13.1454,-13.0743,28.78,-32.821,159.696,34.975
4,15.0,55.0,19.6893,-13.1454,-13.0742,103.022,25.31,69.979,34.974
1,15.0,60.0,20.61,-14.4929,-14.4203,26.388,51.028,173.869,37.914
2,15.0,60.0,20.61,-14.4928,-14.4203,26.388,10.591,170.203,37.914
3,15.0,60.0,20.61,-14.493,-14.4204,26.387,-31.436,161.023,37.915
4,15.0,60.0,20.61,-14.4929,-14.4203,104.498,24.084,67.587,37.915
1,15.0,65.0,21.4084,-15.6907,-15.6173,24.211,52.48,174.641,40.525
2,15.0,65.0,21.4083,-15.6906,-15.6172,24.211,11.954,171.124,40.525
3,15.0,65.0,21.4083,-15.6907,-15.6174,24.211,-30.205,162.114,40.525
4,15.0,65.0,21.4083,-15.6907,-15.6173,105.721,22.984,65.41,40.525
1,15.0,70.0,22.0742,-16.7121,-16.6384,22.32,53.699,175.236,42.746
2,15.0,70.0,22.0741,-16.712,-16.6383,22.32,13.104,171.842,42.746
3,15.0,70.0,22.0742,-16.7122,-16.6385,22.32,-29.158,162.976,42.746
4,15.0,70.0,22.0742,-16.7121,-16.6384,106.696,22.042,63.519,42.746
1,15.0,75.0,22.5981,-17.5309,-17.4571,20.782,54.662,175.67,44.522
2,15.0,75.0,22.598,-17.5308,-17.457,20.782,14.017,172.375,44.522
3,15.0,75.0,22.5981,-17.531,-17.4572,20.781,-28.323,163.623,44.523
4,15.0,75.0,22.598,-17.5309,-17.4571,107.433,21.286,61.981,44.523
1,15.0,80.0,22.9711,-18.1226,-18.0489,19.659,55.348,175.96,45.803
2,15.0,80.0,22.9711,-18.1225,-18.0488,19.658,14.669,172.735,45.803
3,15.0,80.0,22.9711,-18.1227,-18.0489,19.658,-27.723,164.065,45.803
4,15.0,80.0,22.9711,-18.1226,-18.0489,107.941,20.74,60.857,45.803
1,15.0,85.0,23.1856,-18.466,-18.3924,19.002,55.743,176.119,46.545
2,15.0,85.0,23.1855,-18.4659,-18.3923,19.002,15.045,172.934,46.545
3,15.0,85.0,23.1856,-18.4661,-18.3924,19.001,-27.376,164.312,46.545
4,15.0,85.0,23.1855,-18.466,-18.3924,108.225,20.423,60.201,46.545
1,15.0,90.0,23.2349,-18.5453,-18.4717,18.85,55.834,176.155,46.716
2,15.0,90.0,23.2348,-18.5452,-18.4716,18.85,15.132,172.98,46.716
3,15.0,90.0,23.2349,-18.5454,-18.4718,18.849,-27.296,164.368,46.716
4,15.0,90.0,23.2348,-18.5454,-18.4717,108.29,20.35,60.049,46.716
1,20.0,-90.0,-11.7769,27.8232,25.9921,62.395,22.337,109.29,51.567
2,20.0,-90.0,-11.7769,27.8233,25.9921,62.395,-11.193,102.98,51.567
3,20.0,-90.0,-11.7769,27.8232,25.9922,62.395,-44.259,91.531,51.567
4,20.0,-90.0,-11.7769,27.8232,25.9921,34.001,28.959,103.595,51.567
1,20.0,-85.0,-11.6406,27.653,25.8499,62.421,22.296,109.582,51.295
2,20.0,-85.0,-11.6407,27.6531,25.85,62.421,-11.264,103.266,51.295
3,20.0,-85.0,-11.6407,27.653,25.85,62.421,-44.367,91.805,51.295
4,20.0,-85.0,-11.6406,27.653,25.8499,34.261,29.097,103.621,51.295
1,20.0,-80.0,-11.3861,27.3363,25.5844,62.465,22.223,110.127,50.786
2,20.0,-80.0,-11.3862,27.3364,25.5845,62.465,-11.393,103.8,50.786
3,20.0,-80.0,-11.3862,27.3364,25.5845,62.465,-44.565,92.318,50.786
4,20.0,-80.0,-11.3862,27.3364,25.5845,34.749,29.352,103.665,50.786
1,20.0,-75.0,-11.0134,26.8753,25.196,62.523,22.125,110.924,50.04
2,20.0,-75.0,-11.0134,26.8754,25.1961,62.523,-11.574,104.583,50.041
3,20.0,-75.0,-11.0134,26.8754,25.1961,62.523,-44.846,93.071,50.041
4,20.0,-75.0,-11.0134,26.8754,25.196,35.465,29.716,103.723,50.041
1,20.0,-70.0,-10.5231,26.2739,24.6857,62.584,22.013,111.972,49.059
2,20.0,-70.0,-10.5231,26.274,24.6858,62.584,-11.795,105.613,49.059
3,20.0,-70.0,-10.5232,26.274,24.6858,62.584,-45.2,94.064,49.059
4,20.0,-70.0,-10.5231,26.274,24.6857,36.411,30.18,103.784,49.059
1,20.0,-65.0,-9.9171,25.5378,24.0558,62.64,21.9,113.267,47.844
2,20.0,-65.0,-9.9171,25.5379,24.0559,62.64,-12.043,106.889,47.844
3,20.0,-65.0,-9.9171,25.5379,24.0559,62.64,-45.612,95.296,47.844
4,20.0,-65.0,-9.9171,25.5378,24.0558,37.589,30.729,103.84,47.844
1,20.0,-60.0,-9.1981,24.674,23.3096,62.675,21.802,114.8,46.399
2,20.0,-60.0,-9.1981,24.674,23.3096,62.675,-12.3,108.404,46.4
3,20.0,-60.0,-9.1981,24.674,23.3096,62.675,-46.065,96.764,46.4
4,20.0,-60.0,-9.1981,24.674,23.3096,38.996,31.345,103.875,46.4
1,20.0,-55.0,-8.3697,23.6907,22.4512,62.676,21.738,116.564,44.731
2,20.0,-55.0,-8.3697,23.6907,22.4513,62.676,-12.549,110.151,44.731
3,20.0,-55.0,-8.3697,23.6907,22.4513,62.676,-46.539,98.464,44.731
4,20.0,-55.0,-8.3697,23.6907,22.4513,40.631,32.009,103.876,44.731
1,20.0,-50.0,-7.4368,22.5968,21.4859,62.626,21.727,118.544,42.846
2,20.0,-50.0,-7.4368,22.5969,21.4859,62.626,-12.767,112.119,42.846
3,20.0,-50.0,-7.4368,22.5969,21.486,62.626,-47.012,100.387,42.846
4,20.0,-50.0,-7.4368,22.5969,21.4859,42.489,32.697,103.826,42.846
1,20.0,-45.0,-6.405,21.4018,20.4194,62.509,21.79,120.728,40.752
2,20.0,-45.0,-6.405,21.4019,20.4195,62.509,-12.932,114.297,40.752
3,20.0,-45.0,-6.4051,21.4019,20.4195,62.509,-47.46,102.525,40.752
4,20.0,-45.0,-6.405,21.4019,20.4195,44.562,33.384,103.709,40.752
1,20.0,-40.0,-5.281,20.1151,19.2582,62.31,21.949,123.096,38.462
2,20.0,-40.0,-5.281,20.1152,19.2583,62.31,-13.021,116.669,38.462
3,20.0,-40.0,-5.281,20.1152,19.2583,62.309,-47.859,104.865,38.462
4,20.0,-40.0,-5.281,20.1152,19.2583,46.842,34.044,103.509,38.462
1,20.0,-35.0,-4.072,18.746,18.0091,62.01,22.224,125.629,35.987
2,20.0,-35.0,-4.072,18.7461,18.0092,62.01,-13.013,119.217,35.987
3,20.0,-35.0,-4.072,18.746,18.0092,62.01,-48.183,107.393,35.987
4,20.0,-35.0,-4.072,18.7461,18.0092,49.316,34.653,103.21,35.987
1,20.0,-30.0,-2.7862,17.3034,16.6791,61.596,22.632,128.305,33.344
2,20.0,-30.0,-2.7862,17.3035,16.6792,61.596,-12.886,121.921,33.344
3,20.0,-30.0,-2.7862,17.3034,16.6792,61.596,-48.41,110.09,33.344
4,20.0,-30.0,-2.7862,17.3035,16.6792,51.971,35.184,102.796,33.344
1,20.0,-25.0,-1.4323,15.7957,15.2752,61.053,23.192,131.099,30.552
2,20.0,-25.0,-1.4323,15.7958,15.2753,61.053,-12.622,124.759,30.552
3,20.0,-25.0,-1.4323,15.7958,15.2753,61.053,-48.519,112.937,30.552
4,20.0,-25.0,-1.4322,15.7958,15.2753,54.788,35.614,102.252,30.552
1,20.0,-20.0,-0.0193,14.2309,13.8045,60.368,23.915,133.985,27.636
2,20.0,-20.0,-0.0193,14.231,13.8046,60.368,-12.204,127.704,27.637
3,20.0,-20.0,-0.0193,14.231,13.8046,60.368,-48.489,115.912,27.637
4,20.0,-20.0,-0.0193,14.231,13.8046,57.747,35.921,101.568,27.637
1,20.0,-15.0,1.443,12.6162,12.274,59.531,24.812,136.935,24.633
2,20.0,-15.0,1.443,12.6163,12.274,59.531,-11.62,130.732,24.633
3,20.0,-15.0,1.443,12.6163,12.274,59.53,-48.305,118.99,24.633
4,20.0,-15.0,1.443,12.6163,12.2741,60.826,36.087,100.73,24.633
1,20.0,-10.0,2.9449,10.9585,10.6904,58.532,25.889,139.921,21.591
2,20.0,-10.0,2.9449,10.9586,10.6905,58.532,-10.862,133.814,21.592
3,20.0,-10.0,2.9449,10.9586,10.6904,58.531,-47.955,122.145,21.592
4,20.0,-10.0,2.9449,10.9586,10.6905,64.0,36.096,99.731,21.592
1,20.0,-5.0,4.4761,9.2643,9.0605,57.364,27.147,142.913,18.59
2,20.0,-5.0,4.4761,9.2644,9.0606,57.364,-9.923,136.921,18.59
3,20.0,-5.0,4.4761,9.2644,9.0606,57.364,-47.431,125.348,18.59
4,20.0,-5.0,4.4761,9.2644,9.0606,67.242,35.938,98.564,18.59
1,20.0,0.0,6.0263,7.5398,7.3911,56.024,28.582,145.883,15.757
2,20.0,0.0,6.0263,7.5399,7.3912,56.023,-8.806,140.024,15.757
3,20.0,0.0,6.0263,7.5398,7.3912,56.023,-46.728,128.571,15.757
4,20.0,0.0,6.0263,7.5399,7.3912,70.523,35.605,97.223,15.757
1,20.0,5.0,7.5851,5.7913,5.6892,54.508,30.186,148.8,13.313
2,20.0,5.0,7.5851,5.7914,5.6892,54.508,-7.516,143.094,13.313
3,20.0,5.0,7.5851,5.7913,5.6892,54.508,-45.849,131.782,13.313
4,20.0,5.0,7.5851,5.7914,5.6892,73.813,35.095,95.708,13.313
1,20.0,10.0,9.1417,4.0252,3.9619,52.819,31.947,151.637,11.619
2,20.0,10.0,9.1417,4.0253,3.9619,52.819,-6.062,146.099,11.619
3,20.0,10.0,9.1417,4.0253,3.9619,52.819,-44.8,134.952,11.619
4,20.0,10.0,9.1417,4.0253,3.9619,77.081,34.411,94.018,11.619
1,20.0,15.0,10.6854,2.2486,2.2171,50.961,33.844,154.368,11.113
2,20.0,15.0,10.6853,2.2487,2.2171,50.961,-4.46,149.013,11.113
3,20.0,15.0,10.6854,2.2487,2.2171,50.961,-43.592,138.05,11.113
4,20.0,15.0,10.6853,2.2487,2.2171,80.296,33.562,92.161,11.114
1,20.0,20.0,12.2053,0.4692,0.4634,48.944,35.856,156.966,12.0
2,20.0,20.0,12.2053,0.4693,0.4634,48.944,-2.731,151.807,12.0
3,20.0,20.0,12.2053,0.4693,0.4634,48.943,-42.242,141.046,12.0
4,20.0,20.0,12.2053,0.4693,0.4635,83.426,32.56,90.143,12.0
1,20.0,25.0,13.6905,-1.3041,-1.2895,46.78,37.955,159.41,14.033
2,20.0,25.0,13.6905,-1.304,-1.2895,46.78,-0.899,154.457,14.033
3,20.0,25.0,13.6905,-1.3041,-1.2895,46.78,-40.772,143.912,14.033
4,20.0,25.0,13.6905,-1.304,-1.2894,86.44,31.424,87.98,14.033
1,20.0,30.0,15.13,-3.0611,-3.0305,44.49,40.109,161.678,16.783
2,20.0,30.0,15.13,-3.0611,-3.0305,44.49,1.006,156.939,16.783
3,20.0,30.0,15.13,-3.0611,-3.0306,44.49,-39.208,146.621,16.783
4,20.0,30.0,15.13,-3.0611,-3.0305,89.309,30.176,85.69,16.783
1,20.0,35.0,16.5127,-4.7898,-4.7469,42.099,42.283,163.756,19.915
2,20.0,35.0,16.5127,-4.7898,-4.7469,42.099,2.951,159.232,19.915
3,20.0,35.0,16.5127,-4.7899,-4.747,42.099,-37.579,149.149,19.915
4,20.0,35.0,16.5127,-4.7898,-4.7469,92.005,28.843,83.299,19.915
1,20.0,40.0,17.8276,-6.4762,-6.424,39.64,44.44,165.631,23.211
2,20.0,40.0,17.8275,-6.4762,-6.4239,39.64,4.9,161.322,23.211
3,20.0,40.0,17.8276,-6.4763,-6.424,39.639,-35.919,151.475,23.211
4,20.0,40.0,17.8275,-6.4762,-6.4239,94.504,27.457,80.839,23.211
1,20.0,45.0,19.0633,-8.104,-8.0449,37.151,46.541,167.293,26.531
2,20.0,45.0,19.0633,-8.1039,-8.0448,37.151,6.816,163.195,26.53
3,20.0,45.0,19.0633,-8.104,-8.0449,37.15,-34.264,153.582,26.531
4,20.0,45.0,19.0633,-8.1039,-8.0448,96.785,26.052,78.35,26.531
1,20.0,50.0,20.2089,-9.6544,-9.5902,34.68,48.546,168.741,29.77
2,20.0,50.0,20.2089,-9.6543,-9.5902,34.68,8.659,164.845,29.77
3,20.0,50.0,20.2089,-9.6544,-9.5903,34.679,-32.652,155.458,29.771
4,20.0,50.0,20.2089,-9.6543,-9.5902,98.831,24.662,75.879,29.771
1,20.0,55.0,21.2533,-11.1063,-11.0386,32.281,50.418,169.976,32.847
2,20.0,55.0,21.2532,-11.1062,-11.0385,32.281,10.391,166.268,32.847
3,20.0,55.0,21.2533,-11.1063,-11.0386,32.28,-31.12,157.096,32.847
4,20.0,55.0,21.2532,-11.1062,-11.0385,100.632,23.326,73.48,32.847
1,20.0,60.0,22.1855,-12.4363,-12.3662,30.014,52.118,171.004,35.687
2,20.0,60.0,22.1854,-12.4362,-12.3661,30.014,11.975,167.468,35.687
3,20.0,60.0,22.1855,-12.4364,-12.3663,30.014,-29.706,158.492,35.687
4,20.0,60.0,22.1854,-12.4363,-12.3662,102.179,22.08,71.213,35.687
1,20.0,65.0,22.9948,-13.6194,-13.5477,27.946,53.614,171.834,38.223
2,20.0,65.0,22.9948,-13.6193,-13.5476,27.945,13.376,168.451,38.223
3,20.0,65.0,22.9948,-13.6195,-13.5478,27.945,-28.446,159.649,38.223
4,20.0,65.0,22.9948,-13.6194,-13.5477,103.471,20.958,69.145,38.223
1,20.0,70.0,23.671,-14.6295,-14.5568,26.142,54.875,172.482,40.39
2,20.0,70.0,23.6709,-14.6294,-14.5567,26.142,14.562,169.226,40.39
3,20.0,70.0,23.671,-14.6296,-14.5569,26.141,-27.371,160.573,40.39
4,20.0,70.0,23.6709,-14.6295,-14.5568,104.511,19.995,67.341,40.39
1,20.0,75.0,24.204,-15.4407,-15.3675,24.669,55.875,172.961,42.131
2,20.0,75.0,24.2039,-15.4406,-15.3674,24.669,15.507,169.807,42.131
3,20.0,75.0,24.204,-15.4408,-15.3675,24.669,-26.51,161.272,42.131
4,20.0,75.0,24.204,-15.4407,-15.3674,105.303,19.219,65.868,42.131
1,20.0,80.0,24.5849,-16.0288,-15.9553,23.589,56.592,173.285,43.391
2,20.0,80.0,24.5849,-16.0287,-15.9551,23.589,16.186,170.205,43.391
3,20.0,80.0,24.5849,-16.0289,-15.9553,23.588,-25.889,161.755,43.392
4,20.0,80.0,24.5849,-16.0288,-15.9552,105.853,18.656,64.788,43.392
1,20.0,85.0,24.8056,-16.3728,-16.2991,22.952,57.008,173.466,44.128
2,20.0,85.0,24.8055,-16.3726,-16.299,22.952,16.58,170.428,44.128
3,20.0,85.0,24.8056,-16.3728,-16.2992,22.951,-25.527,162.028,44.129
4,20.0,85.0,24.8055,-16.3727,-16.2991,106.165,18.327,64.151,44.129
1,20.0,90.0,24.8592,-16.4568,-16.3831,22.796,57.109,173.509,44.308
2,20.0,90.0,24.8592,-16.4566,-16.383,22.796,16.677,170.481,44.308
3,20.0,90.0,24.8592,-16.4568,-16.3832,22.795,-25.439,162.093,44.309
4,20.0,90.0,24.8592,-16.4567,-16.3831,106.24,18.247,63.995,44.308
1,25.0,-90.0,-10.3772,29.5772,27.4371,62.066,23.036,106.405,54.246
2,25.0,-90.0,-10.3772,29.5773,27.4372,62.066,-10.196,100.183,54.247
3,25.0,-90.0,-10.3773,29.5772,27.4372,62.066,-42.905,88.889,54.247
4,25.0,-90.0,-10.3772,29.5772,27.4372,31.529,27.314,103.267,54.247
1,25.0,-85.0,-10.2382,29.4013,27.2939,62.105,22.995,106.701,53.971
2,25.0,-85.0,-10.2382,29.4014,27.294,62.105,-10.268,100.473,53.971
3,25.0,-85.0,-10.2382,29.4013,27.294,62.105,-43.015,89.167,53.971
4,25.0,-85.0,-10.2382,29.4013,27.294,31.793,27.454,103.305,53.971
1,25.0,-80.0,-9.9816,29.078,27.0297,62.172,22.922,107.246,53.463
2,25.0,-80.0,-9.9816,29.0781,27.0298,62.172,-10.397,101.008,53.463
3,25.0,-80.0,-9.9816,29.078,27.0298,62.172,-43.212,89.68,53.463
4,25.0,-80.0,-9.9816,29.078,27.0298,32.281,27.709,103.372,53.463
1,25.0,-75.0,-9.6073,28.6097,26.6447,62.262,22.826,108.041,52.721
2,25.0,-75.0,-9.6073,28.6098,26.6448,62.262,-10.576,101.788,52.722
3,25.0,-75.0,-9.6074,28.6097,26.6448,62.262,-43.492,90.43,52.721
4,25.0,-75.0,-9.6073,28.6097,26.6447,32.994,28.072,103.463,52.722
1,25.0,-70.0,-9.1162,28.0007,26.14,62.367,22.715,109.082,51.748
2,25.0,-70.0,-9.1163,28.0008,26.1401,62.367,-10.795,102.812,51.748
3,25.0,-70.0,-9.1163,28.0007,26.1401,62.367,-43.842,91.417,51.748
4,25.0,-70.0,-9.1163,28.0007,26.14,33.935,28.532,103.567,51.749
1,25.0,-65.0,-8.5101,27.257,25.5177,62.476,22.604,110.367,50.547
2,25.0,-65.0,-8.5101,27.2571,25.5178,62.476,-11.04,104.078,50.547
3,25.0,-65.0,-8.5101,27.257,25.5178,62.476,-44.251,92.64,50.547
4,25.0,-65.0,-8.5101,27.257,25.5178,35.104,29.076,103.676,50.547
1,25.0,-60.0,-7.7914,26.386,24.7811,62.574,22.507,111.886,49.121
2,25.0,-60.0,-7.7914,26.3861,24.7812,62.574,-11.294,105.579,49.121
3,25.0,-60.0,-7.7914,26.3861,24.7812,62.574,-44.699,94.096,49.121
4,25.0,-60.0,-7.7914,26.3861,24.7811,36.499,29.686,103.774,49.121
1,25.0,-55.0,-6.9638,25.3963,23.9341,62.647,22.445,113.633,47.476
2,25.0,-55.0,-6.9639,25.3964,23.9342,62.648,-11.539,107.31,47.477
3,25.0,-55.0,-6.9639,25.3964,23.9342,62.647,-45.168,95.779,47.477
4,25.0,-55.0,-6.9638,25.3964,23.9342,38.119,30.342,103.848,47.477
1,25.0,-50.0,-6.032,24.2972,22.9817,62.68,22.435,115.593,45.622
2,25.0,-50.0,-6.0321,24.2973,22.9818,62.68,-11.754,109.258,45.622
3,25.0,-50.0,-6.0321,24.2973,22.9818,62.68,-45.635,97.683,45.622
4,25.0,-50.0,-6.032,24.2973,22.9818,39.958,31.022,103.88,45.622
1,25.0,-45.0,-5.0015,23.0982,21.9297,62.655,22.498,117.753,43.567
2,25.0,-45.0,-5.0015,23.0983,21.9298,62.655,-11.917,111.413,43.567
3,25.0,-45.0,-5.0016,23.0983,21.9298,62.655,-46.077,99.798,43.567
4,25.0,-45.0,-5.0015,23.0983,21.9298,42.01,31.701,103.855,43.567
1,25.0,-40.0,-3.8787,21.8091,20.7843,62.557,22.656,120.097,41.322
2,25.0,-40.0,-3.8787,21.8092,20.7843,62.557,-12.004,113.76,41.322
3,25.0,-40.0,-3.8787,21.8092,20.7843,62.557,-46.471,102.114,41.322
4,25.0,-40.0,-3.8787,21.8092,20.7843,44.265,32.354,103.757,41.322
1,25.0,-35.0,-2.6707,20.4394,19.5521,62.367,22.928,122.603,38.902
2,25.0,-35.0,-2.6707,20.4395,19.5522,62.367,-11.996,116.282,38.902
3,25.0,-35.0,-2.6707,20.4394,19.5521,62.367,-46.791,104.615,38.902
4,25.0,-35.0,-2.6707,20.4395,19.5522,46.714,32.955,103.567,38.902
1,25.0,-30.0,-1.3855,18.998,18.2401,62.072,23.334,125.251,36.322
2,25.0,-30.0,-1.3855,18.9981,18.2401,62.072,-11.87,118.957,36.322
3,25.0,-30.0,-1.3856,18.9981,18.2401,62.072,-47.016,107.284,36.322
4,25.0,-30.0,-1.3855,18.9981,18.2401,49.341,33.481,103.272,36.322
1,25.0,-25.0,-0.0317,17.4935,16.8552,61.656,23.888,128.017,33.603
2,25.0,-25.0,-0.0317,17.4936,16.8553,61.656,-11.608,121.766,33.603
3,25.0,-25.0,-0.0317,17.4936,16.8552,61.656,-47.122,110.103,33.603
4,25.0,-25.0,-0.0317,17.4937,16.8553,52.13,33.906,102.856,33.603
1,25.0,-20.0,1.3819,15.9339,15.4044,61.107,24.605,130.876,30.772
2,25.0,-20.0,1.3819,15.934,15.4045,61.107,-11.193,124.684,30.772
3,25.0,-20.0,1.3819,15.934,15.4045,61.107,-47.092,113.05,30.772
4,25.0,-20.0,1.3819,15.934,15.4045,55.061,34.209,102.307,30.772
1,25.0,-15.0,2.8457,14.3265,13.8947,60.413,25.495,133.8,27.861
2,25.0,-15.0,2.8457,14.3266,13.8948,60.413,-10.614,127.686,27.862
3,25.0,-15.0,2.8457,14.3265,13.8948,60.413,-46.909,116.101,27.862
4,25.0,-15.0,2.8457,14.3266,13.8948,58.113,34.373,101.613,27.862
1,25.0,-10.0,4.35,12.6781,12.3328,59.565,26.564,136.762,24.92
2,25.0,-10.0,4.35,12.6781,12.3329,59.565,-9.86,130.743,24.92
3,25.0,-10.0,4.35,12.6781,12.3329,59.565,-46.561,119.231,24.92
4,25.0,-10.0,4.35,12.6782,12.3329,61.263,34.382,100.765,24.92
1,25.0,-5.0,5.8847,10.9951,10.7254,58.555,27.815,139.734,22.015
2,25.0,-5.0,5.8847,10.9952,10.7255,58.555,-8.927,133.83,22.015
3,25.0,-5.0,5.8847,10.9951,10.7255,58.555,-46.039,122.413,22.015
4,25.0,-5.0,5.8847,10.9952,10.7255,64.483,34.223,99.755,22.016
1,25.0,0.0,7.4396,9.2837,9.0792,57.378,29.243,142.687,19.251
2,25.0,0.0,7.4395,9.2838,9.0793,57.378,-7.815,136.916,19.251
3,25.0,0.0,7.4395,9.2838,9.0793,57.378,-45.339,125.618,19.251
4,25.0,0.0,7.4395,9.2839,9.0794,67.747,33.89,98.578,19.251
1,25.0,5.0,9.004,7.5502,7.4012,56.032,30.843,145.593,16.785
2,25.0,5.0,9.004,7.5503,7.4013,56.032,-6.528,139.973,16.785
3,25.0,5.0,9.004,7.5502,7.4012,56.032,-44.463,128.817,16.785
4,25.0,5.0,9.004,7.5503,7.4013,71.024,33.381,97.232,16.785
1,25.0,10.0,10.5674,5.8008,5.6984,54.517,32.6,148.425,14.854
2,25.0,10.0,10.5674,5.8009,5.6985,54.517,-5.076,142.973,14.854
3,25.0,10.0,10.5674,5.8008,5.6984,54.517,-43.415,131.981,14.854
4,25.0,10.0,10.5674,5.8009,5.6985,74.286,32.698,95.716,14.854
1,25.0,15.0,12.119,4.0423,3.9786,52.836,34.498,151.155,13.759
2,25.0,15.0,12.119,4.0424,3.9787,52.836,-3.474,145.887,13.759
3,25.0,15.0,12.119,4.0423,3.9786,52.836,-42.206,135.079,13.759
4,25.0,15.0,12.119,4.0424,3.9787,77.501,31.849,94.036,13.76
1,25.0,20.0,13.6479,2.2823,2.2502,50.998,36.514,153.76,13.753
2,25.0,20.0,13.6479,2.2824,2.2503,50.998,-1.741,148.688,13.753
3,25.0,20.0,13.6479,2.2823,2.2502,50.998,-40.854,138.083,13.753
4,25.0,20.0,13.6479,2.2824,2.2503,80.639,30.845,92.197,13.753
1,25.0,25.0,15.143,0.5294,0.5227,49.014,38.622,156.218,14.854
2,25.0,25.0,15.143,0.5295,0.5228,49.014,0.098,151.352,14.854
3,25.0,25.0,15.143,0.5294,0.5228,49.014,-39.378,140.964,14.854
4,25.0,25.0,15.143,0.5295,0.5229,83.669,29.705,90.214,14.854
1,25.0,30.0,16.5933,-1.2065,-1.1929,46.903,40.79,158.507,16.836
2,25.0,30.0,16.5933,-1.2064,-1.1929,46.903,2.015,153.856,16.836
3,25.0,30.0,16.5933,-1.2065,-1.193,46.903,-37.805,143.697,16.836
4,25.0,30.0,16.5933,-1.2064,-1.1928,86.562,28.451,88.103,16.836
1,25.0,35.0,17.9875,-2.9138,-2.8844,44.688,42.984,160.613,19.394
2,25.0,35.0,17.9875,-2.9137,-2.8843,44.688,3.977,156.18,19.394
3,25.0,35.0,17.9875,-2.9138,-2.8844,44.688,-36.163,146.256,19.394
4,25.0,35.0,17.9875,-2.9137,-2.8843,89.291,27.109,85.887,19.394
1,25.0,40.0,19.3143,-4.5788,-4.5373,42.398,45.167,162.522,22.272
2,25.0,40.0,19.3143,-4.5787,-4.5372,42.398,5.948,158.306,22.272
3,25.0,40.0,19.3143,-4.5788,-4.5373,42.398,-34.486,148.622,22.272
4,25.0,40.0,19.3143,-4.5787,-4.5372,91.831,25.711,83.598,22.273
1,25.0,45.0,20.5625,-6.1858,-6.135,40.072,47.299,164.225,25.284
2,25.0,45.0,20.5624,-6.1857,-6.1349,40.072,7.89,160.222,25.284
3,25.0,45.0,20.5625,-6.1858,-6.135,40.072,-32.811,150.775,25.284
4,25.0,45.0,20.5625,-6.1857,-6.1349,94.16,24.29,81.271,25.284
1,25.0,50.0,21.7206,-7.7164,-7.6588,37.753,49.34,165.717,28.294
2,25.0,50.0,21.7205,-7.7163,-7.6587,37.753,9.764,161.92,28.294
3,25.0,50.0,21.7206,-7.7164,-7.6588,37.753,-31.174,152.703,28.294
4,25.0,50.0,21.7206,-7.7163,-7.6587,96.261,22.883,78.952,28.294
1,25.0,55.0,22.7774,-9.1501,-9.0874,35.494,51.25,166.999,31.197
2,25.0,55.0,22.7773,-9.15,-9.0874,35.494,11.53,163.395,31.197
3,25.0,55.0,22.7774,-9.1501,-9.0875,35.493,-29.616,154.396,31.197
4,25.0,55.0,22.7774,-9.15,-9.0874,98.119,21.526,76.693,31.197
1,25.0,60.0,23.7217,-10.464,-10.3978,33.352,52.992,168.075,33.906
2,25.0,60.0,23.7216,-10.4639,-10.3977,33.352,13.15,164.647,33.905
3,25.0,60.0,23.7217,-10.4641,-10.3979,33.351,-28.173,155.849,33.906
4,25.0,60.0,23.7217,-10.464,-10.3977,99.726,20.257,74.551,33.906
1,25.0,65.0,24.5425,-11.6336,-11.5649,31.39,54.53,168.954,36.342
2,25.0,65.0,24.5425,-11.6335,-11.5648,31.39,14.588,165.681,36.342
3,25.0,65.0,24.5425,-11.6337,-11.565,31.389,-26.883,157.062,36.343
4,25.0,65.0,24.5425,-11.6336,-11.5648,101.077,19.112,72.589,36.343
1,25.0,70.0,25.2293,-12.6333,-12.5628,29.673,55.83,169.645,38.438
2,25.0,70.0,25.2292,-12.6331,-12.5627,29.673,15.809,166.505,38.438
3,25.0,70.0,25.2293,-12.6333,-12.5629,29.673,-25.78,158.037,38.438
4,25.0,70.0,25.2292,-12.6332,-12.5628,102.171,18.127,70.872,38.438
1,25.0,75.0,25.7718,-13.4374,-13.3659,28.267,56.866,170.161,40.13
2,25.0,75.0,25.7717,-13.4373,-13.3658,28.267,16.784,167.126,40.13
3,25.0,75.0,25.7718,-13.4375,-13.366,28.266,-24.894,158.781,40.13
4,25.0,75.0,25.7717,-13.4374,-13.3659,103.011,17.331,69.466,40.13
1,25.0,80.0,26.1606,-14.0221,-13.95,27.231,57.611,170.515,41.362
2,25.0,80.0,26.1605,-14.022,-13.9498,27.231,17.489,167.556,41.362
3,25.0,80.0,26.1606,-14.0222,-13.95,27.23,-24.251,159.299,41.362
4,25.0,80.0,26.1606,-14.0221,-13.9499,103.598,16.751,68.43,41.362
1,25.0,85.0,26.3875,-14.3665,-14.294,26.615,58.047,170.714,42.088
2,25.0,85.0,26.3874,-14.3663,-14.2939,26.615,17.902,167.8,42.088
3,25.0,85.0,26.3874,-14.3665,-14.2941,26.614,-23.874,159.594,42.088
4,25.0,85.0,26.3874,-14.3664,-14.2939,103.934,16.409,67.814,42.088
1,25.0,90.0,26.4452,-14.4545,-14.382,26.457,58.158,170.764,42.273
2,25.0,90.0,26.4451,-14.4544,-14.3818,26.457,18.007,167.861,42.273
3,25.0,90.0,26.4452,-14.4546,-14.3821,26.456,-23.778,159.669,42.274
4,25.0,90.0,26.4451,-14.4545,-14.3819,104.019,16.322,67.656,42.274
1,30.0,-90.0,-9.0445,31.2902,28.8104,61.634,23.572,103.617,56.839
2,30.0,-90.0,-9.0445,31.2903,28.8106,61.634,-9.371,97.467,56.84
3,30.0,-90.0,-9.0446,31.2903,28.8106,61.634,-41.733,86.303,56.84
4,30.0,-90.0,-9.0445,31.2903,28.8105,29.093,25.857,102.835,56.84
1,30.0,-85.0,-8.9026,31.108,28.6663,61.685,23.53,103.916,56.56
2,30.0,-85.0,-8.9027,31.1082,28.6664,61.685,-9.444,97.76,56.561
3,30.0,-85.0,-8.9027,31.1081,28.6664,61.685,-41.844,86.585,56.561
4,30.0,-85.0,-8.9026,31.1081,28.6664,29.36,25.999,102.886,56.561
1,30.0,-80.0,-8.6437,30.7773,28.4034,61.775,23.458,104.463,56.052
2,30.0,-80.0,-8.6437,30.7774,28.4035,61.775,-9.573,98.296,56.052
3,30.0,-80.0,-8.6438,30.7773,28.4035,61.775,-42.042,87.099,56.052
4,30.0,-80.0,-8.6437,30.7773,28.4034,29.848,26.254,102.975,56.052
1,30.0,-75.0,-8.2678,30.3005,28.0218,61.897,23.361,105.255,55.313
2,30.0,-75.0,-8.2678,30.3006,28.0219,61.897,-9.752,99.074,55.313
3,30.0,-75.0,-8.2678,30.3006,28.0219,61.897,-42.32,87.847,55.313
4,30.0,-75.0,-8.2678,30.3006,28.0219,30.56,26.615,103.097,55.313
1,30.0,-70.0,-7.7756,29.6825,27.5227,62.043,23.252,106.291,54.347
2,30.0,-70.0,-7.7756,29.6827,27.5228,62.043,-9.969,100.093,54.347
3,30.0,-70.0,-7.7757,29.6826,27.5228,62.043,-42.669,88.829,54.347
4,30.0,-70.0,-7.7756,29.6826,27.5228,31.496,27.073,103.243,54.347
1,30.0,-65.0,-7.1689,28.9297,26.9081,62.202,23.141,107.567,53.156
2,30.0,-65.0,-7.1689,28.9298,26.9082,62.202,-10.212,101.35,53.157
3,30.0,-65.0,-7.1689,28.9298,26.9082,62.202,-43.074,90.043,53.157
4,30.0,-65.0,-7.1689,28.9298,26.9082,32.657,27.613,103.402,53.157
1,30.0,-60.0,-6.4501,28.0499,26.1809,62.359,23.046,109.074,51.747
2,30.0,-60.0,-6.4502,28.05,26.181,62.359,-10.464,102.839,51.747
3,30.0,-60.0,-6.4502,28.0499,26.181,62.359,-43.518,91.487,51.747
4,30.0,-60.0,-6.4501,28.05,26.181,34.041,28.218,103.56,51.747
1,30.0,-55.0,-5.6229,27.052,25.3451,62.502,22.984,110.804,50.124
2,30.0,-55.0,-5.6229,27.0521,25.3452,62.502,-10.707,104.553,50.125
3,30.0,-55.0,-5.623,27.052,25.3452,62.502,-43.983,93.155,50.124
4,30.0,-55.0,-5.6229,27.0521,25.3452,35.646,28.868,103.702,50.125
1,30.0,-50.0,-4.6917,25.9456,24.4054,62.612,22.974,112.746,48.298
2,30.0,-50.0,-4.6917,25.9457,24.4055,62.612,-10.92,106.483,48.298
3,30.0,-50.0,-4.6917,25.9456,24.4055,62.612,-44.445,95.04,48.298
4,30.0,-50.0,-4.6917,25.9457,24.4055,37.467,29.541,103.812,48.298
1,30.0,-45.0,-3.6619,24.7407,23.3674,62.673,23.037,114.884,46.276
2,30.0,-45.0,-3.6619,24.7408,23.3675,62.673,-11.081,108.616,46.277
3,30.0,-45.0,-3.6619,24.7407,23.3675,62.673,-44.883,97.134,46.277
4,30.0,-45.0,-3.6619,24.7408,23.3675,39.498,30.213,103.873,46.277
1,30.0,-40.0,-2.5396,23.4472,22.2373,62.669,23.193,117.203,44.073
2,30.0,-40.0,-2.5397,23.4473,22.2373,62.669,-11.168,110.939,44.073
3,30.0,-40.0,-2.5397,23.4472,22.2373,62.669,-45.273,99.425,44.073
4,30.0,-40.0,-2.5396,23.4473,22.2373,41.73,30.86,103.869,44.073
1,30.0,-35.0,-1.3321,22.0747,21.0214,62.583,23.462,119.683,41.701
2,30.0,-35.0,-1.3321,22.0748,21.0215,62.583,-11.159,113.433,41.701
3,30.0,-35.0,-1.3321,22.0748,21.0215,62.583,-45.59,101.9,41.701
4,30.0,-35.0,-1.3321,22.0749,21.0215,44.153,31.455,103.783,41.701
1,30.0,-30.0,-0.0469,20.6326,19.7268,62.399,23.863,122.304,39.177
2,30.0,-30.0,-0.0469,20.6327,19.7269,62.399,-11.035,116.081,39.178
3,30.0,-30.0,-0.0469,20.6326,19.7268,62.399,-45.813,104.542,39.178
4,30.0,-30.0,-0.0469,20.6327,19.7269,46.752,31.975,103.599,39.178
1,30.0,-25.0,1.3076,19.1293,18.3602,62.103,24.411,125.042,36.523
2,30.0,-25.0,1.3075,19.1294,18.3603,62.103,-10.776,118.862,36.523
3,30.0,-25.0,1.3075,19.1294,18.3603,62.103,-45.918,107.332,36.523
4,30.0,-25.0,1.3076,19.1294,18.3603,49.512,32.396,103.303,36.523
1,30.0,-20.0,2.7224,17.5729,16.9286,61.681,25.122,127.872,33.764
2,30.0,-20.0,2.7224,17.573,16.9287,61.681,-10.365,121.751,33.764
3,30.0,-20.0,2.7224,17.573,16.9287,61.681,-45.889,110.25,33.764
4,30.0,-20.0,2.7224,17.5731,16.9287,52.415,32.697,102.881,33.764
1,30.0,-15.0,4.1884,15.9708,15.4389,61.122,26.004,130.769,30.933
2,30.0,-15.0,4.1883,15.9709,15.439,61.122,-9.791,124.724,30.933
3,30.0,-15.0,4.1883,15.9708,15.439,61.121,-45.707,113.273,30.933
4,30.0,-15.0,4.1884,15.9709,15.439,55.439,32.859,102.321,30.933
1,30.0,-10.0,5.6957,14.3297,13.8978,60.415,27.064,133.706,28.074
2,30.0,-10.0,5.6957,14.3298,13.8979,60.415,-9.043,127.756,28.074
3,30.0,-10.0,5.6957,14.3298,13.8978,60.415,-45.361,116.376,28.074
4,30.0,-10.0,5.6957,14.3299,13.8979,58.561,32.866,101.615,28.074
1,30.0,-5.0,7.2345,12.6561,12.3119,59.553,28.306,136.654,25.247
2,30.0,-5.0,7.2345,12.6562,12.312,59.553,-8.116,130.818,25.247
3,30.0,-5.0,7.2345,12.6562,12.312,59.553,-44.842,119.533,25.247
4,30.0,-5.0,7.2345,12.6562,12.312,61.757,32.708,100.753,25.247
1,30.0,0.0,8.7945,10.9561,10.688,58.53,29.727,139.587,22.538
2,30.0,0.0,8.7945,10.9562,10.6881,58.53,-7.01,133.883,22.538
3,30.0,0.0,8.7945,10.9561,10.6881,58.53,-44.145,122.717,22.538
4,30.0,0.0,8.7945,10.9562,10.6881,64.999,32.376,99.73,22.538
1,30.0,5.0,10.3652,9.2357,9.0329,57.343,31.32,142.477,20.07
2,30.0,5.0,10.3652,9.2358,9.0329,57.343,-5.728,136.924,20.07
3,30.0,5.0,10.3652,9.2357,9.0329,57.343,-43.271,125.898,20.07
4,30.0,5.0,10.3652,9.2358,9.033,68.259,31.868,98.543,20.07
1,30.0,10.0,11.9361,7.5011,7.3535,55.992,33.072,145.297,18.013
2,30.0,10.0,11.9361,7.5012,7.3536,55.992,-4.279,139.911,18.013
3,30.0,10.0,11.9361,7.5011,7.3536,55.991,-42.225,129.05,18.013
4,30.0,10.0,11.9361,7.5012,7.3537,71.509,31.185,97.191,18.013
1,30.0,15.0,13.4962,5.759,5.6576,54.479,34.969,148.021,16.583
2,30.0,15.0,13.4962,5.7591,5.6577,54.479,-2.678,142.819,16.584
3,30.0,15.0,13.4962,5.759,5.6576,54.478,-41.017,132.141,16.583
4,30.0,15.0,13.4962,5.7591,5.6577,74.717,30.335,95.678,16.584
1,30.0,20.0,15.0347,4.0166,3.9534,52.81,36.987,150.626,15.997
2,30.0,20.0,15.0346,4.0167,3.9535,52.81,-0.943,145.62,15.997
3,30.0,20.0,15.0347,4.0166,3.9534,52.81,-39.663,135.145,15.997
4,30.0,20.0,15.0347,4.0167,3.9535,77.855,29.329,94.01,15.997
1,30.0,25.0,16.5403,2.2823,2.2502,50.998,39.101,153.088,16.364
2,30.0,25.0,16.5403,2.2824,2.2503,50.998,0.902,148.29,16.364
3,30.0,25.0,16.5403,2.2823,2.2502,50.998,-38.182,138.033,16.364
4,30.0,25.0,16.5403,2.2825,2.2503,80.892,28.185,92.197,16.364
1,30.0,30.0,18.002,0.5658,0.5587,49.057,41.28,155.39,17.62
2,30.0,30.0,18.0019,0.5659,0.5587,49.057,2.828,150.807,17.62
3,30.0,30.0,18.002,0.5658,0.5587,49.057,-36.6,140.78,17.62
4,30.0,30.0,18.002,0.5659,0.5588,83.8,26.924,90.257,17.62
1,30.0,35.0,19.4082,-1.1218,-1.1091,47.01,43.491,157.513,19.564
2,30.0,35.0,19.4082,-1.1217,-1.109,47.01,4.805,153.15,19.564
3,30.0,35.0,19.4082,-1.1218,-1.1091,47.009,-34.947,143.36,19.564
4,30.0,35.0,19.4082,-1.1216,-1.109,86.551,25.573,88.209,19.564
1,30.0,40.0,20.7477,-2.7671,-2.7389,44.884,45.695,159.446,21.959
2,30.0,40.0,20.7476,-2.767,-2.7388,44.884,6.795,155.302,21.959
3,30.0,40.0,20.7477,-2.7671,-2.7389,44.883,-33.254,145.754,21.96
4,30.0,40.0,20.7476,-2.767,-2.7388,89.121,24.162,86.083,21.96
1,30.0,45.0,22.0087,-4.3548,-4.3147,42.714,47.854,161.178,24.603
2,30.0,45.0,22.0087,-4.3547,-4.3146,42.714,8.762,157.25,24.603
3,30.0,45.0,22.0087,-4.3548,-4.3148,42.713,-31.559,147.942,24.603
4,30.0,45.0,22.0087,-4.3547,-4.3146,91.487,22.726,83.913,24.603
1,30.0,50.0,23.1799,-5.8672,-5.8181,40.542,49.928,162.704,27.333
2,30.0,50.0,23.1798,-5.8671,-5.818,40.542,10.664,158.985,27.332
3,30.0,50.0,23.1799,-5.8672,-5.8181,40.542,-29.899,149.91,27.333
4,30.0,50.0,23.1798,-5.8671,-5.818,93.63,21.3,81.741,27.333
1,30.0,55.0,24.2496,-7.2841,-7.2282,38.418,51.874,164.023,30.022
2,30.0,55.0,24.2495,-7.284,-7.2281,38.418,12.462,160.5,30.022
3,30.0,55.0,24.2496,-7.2841,-7.2282,38.418,-28.315,151.647,30.022
4,30.0,55.0,24.2495,-7.284,-7.2281,95.535,19.922,79.617,30.022
1,30.0,60.0,25.2064,-8.5831,-8.5223,36.397,53.654,165.137,32.568
2,30.0,60.0,25.2063,-8.583,-8.5222,36.397,14.115,161.794,32.568
3,30.0,60.0,25.2064,-8.5832,-8.5224,36.397,-26.844,153.146,32.568
4,30.0,60.0,25.2064,-8.583,-8.5222,97.191,18.63,77.596,32.568
1,30.0,65.0,26.0391,-9.7402,-9.6758,34.54,55.23,166.053,34.883
2,30.0,65.0,26.039,-9.7401,-9.6757,34.54,15.587,162.869,34.883
3,30.0,65.0,26.0391,-9.7403,-9.6759,34.54,-25.525,154.404,34.883
4,30.0,65.0,26.039,-9.7401,-9.6757,98.591,17.463,75.739,34.883
1,30.0,70.0,26.7367,-10.7302,-10.6633,32.91,56.567,166.779,36.889
2,30.0,70.0,26.7366,-10.73,-10.6632,32.91,16.841,163.732,36.889
3,30.0,70.0,26.7367,-10.7302,-10.6634,32.909,-24.395,155.423,36.889
4,30.0,70.0,26.7366,-10.7301,-10.6632,99.731,16.454,74.109,36.889
1,30.0,75.0,27.2887,-11.5278,-11.4592,31.569,57.635,167.326,38.519
2,30.0,75.0,27.2887,-11.5276,-11.4591,31.569,17.846,164.387,38.519
3,30.0,75.0,27.2887,-11.5278,-11.4593,31.569,-23.484,156.204,38.519
4,30.0,75.0,27.2887,-11.5277,-11.4591,100.61,15.638,72.769,38.519
1,30.0,80.0,27.6856,-12.1092,-12.0396,30.578,58.408,167.703,39.712
2,30.0,80.0,27.6855,-12.1091,-12.0395,30.578,18.575,164.843,39.712
3,30.0,80.0,27.6856,-12.1093,-12.0397,30.577,-22.82,156.751,39.713
4,30.0,80.0,27.6855,-12.1091,-12.0395,101.229,15.041,71.777,39.713
1,30.0,85.0,27.9185,-12.4537,-12.3836,29.984,58.863,167.918,40.421
2,30.0,85.0,27.9184,-12.4536,-12.3834,29.984,19.005,165.105,40.421
3,30.0,85.0,27.9185,-12.4538,-12.3836,29.984,-22.428,157.066,40.422
4,30.0,85.0,27.9184,-12.4537,-12.3835,101.586,14.687,71.183,40.422
1,30.0,90.0,27.9801,-12.5452,-12.475,29.826,58.983,167.974,40.61
2,30.0,90.0,27.98,-12.5451,-12.4748,29.826,19.119,165.173,40.61
3,30.0,90.0,27.98,-12.5453,-12.475,29.825,-22.324,157.149,40.61
4,30.0,90.0,27.98,-12.5452,-12.4749,101.68,14.593,71.025,40.61
1,35.0,-90.0,-7.7864,32.9531,30.1044,61.117,23.96,100.949,59.322
2,35.0,-90.0,-7.7864,32.9533,30.1045,61.117,-8.706,94.853,59.323
3,35.0,-90.0,-7.7864,32.9532,30.1045,61.117,-40.733,83.799,59.323
4,35.0,-90.0,-7.7864,32.9532,30.1045,26.718,24.58,102.317,59.323
1,35.0,-85.0,-7.6416,32.7642,29.9595,61.18,23.917,101.252,59.04
2,35.0,-85.0,-7.6417,32.7644,29.9596,61.18,-8.78,95.151,59.04
3,35.0,-85.0,-7.6417,32.7643,29.9596,61.18,-40.845,84.084,59.04
4,35.0,-85.0,-7.6417,32.7643,29.9596,26.989,24.724,102.381,59.04
1,35.0,-80.0,-7.3804,32.4252,29.698,61.291,23.845,101.8,58.529
2,35.0,-80.0,-7.3804,32.4253,29.6981,61.291,-8.91,95.688,58.53
3,35.0,-80.0,-7.3804,32.4252,29.6981,61.291,-41.044,84.6,58.53
4,35.0,-80.0,-7.3804,32.4252,29.698,27.479,24.98,102.491,58.53
1,35.0,-75.0,-7.0026,31.9389,29.32,61.444,23.749,102.591,57.793
2,35.0,-75.0,-7.0026,31.939,29.3201,61.444,-9.088,96.465,57.793
3,35.0,-75.0,-7.0027,31.939,29.3201,61.444,-41.322,85.347,57.793
4,35.0,-75.0,-7.0026,31.939,29.3201,28.189,25.34,102.644,57.793
1,35.0,-70.0,-6.5091,31.3106,28.8266,61.629,23.639,103.623,56.831
2,35.0,-70.0,-6.5092,31.3107,28.8267,61.629,-9.305,97.48,56.832
3,35.0,-70.0,-6.5092,31.3107,28.8267,61.629,-41.669,86.325,56.832
4,35.0,-70.0,-6.5091,31.3107,28.8267,29.122,25.796,102.829,56.832
1,35.0,-65.0,-5.9016,30.5471,28.2195,61.835,23.529,104.891,55.65
2,35.0,-65.0,-5.9016,30.5472,28.2196,61.835,-9.547,98.729,55.65
3,35.0,-65.0,-5.9017,30.5471,28.2196,61.835,-42.072,87.532,55.65
4,35.0,-65.0,-5.9016,30.5472,28.2196,30.275,26.333,103.035,55.65
1,35.0,-60.0,-5.1825,29.6566,27.5017,62.049,23.434,106.387,54.254
2,35.0,-60.0,-5.1825,29.6568,27.5018,62.049,-9.798,100.207,54.254
3,35.0,-60.0,-5.1825,29.6567,27.5018,62.049,-42.514,88.965,54.254
4,35.0,-60.0,-5.1825,29.6568,27.5018,31.649,26.934,103.249,54.254
1,35.0,-55.0,-4.3552,28.6487,26.6768,62.255,23.372,108.103,52.649
2,35.0,-55.0,-4.3553,28.6488,26.6769,62.255,-10.039,101.907,52.65
3,35.0,-55.0,-4.3553,28.6487,26.6769,62.255,-42.975,90.619,52.65
4,35.0,-55.0,-4.3552,28.6488,26.6769,33.24,27.579,103.455,52.65
1,35.0,-50.0,-3.4242,27.5331,25.7495,62.438,23.362,110.027,50.846
2,35.0,-50.0,-3.4242,27.5332,25.7496,62.438,-10.25,103.82,50.847
3,35.0,-50.0,-3.4242,27.5332,25.7496,62.438,-43.434,92.487,50.847
4,35.0,-50.0,-3.4242,27.5332,25.7496,35.044,28.247,103.638,50.847
1,35.0,-45.0,-2.3946,26.3203,24.7252,62.58,23.423,112.145,48.855
2,35.0,-45.0,-2.3946,26.3204,24.7253,62.58,-10.411,105.933,48.855
3,35.0,-45.0,-2.3946,26.3204,24.7253,62.58,-43.869,94.561,48.855
4,35.0,-45.0,-2.3946,26.3204,24.7253,37.056,28.914,103.78,48.855
1,35.0,-40.0,-1.2725,25.0204,23.6097,62.665,23.576,114.441,46.687
2,35.0,-40.0,-1.2726,25.0205,23.6098,62.665,-10.498,108.232,46.687
3,35.0,-40.0,-1.2726,25.0205,23.6098,62.665,-44.256,96.829,46.687
4,35.0,-40.0,-1.2725,25.0205,23.6098,39.266,29.555,103.865,46.687
1,35.0,-35.0,-0.0649,23.6433,22.4096,62.675,23.841,116.896,44.357
2,35.0,-35.0,-0.0649,23.6434,22.4097,62.675,-10.491,110.701,44.358
3,35.0,-35.0,-0.0649,23.6434,22.4097,62.675,-44.571,99.278,44.358
4,35.0,-35.0,-0.0649,23.6435,22.4098,41.663,30.146,103.875,44.358
1,35.0,-30.0,1.2208,22.1984,21.1316,62.594,24.237,119.49,41.883
2,35.0,-30.0,1.2208,22.1985,21.1317,62.594,-10.369,113.322,41.883
3,35.0,-30.0,1.2208,22.1984,21.1317,62.594,-44.792,101.893,41.883
4,35.0,-30.0,1.2208,22.1985,21.1318,44.236,30.661,103.794,41.883
1,35.0,-25.0,2.5763,20.6944,19.7826,62.409,24.778,122.2,39.285
2,35.0,-25.0,2.5763,20.6945,19.7827,62.409,-10.114,116.074,39.285
3,35.0,-25.0,2.5763,20.6944,19.7826,62.409,-44.898,104.655,39.285
4,35.0,-25.0,2.5763,20.6945,19.7827,46.968,31.079,103.609,39.285
1,35.0,-20.0,3.9929,19.1393,18.3693,62.105,25.48,125.003,36.587
2,35.0,-20.0,3.9929,19.1394,18.3694,62.105,-9.709,118.935,36.587
3,35.0,-20.0,3.9929,19.1393,18.3694,62.105,-44.87,107.543,36.587
4,35.0,-20.0,3.9929,19.1394,18.3694,49.841,31.378,103.305,36.587
1,35.0,-15.0,5.4614,17.5405,16.8987,61.671,26.353,127.872,33.823
2,35.0,-15.0,5.4614,17.5406,16.8988,61.671,-9.14,121.879,33.823
3,35.0,-15.0,5.4614,17.5406,16.8987,61.671,-44.691,110.537,33.823
4,35.0,-15.0,5.4614,17.5407,16.8988,52.836,31.539,102.871,33.823
1,35.0,-10.0,6.9723,15.9049,15.3773,61.096,27.405,130.782,31.032
2,35.0,-10.0,6.9722,15.905,15.3774,61.096,-8.399,124.883,31.032
3,35.0,-10.0,6.9722,15.905,15.3774,61.096,-44.348,113.612,31.032
4,35.0,-10.0,6.9723,15.9051,15.3775,55.93,31.546,102.296,31.032
1,35.0,-5.0,8.5156,14.2388,13.812,60.372,28.637,133.706,28.269
2,35.0,-5.0,8.5156,14.2389,13.8121,60.372,-7.479,127.92,28.269
3,35.0,-5.0,8.5156,14.2389,13.8121,60.372,-43.833,116.743,28.269
4,35.0,-5.0,8.5156,14.239,13.8121,59.099,31.389,101.571,28.269
1,35.0,0.0,10.0812,12.5483,12.2093,59.492,30.048,136.616,25.607
2,35.0,0.0,10.0811,12.5484,12.2094,59.492,-6.38,130.962,25.607
3,35.0,0.0,10.0812,12.5483,12.2093,59.492,-43.14,119.902,25.607
4,35.0,0.0,10.0812,12.5484,12.2094,62.317,31.058,100.692,25.607
1,35.0,5.0,11.6586,10.8392,10.5759,58.454,31.632,139.487,23.145
2,35.0,5.0,11.6586,10.8393,10.576,58.454,-5.105,133.982,23.145
3,35.0,5.0,11.6586,10.8392,10.5759,58.454,-42.269,123.063,23.145
4,35.0,5.0,11.6586,10.8393,10.576,65.556,30.551,99.654,23.146
1,35.0,10.0,13.2373,9.1176,8.9189,57.256,33.378,142.291,21.016
2,35.0,10.0,13.2373,9.1177,8.919,57.256,-3.661,136.954,21.016
3,35.0,10.0,13.2373,9.1176,8.9189,57.256,-41.226,126.198,21.016
4,35.0,10.0,13.2373,9.1178,8.919,68.788,29.869,98.456,21.017
1,35.0,15.0,14.8063,7.39,7.2457,55.9,35.271,145.004,19.384
2,35.0,15.0,14.8063,7.3901,7.2458,55.9,-2.063,139.849,19.384
3,35.0,15.0,14.8063,7.3901,7.2457,55.9,-40.019,129.277,19.384
4,35.0,15.0,14.8063,7.3902,7.2458,71.985,29.019,97.099,19.385
1,35.0,20.0,16.3548,5.6635,5.5645,54.391,37.288,147.601,18.423
2,35.0,20.0,16.3547,5.6637,5.5646,54.391,-0.328,142.644,18.423
3,35.0,20.0,16.3547,5.6636,5.5645,54.391,-38.664,132.274,18.423
4,35.0,20.0,16.3547,5.6637,5.5646,75.116,28.011,95.591,18.423
1,35.0,25.0,17.8713,3.9462,3.8844,52.74,39.406,150.063,18.26
2,35.0,25.0,17.8713,3.9463,3.8845,52.74,1.521,145.313,18.261
3,35.0,25.0,17.8713,3.9462,3.8844,52.739,-37.18,135.162,18.261
4,35.0,25.0,17.8713,3.9464,3.8845,78.153,26.864,93.939,18.261
1,35.0,30.0,19.3447,2.2473,2.2158,50.96,41.593,152.368,18.916
2,35.0,30.0,19.3447,2.2474,2.2159,50.96,3.455,147.834,18.916
3,35.0,30.0,19.3447,2.2473,2.2158,50.96,-35.591,137.914,18.916
4,35.0,30.0,19.3447,2.2475,2.2159,81.067,25.597,92.159,18.916
1,35.0,35.0,20.7634,0.5779,0.5706,49.071,43.816,154.501,20.284
2,35.0,35.0,20.7633,0.578,0.5707,49.071,5.443,150.188,20.284
3,35.0,35.0,20.7634,0.5779,0.5706,49.071,-33.927,140.508,20.284
4,35.0,35.0,20.7634,0.578,0.5707,83.832,24.237,90.271,20.285
1,35.0,40.0,22.1158,-1.0494,-1.0374,47.1,46.039,156.449,22.187
2,35.0,40.0,22.1157,-1.0493,-1.0373,47.1,7.45,152.357,22.187
3,35.0,40.0,22.1158,-1.0494,-1.0375,47.1,-32.22,142.92,22.187
4,35.0,40.0,22.1158,-1.0492,-1.0373,86.422,22.814,88.3,22.187
1,35.0,45.0,23.3901,-2.6194,-2.5925,45.08,48.221,158.2,24.432
2,35.0,45.0,23.3901,-2.6193,-2.5924,45.08,9.438,154.327,24.432
3,35.0,45.0,23.3901,-2.6194,-2.5925,45.079,-30.507,145.133,24.432
4,35.0,45.0,23.3901,-2.6192,-2.5923,88.815,21.363,86.279,24.432
1,35.0,50.0,24.5747,-4.1149,-4.0764,43.049,50.322,159.75,26.848
2,35.0,50.0,24.5746,-4.1148,-4.0763,43.049,11.365,156.088,26.848
3,35.0,50.0,24.5747,-4.1149,-4.0765,43.049,-28.826,147.13,26.848
4,35.0,50.0,24.5746,-4.1148,-4.0763,90.99,19.918,84.248,26.848
1,35.0,55.0,25.6576,-5.5162,-5.469,41.055,52.3,161.096,29.294
2,35.0,55.0,25.6575,-5.5161,-5.4689,41.055,13.191,157.634,29.294
3,35.0,55.0,25.6576,-5.5163,-5.469,41.055,-27.217,148.9,29.294
4,35.0,55.0,25.6575,-5.5161,-5.4689,92.931,18.52,82.254,29.294
1,35.0,60.0,26.6272,-6.8015,-6.7477,39.151,54.114,162.239,31.653
2,35.0,60.0,26.6271,-6.8014,-6.7476,39.151,14.876,158.96,31.653
3,35.0,60.0,26.6272,-6.8015,-6.7478,39.151,-25.72,150.435,31.653
4,35.0,60.0,26.6271,-6.8014,-6.7476,94.625,17.207,80.35,31.653
1,35.0,65.0,27.4719,-7.947,-7.8885,37.395,55.725,163.184,33.825
2,35.0,65.0,27.4718,-7.9469,-7.8883,37.395,16.379,160.068,33.825
3,35.0,65.0,27.4719,-7.947,-7.8885,37.395,-24.375,151.73,33.826
4,35.0,65.0,27.4719,-7.9469,-7.8883,96.064,16.016,78.595,33.826
1,35.0,70.0,28.1805,-8.9279,-8.866,35.849,57.095,163.938,35.726
2,35.0,70.0,28.1804,-8.9278,-8.8658,35.849,17.663,160.961,35.726
3,35.0,70.0,28.1805,-8.928,-8.866,35.849,-23.217,152.783,35.727
4,35.0,70.0,28.1804,-8.9278,-8.8658,97.241,14.986,77.049,35.727
1,35.0,75.0,28.7422,-9.7193,-9.655,34.574,58.194,164.509,37.282
2,35.0,75.0,28.7421,-9.7192,-9.6549,34.574,18.696,161.644,37.282
3,35.0,75.0,28.7422,-9.7194,-9.6551,34.574,-22.283,153.595,37.282
4,35.0,75.0,28.7422,-9.7192,-9.6549,98.154,14.149,75.773,37.282
1,35.0,80.0,29.147,-10.2976,-10.2318,33.627,58.991,164.906,38.428
2,35.0,80.0,29.1469,-10.2975,-10.2317,33.627,19.448,162.122,38.428
3,35.0,80.0,29.147,-10.2977,-10.2319,33.626,-21.6,154.167,38.429
4,35.0,80.0,29.1469,-10.2975,-10.2317,98.799,13.535,74.826,38.429
1,35.0,85.0,29.3858,-10.6421,-10.5754,33.056,59.464,165.134,39.115
2,35.0,85.0,29.3857,-10.6419,-10.5753,33.056,19.894,162.398,39.115
3,35.0,85.0,29.3858,-10.6421,-10.5755,33.056,-21.194,154.499,39.115
4,35.0,85.0,29.3857,-10.642,-10.5753,99.175,13.169,74.256,39.115
1,35.0,90.0,29.4509,-10.7365,-10.6696,32.899,59.593,165.195,39.303
2,35.0,90.0,29.4508,-10.7363,-10.6695,32.899,20.016,162.472,39.303
3,35.0,90.0,29.4509,-10.7366,-10.6697,32.899,-21.082,154.589,39.304
4,35.0,90.0,29.4509,-10.7364,-10.6695,99.277,13.069,74.098,39.304
1,40.0,-90.0,-6.6099,34.5556,31.3116,60.533,24.218,98.421,61.676
2,40.0,-90.0,-6.61,34.5557,31.3118,60.533,-8.185,92.367,61.676
3,40.0,-90.0,-6.61,34.5556,31.3117,60.533,-39.892,81.402,61.676
4,40.0,-90.0,-6.6099,34.5557,31.3117,24.432,23.473,101.733,61.676
1,40.0,-85.0,-6.4624,34.3595,31.1661,60.609,24.175,98.73,61.389
2,40.0,-85.0,-6.4624,34.3597,31.1663,60.609,-8.26,92.669,61.389
3,40.0,-85.0,-6.4624,34.3596,31.1662,60.609,-40.006,81.692,61.389
4,40.0,-85.0,-6.4624,34.3596,31.1662,24.706,23.619,101.809,61.389
1,40.0,-80.0,-6.1987,34.0114,30.9062,60.74,24.102,99.28,60.876
2,40.0,-80.0,-6.1987,34.0115,30.9063,60.74,-8.391,93.208,60.876
3,40.0,-80.0,-6.1988,34.0114,30.9063,60.74,-40.206,82.209,60.876
4,40.0,-80.0,-6.1987,34.0115,30.9063,25.198,23.876,101.941,60.876
1,40.0,-75.0,-5.819,33.5146,30.532,60.922,24.005,100.071,60.139
2,40.0,-75.0,-5.8191,33.5147,30.5321,60.922,-8.57,93.985,60.14
3,40.0,-75.0,-5.8191,33.5146,30.5321,60.922,-40.484,82.956,60.14
4,40.0,-75.0,-5.8191,33.5147,30.5321,25.908,24.237,102.122,60.14
1,40.0,-70.0,-5.3242,32.8746,30.0442,61.143,23.895,101.099,59.181
2,40.0,-70.0,-5.3242,32.8748,30.0444,61.143,-8.786,94.996,59.182
3,40.0,-70.0,-5.3242,32.8747,30.0443,61.143,-40.831,83.93,59.181
4,40.0,-70.0,-5.3242,32.8747,30.0443,26.837,24.692,102.344,59.182
1,40.0,-65.0,-4.7157,32.0989,29.4448,61.394,23.785,102.361,58.006
2,40.0,-65.0,-4.7157,32.0991,29.4449,61.394,-9.028,96.239,58.007
3,40.0,-65.0,-4.7157,32.099,29.4449,61.394,-41.233,85.131,58.006
4,40.0,-65.0,-4.7157,32.0991,29.4449,27.985,25.227,102.595,58.007
1,40.0,-60.0,-3.996,31.1963,28.7362,61.661,23.69,103.848,56.62
2,40.0,-60.0,-3.996,31.1964,28.7363,61.661,-9.278,97.708,56.621
3,40.0,-60.0,-3.9961,31.1964,28.7363,61.661,-41.672,86.555,56.62
4,40.0,-60.0,-3.996,31.1964,28.7363,29.35,25.825,102.861,56.621
1,40.0,-55.0,-3.1685,30.1765,27.9221,61.927,23.627,105.551,55.031
2,40.0,-55.0,-3.1685,30.1766,27.9222,61.927,-9.519,99.396,55.031
3,40.0,-55.0,-3.1685,30.1766,27.9221,61.927,-42.131,88.197,55.031
4,40.0,-55.0,-3.1685,30.1766,27.9222,30.929,26.467,103.128,55.031
1,40.0,-50.0,-2.2373,29.05,27.0068,62.178,23.615,107.46,53.248
2,40.0,-50.0,-2.2373,29.0501,27.0069,62.178,-9.73,101.293,53.248
3,40.0,-50.0,-2.2374,29.05,27.0069,62.178,-42.589,90.05,53.248
4,40.0,-50.0,-2.2373,29.0501,27.0069,32.719,27.131,103.378,53.248
1,40.0,-45.0,-1.2077,27.8274,25.9956,62.395,23.674,109.56,51.281
2,40.0,-45.0,-1.2077,27.8275,25.9957,62.395,-9.891,103.387,51.281
3,40.0,-45.0,-1.2077,27.8274,25.9956,62.395,-43.021,92.105,51.281
4,40.0,-45.0,-1.2077,27.8275,25.9957,34.712,27.794,103.595,51.281
1,40.0,-40.0,-0.0855,26.5192,24.8943,62.561,23.824,111.834,49.144
2,40.0,-40.0,-0.0855,26.5193,24.8944,62.561,-9.98,105.665,49.144
3,40.0,-40.0,-0.0855,26.5192,24.8944,62.561,-43.407,94.352,49.144
4,40.0,-40.0,-0.0855,26.5193,24.8944,36.901,28.431,103.761,49.144
1,40.0,-35.0,1.1226,25.1355,23.7092,62.66,24.084,114.266,46.85
2,40.0,-35.0,1.1226,25.1357,23.7093,62.66,-9.975,108.111,46.85
3,40.0,-35.0,1.1226,25.1356,23.7093,62.66,-43.721,96.778,46.85
4,40.0,-35.0,1.1226,25.1357,23.7093,39.275,29.018,103.86,46.85
1,40.0,-30.0,2.4091,23.6859,22.4471,62.676,24.473,116.835,44.417
2,40.0,-30.0,2.409,23.6861,22.4472,62.676,-9.857,110.706,44.418
3,40.0,-30.0,2.409,23.686,22.4471,62.676,-43.943,99.366,44.418
4,40.0,-30.0,2.4091,23.6861,22.4472,41.822,29.531,103.876,44.418
1,40.0,-25.0,3.7659,22.1793,21.1146,62.593,25.007,119.519,41.866
2,40.0,-25.0,3.7659,22.1794,21.1147,62.593,-9.606,113.431,41.867
3,40.0,-25.0,3.7659,22.1793,21.1147,62.593,-44.05,102.101,41.866
4,40.0,-25.0,3.7659,22.1794,21.1147,44.526,29.947,103.793,41.867
1,40.0,-20.0,5.1845,20.6236,19.7187,62.398,25.7,122.294,39.221
2,40.0,-20.0,5.1845,20.6237,19.7188,62.398,-9.207,116.264,39.221
3,40.0,-20.0,5.1845,20.6237,19.7187,62.398,-44.024,104.961,39.221
4,40.0,-20.0,5.1845,20.6238,19.7188,47.372,30.245,103.598,39.222
1,40.0,-15.0,6.6559,19.0264,18.266,62.079,26.563,125.136,36.513
2,40.0,-15.0,6.6559,19.0265,18.2661,62.079,-8.645,119.181,36.513
3,40.0,-15.0,6.6559,19.0264,18.2661,62.079,-43.848,107.926,36.513
4,40.0,-15.0,6.6559,19.0266,18.2662,50.338,30.406,103.279,36.513
1,40.0,-10.0,8.1705,17.3944,16.7634,61.625,27.604,128.02,33.778
2,40.0,-10.0,8.1705,17.3945,16.7635,61.625,-7.912,122.157,33.779
3,40.0,-10.0,8.1705,17.3945,16.7635,61.625,-43.51,110.973,33.779
4,40.0,-10.0,8.1705,17.3946,16.7636,53.403,30.415,102.825,33.779
1,40.0,-5.0,9.7186,15.734,15.2174,61.028,28.825,130.918,31.068
2,40.0,-5.0,9.7185,15.7341,15.2175,61.028,-7.001,125.167,31.068
3,40.0,-5.0,9.7186,15.734,15.2175,61.028,-42.999,114.076,31.068
4,40.0,-5.0,9.7186,15.7342,15.2176,56.544,30.258,102.228,31.069
1,40.0,0.0,11.29,14.051,13.6347,60.281,30.225,133.805,28.446
2,40.0,0.0,11.2899,14.0512,13.6348,60.281,-5.91,128.184,28.446
3,40.0,0.0,11.29,14.0511,13.6347,60.281,-42.311,117.21,28.446
4,40.0,0.0,11.29,14.0512,13.6348,59.735,29.93,101.481,28.446
1,40.0,5.0,12.8743,12.3515,12.0218,59.38,31.799,136.654,25.995
2,40.0,5.0,12.8743,12.3516,12.022,59.38,-4.642,131.182,25.995
3,40.0,5.0,12.8743,12.3515,12.0219,59.38,-41.445,120.348,25.995
4,40.0,5.0,12.8743,12.3516,12.022,62.951,29.425,100.58,25.995
1,40.0,10.0,14.461,10.6411,10.3859,58.324,33.537,139.44,23.823
2,40.0,10.0,14.4609,10.6413,10.386,58.324,-3.205,134.135,23.823
3,40.0,10.0,14.461,10.6412,10.3859,58.324,-40.406,123.462,23.823
4,40.0,10.0,14.461,10.6413,10.386,66.163,28.745,99.524,23.824
1,40.0,15.0,16.0391,8.9264,8.7341,57.113,35.423,142.138,22.062
2,40.0,15.0,16.039,8.9265,8.7342,57.113,-1.611,137.015,22.062
3,40.0,15.0,16.0391,8.9264,8.7342,57.113,-39.202,126.526,22.062
4,40.0,15.0,16.0391,8.9265,8.7343,69.344,27.895,98.313,22.062
1,40.0,20.0,17.5976,7.214,7.0746,55.753,37.438,144.725,20.852
2,40.0,20.0,17.5975,7.2141,7.0748,55.753,0.122,139.798,20.853
3,40.0,20.0,17.5976,7.214,7.0747,55.753,-37.847,129.512,20.853
4,40.0,20.0,17.5976,7.2142,7.0748,72.463,26.887,96.953,20.853
1,40.0,25.0,19.1252,5.5118,5.4164,54.251,39.555,147.179,20.316
2,40.0,25.0,19.1251,5.512,5.4165,54.251,1.971,142.461,20.316
3,40.0,25.0,19.1252,5.5119,5.4164,54.251,-36.361,132.393,20.316
4,40.0,25.0,19.1252,5.512,5.4165,75.494,25.737,95.451,20.316
1,40.0,30.0,20.6104,3.829,3.7694,52.622,41.747,149.483,20.506
2,40.0,30.0,20.6104,3.8291,3.7696,52.622,3.91,144.981,20.507
3,40.0,30.0,20.6104,3.829,3.7695,52.621,-34.767,135.145,20.507
4,40.0,30.0,20.6104,3.8291,3.7696,78.409,24.465,93.821,20.507
1,40.0,35.0,22.0417,2.176,2.1456,50.882,43.98,151.619,21.385
2,40.0,35.0,22.0417,2.1761,2.1457,50.882,5.907,147.338,21.385
3,40.0,35.0,22.0417,2.176,2.1456,50.882,-33.095,137.743,21.385
4,40.0,35.0,22.0417,2.1762,2.1457,81.179,23.097,92.081,21.385
1,40.0,40.0,23.4072,0.5653,0.5582,49.057,46.216,153.573,22.83
2,40.0,40.0,23.4071,0.5654,0.5583,49.057,7.927,149.516,22.83
3,40.0,40.0,23.4072,0.5653,0.5582,49.056,-31.376,140.166,22.83
4,40.0,40.0,23.4072,0.5655,0.5584,83.781,21.664,90.256,22.83
1,40.0,45.0,24.6949,-0.9884,-0.9772,47.176,48.418,155.337,24.68
2,40.0,45.0,24.6949,-0.9883,-0.977,47.176,9.932,151.5,24.68
3,40.0,45.0,24.6949,-0.9885,-0.9772,47.176,-29.648,142.394,24.681
4,40.0,45.0,24.6949,-0.9883,-0.977,86.191,20.199,88.376,24.681
1,40.0,50.0,25.8929,-2.4684,-2.4428,45.279,50.542,156.902,26.773
2,40.0,50.0,25.8929,-2.4683,-2.4427,45.279,11.881,153.279,26.773
3,40.0,50.0,25.8929,-2.4684,-2.4428,45.279,-27.948,144.412,26.773
4,40.0,50.0,25.8929,-2.4683,-2.4427,88.389,18.738,86.478,26.773
1,40.0,55.0,26.9892,-3.8554,-3.8188,43.409,52.547,158.267,28.96
2,40.0,55.0,26.9891,-3.8553,-3.8186,43.409,13.732,154.846,28.96
3,40.0,55.0,26.9892,-3.8554,-3.8188,43.408,-26.317,146.207,28.961
4,40.0,55.0,26.9891,-3.8553,-3.8186,90.357,17.321,84.608,28.961
1,40.0,60.0,27.9716,-5.1279,-5.083,41.616,54.39,159.431,31.116
2,40.0,60.0,27.9715,-5.1278,-5.0828,41.616,15.444,156.196,31.116
3,40.0,60.0,27.9716,-5.128,-5.083,41.616,-24.796,147.769,31.117
4,40.0,60.0,27.9716,-5.1278,-5.0828,92.081,15.987,82.816,31.117
1,40.0,65.0,28.8284,-6.2627,-6.2115,39.958,56.032,160.398,33.133
2,40.0,65.0,28.8283,-6.2625,-6.2114,39.958,16.975,157.329,33.133
3,40.0,65.0,28.8284,-6.2627,-6.2116,39.958,-23.425,149.092,33.133
4,40.0,65.0,28.8284,-6.2625,-6.2114,93.551,14.775,81.157,33.133
1,40.0,70.0,29.548,-7.2352,-7.1795,38.493,57.432,161.172,34.917
2,40.0,70.0,29.5479,-7.235,-7.1794,38.493,18.288,158.246,34.917
3,40.0,70.0,29.548,-7.2352,-7.1796,38.492,-22.244,150.173,34.917
4,40.0,70.0,29.548,-7.235,-7.1794,94.758,13.723,79.692,34.917
1,40.0,75.0,30.1193,-8.0208,-7.962,37.281,58.558,161.762,36.389
2,40.0,75.0,30.1192,-8.0206,-7.9618,37.281,19.345,158.95,36.389
3,40.0,75.0,30.1193,-8.0208,-7.962,37.28,-21.287,151.009,36.39
4,40.0,75.0,30.1192,-8.0206,-7.9618,95.697,12.867,78.48,36.39
1,40.0,80.0,30.5319,-8.596,-8.5351,36.377,59.378,162.174,37.482
2,40.0,80.0,30.5318,-8.5958,-8.5349,36.377,20.118,159.445,37.482
3,40.0,80.0,30.5319,-8.596,-8.5352,36.377,-20.586,151.601,37.482
4,40.0,80.0,30.5318,-8.5958,-8.535,96.364,12.238,77.576,37.482
1,40.0,85.0,30.7764,-8.9401,-8.8781,35.83,59.866,162.412,38.141
2,40.0,85.0,30.7763,-8.9399,-8.8779,35.83,20.579,159.733,38.141
3,40.0,85.0,30.7763,-8.9401,-8.8781,35.83,-20.167,151.946,38.141
4,40.0,85.0,30.7763,-8.9399,-8.8779,96.755,11.86,77.029,38.141
1,40.0,90.0,30.8448,-9.0369,-8.9746,35.675,60.003,162.478,38.327
2,40.0,90.0,30.8447,-9.0367,-8.9744,35.675,20.708,159.813,38.327
3,40.0,90.0,30.8448,-9.0369,-8.9746,35.675,-20.049,152.042,38.327
4,40.0,90.0,30.8448,-9.0367,-8.9744,96.864,11.754,76.875,38.327
1,45.0,-90.0,-5.5215,36.0858,32.4253,59.904,24.367,96.055,63.882
2,45.0,-90.0,-5.5216,36.086,32.4254,59.904,-7.79,90.029,63.882
3,45.0,-90.0,-5.5216,36.0859,32.4254,59.904,-39.195,79.136,63.882
4,45.0,-90.0,-5.5215,36.0859,32.4254,22.259,22.524,101.104,63.882
1,45.0,-85.0,-5.3712,35.8822,32.2794,59.991,24.322,96.368,63.59
2,45.0,-85.0,-5.3713,35.8824,32.2795,59.991,-7.867,90.336,63.59
3,45.0,-85.0,-5.3713,35.8823,32.2795,59.991,-39.311,79.429,63.59
4,45.0,-85.0,-5.3712,35.8823,32.2795,22.537,22.673,101.192,63.59
1,45.0,-80.0,-5.1052,35.5243,32.0213,60.143,24.248,96.921,63.074
2,45.0,-80.0,-5.1053,35.5245,32.0214,60.143,-7.999,90.878,63.074
3,45.0,-80.0,-5.1053,35.5244,32.0214,60.143,-39.513,79.95,63.074
4,45.0,-80.0,-5.1052,35.5244,32.0214,23.031,22.931,101.343,63.074
1,45.0,-75.0,-4.7237,35.016,31.6509,60.351,24.151,97.712,62.336
2,45.0,-75.0,-4.7238,35.0161,31.651,60.351,-8.178,91.655,62.336
3,45.0,-75.0,-4.7238,35.016,31.651,60.351,-39.792,80.697,62.336
4,45.0,-75.0,-4.7237,35.0161,31.651,23.742,23.294,101.551,62.336
1,45.0,-70.0,-4.2274,34.3633,31.1689,60.607,24.04,98.739,61.379
2,45.0,-70.0,-4.2275,34.3634,31.169,60.607,-8.395,92.664,61.379
3,45.0,-70.0,-4.2275,34.3633,31.169,60.607,-40.139,81.669,61.379
4,45.0,-70.0,-4.2274,34.3634,31.169,24.669,23.749,101.808,61.379
1,45.0,-65.0,-3.6179,33.5741,30.577,60.9,23.929,99.996,60.208
2,45.0,-65.0,-3.6179,33.5742,30.5771,60.9,-8.637,93.903,60.208
3,45.0,-65.0,-3.618,33.5741,30.5771,60.9,-40.54,82.866,60.208
4,45.0,-65.0,-3.6179,33.5742,30.5771,25.812,24.283,102.1,60.208
1,45.0,-60.0,-2.8976,32.6577,29.8775,61.216,23.833,101.476,58.829
2,45.0,-60.0,-2.8976,32.6578,29.8776,61.216,-8.888,95.365,58.829
3,45.0,-60.0,-2.8976,32.6577,29.8776,61.216,-40.98,84.282,58.829
4,45.0,-60.0,-2.8976,32.6578,29.8776,27.17,24.879,102.416,58.829
1,45.0,-55.0,-2.0696,31.6245,29.0738,61.538,23.768,103.169,57.251
2,45.0,-55.0,-2.0697,31.6246,29.0739,61.538,-9.129,97.042,57.251
3,45.0,-55.0,-2.0697,31.6245,29.0739,61.538,-41.438,85.914,57.251
4,45.0,-55.0,-2.0696,31.6246,29.0739,28.739,25.519,102.738,57.251
1,45.0,-50.0,-1.1382,30.4853,28.1701,61.851,23.754,105.065,55.483
2,45.0,-50.0,-1.1383,30.4854,28.1702,61.851,-9.341,98.926,55.483
3,45.0,-50.0,-1.1383,30.4854,28.1702,61.851,-41.894,87.754,55.483
4,45.0,-50.0,-1.1382,30.4855,28.1702,30.516,26.181,103.051,55.484
1,45.0,-45.0,-0.1084,29.2512,27.1715,62.136,23.81,107.149,53.537
2,45.0,-45.0,-0.1084,29.2513,27.1716,62.136,-9.503,101.004,53.537
3,45.0,-45.0,-0.1084,29.2513,27.1716,62.136,-42.326,89.793,53.537
4,45.0,-45.0,-0.1084,29.2514,27.1716,32.493,26.841,103.337,53.537
1,45.0,-40.0,1.0141,27.933,26.0836,62.378,23.956,109.405,51.424
2,45.0,-40.0,1.0141,27.9331,26.0837,62.378,-9.594,103.263,51.424
3,45.0,-40.0,1.0141,27.9331,26.0837,62.378,-42.711,92.021,51.424
4,45.0,-40.0,1.0142,27.9332,26.0838,34.663,27.476,103.578,51.425
1,45.0,-35.0,2.2227,26.541,24.9128,62.559,24.211,111.816,49.161
2,45.0,-35.0,2.2227,26.5412,24.9129,62.559,-9.593,105.687,49.161
3,45.0,-35.0,2.2227,26.5411,24.9129,62.559,-43.026,94.425,49.161
4,45.0,-35.0,2.2228,26.5412,24.913,37.016,28.061,103.759,49.161
1,45.0,-30.0,3.5102,25.085,23.6656,62.662,24.593,114.362,46.763
2,45.0,-30.0,3.5101,25.0852,23.6657,62.662,-9.479,108.259,46.763
3,45.0,-30.0,3.5101,25.0851,23.6657,62.662,-43.249,96.99,46.763
4,45.0,-30.0,3.5102,25.0852,23.6657,39.539,28.573,103.862,46.763
1,45.0,-25.0,4.8685,23.5739,22.3487,62.673,25.119,117.021,44.252
2,45.0,-25.0,4.8684,23.5741,22.3488,62.673,-9.234,110.959,44.252
3,45.0,-25.0,4.8684,23.574,22.3488,62.673,-43.358,99.698,44.252
4,45.0,-25.0,4.8685,23.5741,22.3489,42.218,28.988,103.873,44.252
1,45.0,-20.0,6.2892,22.0159,20.969,62.578,25.802,119.771,41.65
2,45.0,-20.0,6.2892,22.0161,20.9691,62.578,-8.842,113.766,41.65
3,45.0,-20.0,6.2892,22.016,20.969,62.578,-43.336,102.532,41.65
4,45.0,-20.0,6.2892,22.0161,20.9691,45.036,29.286,103.778,41.651
1,45.0,-15.0,7.7635,20.4185,19.5331,62.364,26.655,122.588,38.988
2,45.0,-15.0,7.7635,20.4186,19.5333,62.364,-8.288,116.656,38.988
3,45.0,-15.0,7.7635,20.4185,19.5332,62.364,-43.164,105.47,38.988
4,45.0,-15.0,7.7635,20.4187,19.5333,47.974,29.448,103.564,38.988
1,45.0,-10.0,9.2819,18.7883,18.0479,62.021,27.684,125.446,36.301
2,45.0,-10.0,9.2819,18.7885,18.0481,62.021,-7.564,119.605,36.301
3,45.0,-10.0,9.2819,18.7884,18.048,62.021,-42.831,108.489,36.301
4,45.0,-10.0,9.2819,18.7885,18.0481,51.011,29.459,103.221,36.301
1,45.0,-5.0,10.8347,17.1318,16.52,61.54,28.893,128.319,33.634
2,45.0,-5.0,10.8347,17.1319,16.5201,61.54,-6.662,122.589,33.634
3,45.0,-5.0,10.8347,17.1318,16.52,61.54,-42.326,111.565,33.634
4,45.0,-5.0,10.8347,17.132,16.5202,54.125,29.306,102.74,33.635
1,45.0,0.0,12.4119,15.4547,14.9558,60.914,30.281,131.182,31.045
2,45.0,0.0,12.4118,15.4548,14.9559,60.914,-5.58,125.582,31.045
3,45.0,0.0,12.4119,15.4548,14.9559,60.914,-41.644,114.673,31.045
4,45.0,0.0,12.4119,15.4549,14.956,57.29,28.98,102.114,31.045
1,45.0,5.0,14.003,13.7628,13.3621,60.139,31.844,134.009,28.606
2,45.0,5.0,14.003,13.763,13.3623,60.139,-4.321,128.557,28.606
3,45.0,5.0,14.003,13.7629,13.3622,60.139,-40.784,117.786,28.606
4,45.0,5.0,14.003,13.763,13.3623,60.481,28.478,101.339,28.606
1,45.0,10.0,15.5976,12.062,11.7458,59.212,33.572,136.775,26.408
2,45.0,10.0,15.5975,12.0621,11.7459,59.212,-2.892,131.488,26.409
3,45.0,10.0,15.5976,12.062,11.7458,59.212,-39.75,120.879,26.408
4,45.0,10.0,15.5976,12.0622,11.746,63.671,27.801,100.412,26.409
1,45.0,15.0,17.1846,10.3582,10.1141,58.135,35.45,139.456,24.561
2,45.0,15.0,17.1846,10.3583,10.1142,58.135,-1.305,134.35,24.561
3,45.0,15.0,17.1846,10.3582,10.1141,58.135,-38.55,123.925,24.561
4,45.0,15.0,17.1846,10.3584,10.1143,66.832,26.953,99.335,24.561
1,45.0,20.0,18.7531,8.6582,8.4749,56.91,37.458,142.029,23.182
2,45.0,20.0,18.753,8.6583,8.475,56.91,0.424,137.12,23.182
3,45.0,20.0,18.7531,8.6582,8.4749,56.91,-37.198,126.895,23.182
4,45.0,20.0,18.7531,8.6584,8.4751,69.937,25.946,98.11,23.182
1,45.0,25.0,20.2916,6.9695,6.837,55.546,39.573,144.473,22.38
2,45.0,25.0,20.2915,6.9697,6.8371,55.546,2.272,139.772,22.38
3,45.0,25.0,20.2916,6.9696,6.837,55.546,-35.712,129.766,22.38
4,45.0,25.0,20.2916,6.9697,6.8372,72.958,24.794,96.746,22.38
1,45.0,30.0,21.7886,5.301,5.2104,54.055,41.766,146.771,22.221
2,45.0,30.0,21.7885,5.3011,5.2105,54.055,4.213,142.286,22.221
3,45.0,30.0,21.7886,5.301,5.2104,54.055,-34.116,132.512,22.221
4,45.0,30.0,21.7886,5.3012,5.2106,75.867,23.519,95.255,22.222
1,45.0,35.0,23.2322,3.6629,3.6065,52.453,44.004,148.904,22.704
2,45.0,35.0,23.2322,3.663,3.6066,52.453,6.216,144.641,22.704
3,45.0,35.0,23.2322,3.6629,3.6065,52.453,-32.437,135.109,22.704
4,45.0,35.0,23.2322,3.6631,3.6067,78.637,22.146,93.652,22.704
1,45.0,40.0,24.6106,2.0672,2.0385,50.763,46.251,150.86,23.752
2,45.0,40.0,24.6106,2.0674,2.0387,50.763,8.246,146.822,23.752
3,45.0,40.0,24.6106,2.0672,2.0385,50.762,-30.709,137.536,23.752
4,45.0,40.0,24.6106,2.0674,2.0387,81.244,20.703,91.962,23.752
1,45.0,45.0,25.9116,0.5283,0.5216,49.013,48.467,152.629,25.239
2,45.0,45.0,25.9116,0.5284,0.5218,49.013,10.264,148.813,25.239
3,45.0,45.0,25.9116,0.5283,0.5216,49.013,-28.968,139.773,25.24
4,45.0,45.0,25.9116,0.5285,0.5218,83.664,19.226,90.213,25.24
1,45.0,50.0,27.123,-0.9375,-0.9268,47.24,50.61,154.204,27.02
2,45.0,50.0,27.1229,-0.9374,-0.9266,47.24,12.231,150.603,27.02
3,45.0,50.0,27.123,-0.9375,-0.9268,47.24,-27.251,141.805,27.02
4,45.0,50.0,27.123,-0.9373,-0.9266,85.877,17.751,88.439,27.02
1,45.0,55.0,28.2324,-2.3113,-2.2871,45.485,52.638,155.581,28.95
2,45.0,55.0,28.2323,-2.3112,-2.2869,45.485,14.104,152.184,28.95
3,45.0,55.0,28.2324,-2.3113,-2.2871,45.485,-25.601,143.616,28.95
4,45.0,55.0,28.2324,-2.3111,-2.2869,87.863,16.317,86.685,28.95
1,45.0,60.0,29.2275,-3.5721,-3.5375,43.798,54.506,156.759,30.899
2,45.0,60.0,29.2274,-3.5719,-3.5374,43.798,15.839,153.551,30.899
3,45.0,60.0,29.2275,-3.5721,-3.5375,43.797,-24.059,145.198,30.899
4,45.0,60.0,29.2275,-3.5719,-3.5373,89.61,14.964,84.997,30.899
1,45.0,65.0,30.0963,-4.6969,-4.6545,42.231,56.174,157.74,32.754
2,45.0,65.0,30.0962,-4.6967,-4.6544,42.231,17.395,154.701,32.754
3,45.0,65.0,30.0962,-4.6969,-4.6546,42.231,-22.667,146.542,32.754
4,45.0,65.0,30.0962,-4.6967,-4.6544,91.102,13.732,83.431,32.754
1,45.0,70.0,30.8267,-5.6615,-5.6135,40.843,57.601,158.53,34.415
2,45.0,70.0,30.8266,-5.6613,-5.6133,40.843,18.731,155.636,34.415
3,45.0,70.0,30.8266,-5.6615,-5.6135,40.843,-21.464,147.643,34.415
4,45.0,70.0,30.8266,-5.6613,-5.6133,92.333,12.662,82.043,34.416
1,45.0,75.0,31.4073,-6.4415,-6.3895,39.691,58.75,159.134,35.799
2,45.0,75.0,31.4072,-6.4414,-6.3893,39.692,19.811,156.357,35.799
3,45.0,75.0,31.4073,-6.4416,-6.3895,39.691,-20.487,148.499,35.799
4,45.0,75.0,31.4073,-6.4414,-6.3893,93.293,11.788,80.891,35.799
1,45.0,80.0,31.8274,-7.0137,-6.959,38.83,59.59,159.557,36.833
2,45.0,80.0,31.8273,-7.0135,-6.9588,38.83,20.602,156.865,36.833
3,45.0,80.0,31.8274,-7.0137,-6.959,38.83,-19.769,149.106,36.833
4,45.0,80.0,31.8274,-7.0135,-6.9588,93.978,11.144,80.029,36.834
1,45.0,85.0,32.0774,-7.3572,-7.301,38.306,60.092,159.803,37.461
2,45.0,85.0,32.0772,-7.357,-7.3009,38.306,21.076,157.162,37.461
3,45.0,85.0,32.0773,-7.3573,-7.3011,38.306,-19.338,149.462,37.462
4,45.0,85.0,32.0773,-7.3571,-7.3009,94.381,10.756,79.506,37.462
1,45.0,90.0,32.1488,-7.4559,-7.3993,38.155,60.236,159.873,37.643
2,45.0,90.0,32.1487,-7.4557,-7.3991,38.155,21.212,157.246,37.643
3,45.0,90.0,32.1488,-7.4559,-7.3993,38.154,-19.214,149.564,37.643
4,45.0,90.0,32.1488,-7.4557,-7.3991,94.495,10.644,79.354,37.643
1,50.0,-90.0,-4.5268,37.5307,33.4392,59.25,24.425,93.867,65.924
2,50.0,-90.0,-4.5269,37.5309,33.4393,59.25,-7.504,87.859,65.924
3,50.0,-90.0,-4.5269,37.5308,33.4393,59.25,-38.628,77.022,65.924
4,50.0,-90.0,-4.5269,37.5308,33.4393,20.223,21.721,100.45,65.925
1,50.0,-85.0,-4.3739,37.3192,33.2932,59.349,24.379,94.185,65.627
2,50.0,-85.0,-4.374,37.3194,33.2933,59.349,-7.582,88.171,65.627
3,50.0,-85.0,-4.374,37.3193,33.2933,59.349,-38.746,77.32,65.627
4,50.0,-85.0,-4.3739,37.3194,33.2933,20.506,21.872,100.55,65.627
1,50.0,-80.0,-4.1058,36.951,33.037,59.519,24.304,94.741,65.107
2,50.0,-80.0,-4.1058,36.9512,33.0371,59.519,-7.715,88.716,65.107
3,50.0,-80.0,-4.1059,36.9511,33.0371,59.519,-38.949,77.844,65.107
4,50.0,-80.0,-4.1058,36.9512,33.0371,21.003,22.133,100.719,65.107
1,50.0,-75.0,-3.7225,36.4304,32.6705,59.753,24.206,95.535,64.366
2,50.0,-75.0,-3.7225,36.4306,32.6707,59.753,-7.896,89.495,64.367
3,50.0,-75.0,-3.7226,36.4305,32.6706,59.753,-39.23,78.592,64.366
4,50.0,-75.0,-3.7225,36.4305,32.6706,21.714,22.497,100.953,64.367
1,50.0,-70.0,-3.2248,35.7639,32.1944,60.042,24.094,96.561,63.408
2,50.0,-70.0,-3.2249,35.7641,32.1945,60.042,-8.114,90.504,63.409
3,50.0,-70.0,-3.2249,35.764,32.1945,60.042,-39.578,79.564,63.408
4,50.0,-70.0,-3.2248,35.7641,32.1945,22.641,22.953,101.242,63.409
1,50.0,-65.0,-2.6144,34.9601,31.6098,60.373,23.982,97.816,62.239
2,50.0,-65.0,-2.6144,34.9602,31.61,60.373,-8.357,91.74,62.239
3,50.0,-65.0,-2.6144,34.9601,31.61,60.373,-39.98,80.758,62.239
4,50.0,-65.0,-2.6143,34.9602,31.61,23.781,23.487,101.574,62.239
1,50.0,-60.0,-1.8934,34.0287,30.9192,60.734,23.884,99.29,60.864
2,50.0,-60.0,-1.8934,34.0288,30.9193,60.734,-8.608,93.196,60.865
3,50.0,-60.0,-1.8934,34.0288,30.9193,60.734,-40.419,82.169,60.865
4,50.0,-60.0,-1.8934,34.0288,30.9193,25.134,24.084,101.934,60.865
1,50.0,-55.0,-1.065,32.9807,30.1255,61.108,23.818,100.976,59.294
2,50.0,-55.0,-1.0651,32.9809,30.1256,61.108,-8.85,94.866,59.294
3,50.0,-55.0,-1.0651,32.9808,30.1256,61.108,-40.878,83.793,59.294
4,50.0,-55.0,-1.065,32.9809,30.1257,26.695,24.723,102.308,59.294
1,50.0,-50.0,-0.1334,31.8275,29.2329,61.477,23.801,102.861,57.538
2,50.0,-50.0,-0.1334,31.8276,29.233,61.477,-9.064,96.738,57.538
3,50.0,-50.0,-0.1334,31.8275,29.233,61.477,-41.334,85.621,57.538
4,50.0,-50.0,-0.1334,31.8276,29.233,28.46,25.383,102.678,57.538
1,50.0,-45.0,0.8967,30.5804,28.2462,61.826,23.853,104.931,55.607
2,50.0,-45.0,0.8967,30.5805,28.2463,61.826,-9.229,98.803,55.607
3,50.0,-45.0,0.8967,30.5804,28.2463,61.826,-41.766,87.647,55.607
4,50.0,-45.0,0.8967,30.5806,28.2463,30.424,26.042,103.026,55.607
1,50.0,-40.0,2.0195,29.2506,27.171,62.137,23.995,107.172,53.514
2,50.0,-40.0,2.0195,29.2508,27.1711,62.137,-9.322,101.046,53.514
3,50.0,-40.0,2.0195,29.2507,27.1711,62.137,-42.152,89.858,53.514
4,50.0,-40.0,2.0196,29.2508,27.1711,32.578,26.676,103.337,53.514
1,50.0,-35.0,3.2287,27.8488,26.0135,62.391,24.243,109.565,51.274
2,50.0,-35.0,3.2287,27.849,26.0136,62.391,-9.325,103.452,51.275
3,50.0,-35.0,3.2287,27.8489,26.0135,62.391,-42.469,92.243,51.275
4,50.0,-35.0,3.2287,27.849,26.0136,34.911,27.26,103.591,51.275
1,50.0,-30.0,4.517,26.3848,24.7801,62.574,24.618,112.091,48.905
2,50.0,-30.0,4.517,26.385,24.7802,62.574,-9.216,106.003,48.906
3,50.0,-30.0,4.517,26.3849,24.7802,62.574,-42.694,94.787,48.905
4,50.0,-30.0,4.517,26.385,24.7802,37.413,27.772,103.774,48.906
1,50.0,-25.0,5.8768,24.8677,23.4776,62.67,25.136,114.728,46.426
2,50.0,-25.0,5.8767,24.8678,23.4777,62.67,-8.977,108.681,46.427
3,50.0,-25.0,5.8767,24.8678,23.4776,62.67,-42.807,97.473,46.426
4,50.0,-25.0,5.8768,24.8679,23.4777,40.069,28.188,103.87,46.427
1,50.0,-20.0,7.2995,23.3057,22.1127,62.664,25.809,117.456,43.861
2,50.0,-20.0,7.2995,23.3059,22.1128,62.664,-8.592,111.463,43.861
3,50.0,-20.0,7.2995,23.3058,22.1128,62.664,-42.788,100.282,43.861
4,50.0,-20.0,7.2996,23.3059,22.1129,42.862,28.487,103.864,43.861
1,50.0,-15.0,8.7766,21.7064,20.6923,62.545,26.651,120.249,41.237
2,50.0,-15.0,8.7765,21.7065,20.6925,62.545,-8.048,114.329,41.237
3,50.0,-15.0,8.7765,21.7064,20.6924,62.545,-42.622,103.194,41.237
4,50.0,-15.0,8.7766,21.7066,20.6925,45.774,28.652,103.745,41.237
1,50.0,-10.0,10.2986,20.0764,19.2231,62.302,27.668,123.082,38.588
2,50.0,-10.0,10.2985,20.0765,19.2232,62.302,-7.332,117.253,38.588
3,50.0,-10.0,10.2985,20.0764,19.2232,62.302,-42.295,106.187,38.588
4,50.0,-10.0,10.2986,20.0766,19.2233,48.785,28.666,103.502,38.589
1,50.0,-5.0,11.8559,18.422,17.7116,61.926,28.864,125.932,35.957
2,50.0,-5.0,11.8559,18.4222,17.7118,61.926,-6.44,120.213,35.957
3,50.0,-5.0,11.8559,18.4221,17.7117,61.926,-41.797,109.237,35.957
4,50.0,-5.0,11.8559,18.4222,17.7118,51.872,28.516,103.126,35.957
1,50.0,0.0,13.4385,16.7491,16.1645,61.409,30.24,128.772,33.395
2,50.0,0.0,13.4385,16.7492,16.1646,61.409,-5.369,123.181,33.396
3,50.0,0.0,13.4385,16.7491,16.1646,61.409,-41.122,112.32,33.396
4,50.0,0.0,13.4385,16.7493,16.1647,55.012,28.194,102.609,33.396
1,50.0,5.0,15.0362,15.0632,14.5884,60.747,31.791,131.578,30.968
2,50.0,5.0,15.0362,15.0633,14.5885,60.747,-4.12,126.133,30.968
3,50.0,5.0,15.0362,15.0632,14.5884,60.747,-40.269,115.41,30.968
4,50.0,5.0,15.0362,15.0634,14.5886,58.178,27.697,101.947,30.969
1,50.0,10.0,16.6383,13.37,12.99,59.938,33.507,134.324,28.754
2,50.0,10.0,16.6382,13.3701,12.9902,59.938,-2.7,129.044,28.755
3,50.0,10.0,16.6383,13.37,12.9901,59.938,-39.241,118.481,28.755
4,50.0,10.0,16.6383,13.3702,12.9902,61.346,27.023,101.138,28.755
1,50.0,15.0,18.2339,11.6755,11.3767,58.981,35.375,136.987,26.847
2,50.0,15.0,18.2338,11.6756,11.3768,58.981,-1.121,131.887,26.848
3,50.0,15.0,18.2339,11.6755,11.3767,58.981,-38.046,121.507,26.848
4,50.0,15.0,18.2339,11.6757,11.3769,64.487,26.179,100.181,26.848
1,50.0,20.0,19.8119,9.9861,9.7562,57.88,37.376,139.545,25.349
2,50.0,20.0,19.8118,9.9862,9.7563,57.88,0.601,134.641,25.349
3,50.0,20.0,19.8119,9.9861,9.7562,57.879,-36.698,124.461,25.349
4,50.0,20.0,19.8119,9.9863,9.7564,67.575,25.174,99.079,25.35
1,50.0,25.0,21.3608,8.3092,8.1371,56.641,39.486,141.977,24.356
2,50.0,25.0,21.3608,8.3093,8.1372,56.641,2.446,137.28,24.356
3,50.0,25.0,21.3608,8.3092,8.1371,56.64,-35.214,127.318,24.356
4,50.0,25.0,21.3608,8.3094,8.1373,70.582,24.023,97.84,24.357
1,50.0,30.0,22.869,6.6532,6.5293,55.275,41.677,144.265,23.936
2,50.0,30.0,22.869,6.6534,6.5294,55.275,4.386,139.784,23.937
3,50.0,30.0,22.869,6.6533,6.5293,55.275,-33.617,130.055,23.937
4,50.0,30.0,22.869,6.6535,6.5295,73.482,22.746,96.474,23.937
1,50.0,35.0,24.3247,5.0283,4.9439,53.798,43.918,146.392,24.108
2,50.0,35.0,24.3246,5.0285,4.944,53.798,6.392,142.134,24.108
3,50.0,35.0,24.3247,5.0283,4.9439,53.798,-31.935,132.646,24.108
4,50.0,35.0,24.3247,5.0285,4.9441,76.247,21.368,94.997,24.109
1,50.0,40.0,25.7155,3.4461,3.3939,52.231,46.171,148.346,24.828
2,50.0,40.0,25.7155,3.4463,3.394,52.231,8.428,144.313,24.828
3,50.0,40.0,25.7155,3.4461,3.3939,52.231,-30.2,135.072,24.828
4,50.0,40.0,25.7155,3.4464,3.3941,78.854,19.919,93.43,24.828
1,50.0,45.0,27.0293,1.9205,1.8941,50.601,48.397,150.116,25.998
2,50.0,45.0,27.0293,1.9207,1.8943,50.601,10.458,146.306,25.998
3,50.0,45.0,27.0293,1.9205,1.8941,50.601,-28.449,137.313,25.999
4,50.0,45.0,27.0293,1.9208,1.8943,81.278,18.432,91.8,25.999
1,50.0,50.0,28.2536,0.4676,0.4618,48.942,50.555,151.695,27.494
2,50.0,50.0,28.2535,0.4678,0.4619,48.942,12.438,148.101,27.494
3,50.0,50.0,28.2536,0.4676,0.4618,48.942,-26.719,139.352,27.495
4,50.0,50.0,28.2536,0.4678,0.462,83.499,16.945,90.141,27.495
1,50.0,55.0,29.3757,-0.8942,-0.8839,47.294,52.6,153.078,29.181
2,50.0,55.0,29.3756,-0.894,-0.8837,47.294,14.328,149.691,29.181
3,50.0,55.0,29.3757,-0.8942,-0.8839,47.294,-25.053,141.174,29.182
4,50.0,55.0,29.3757,-0.894,-0.8837,85.499,15.496,88.493,29.182
1,50.0,60.0,30.3831,-2.1441,-2.1214,45.703,54.489,154.264,30.931
2,50.0,60.0,30.3831,-2.144,-2.1213,45.703,16.083,151.068,30.931
3,50.0,60.0,30.3831,-2.1442,-2.1215,45.703,-23.493,142.769,30.931
4,50.0,60.0,30.3831,-2.144,-2.1212,87.26,14.126,86.903,30.931
1,50.0,65.0,31.2634,-3.2597,-3.2276,44.223,56.179,155.256,32.626
2,50.0,65.0,31.2633,-3.2596,-3.2274,44.223,17.659,152.231,32.626
3,50.0,65.0,31.2634,-3.2598,-3.2276,44.222,-22.082,144.127,32.626
4,50.0,65.0,31.2634,-3.2596,-3.2274,88.77,12.878,85.422,32.627
1,50.0,70.0,32.0042,-4.2171,-4.1779,42.907,57.628,156.056,34.165
2,50.0,70.0,32.0041,-4.2169,-4.1777,42.907,19.017,153.178,34.165
3,50.0,70.0,32.0042,-4.2171,-4.1779,42.906,-20.86,145.244,34.165
4,50.0,70.0,32.0042,-4.2169,-4.1777,90.017,11.79,84.106,34.166
1,50.0,75.0,32.5939,-4.9919,-4.9477,41.811,58.798,156.67,35.459
2,50.0,75.0,32.5938,-4.9917,-4.9476,41.811,20.116,153.911,35.459
3,50.0,75.0,32.5938,-4.9919,-4.9478,41.811,-19.865,146.114,35.46
4,50.0,75.0,32.5938,-4.9917,-4.9476,90.994,10.9,83.011,35.46
1,50.0,80.0,33.0212,-5.561,-5.5136,40.99,59.655,157.101,36.434
2,50.0,80.0,33.0211,-5.5608,-5.5134,40.99,20.923,154.429,36.434
3,50.0,80.0,33.0212,-5.5611,-5.5136,40.989,-19.133,146.733,36.434
4,50.0,80.0,33.0212,-5.5608,-5.5134,91.692,10.243,82.189,36.434
1,50.0,85.0,33.2762,-5.9038,-5.8545,40.488,60.169,157.353,37.03
2,50.0,85.0,33.2761,-5.9036,-5.8543,40.488,21.409,154.733,37.029
3,50.0,85.0,33.2762,-5.9039,-5.8545,40.488,-18.691,147.098,37.03
4,50.0,85.0,33.2762,-5.9036,-5.8543,92.105,9.845,81.688,37.03
1,50.0,90.0,33.3503,-6.0039,-5.954,40.341,60.319,157.425,37.205
2,50.0,90.0,33.3502,-6.0037,-5.9538,40.341,21.55,154.821,37.205
3,50.0,90.0,33.3503,-6.0039,-5.9541,40.341,-18.562,147.203,37.205
4,50.0,90.0,33.3503,-6.0037,-5.9538,92.224,9.729,81.54,37.205
1,55.0,-90.0,-3.6308,38.8759,34.3481,58.594,24.413,91.875,67.788
2,55.0,-90.0,-3.6309,38.8761,34.3483,58.594,-7.307,85.876,67.789
3,55.0,-90.0,-3.6309,38.876,34.3483,58.594,-38.174,75.081,67.789
4,55.0,-90.0,-3.6308,38.8761,34.3483,18.346,21.051,99.794,67.789
1,55.0,-85.0,-3.4755,38.6564,34.2022,58.704,24.367,92.197,67.486
2,55.0,-85.0,-3.4756,38.6566,34.2024,58.704,-7.387,86.192,67.486
3,55.0,-85.0,-3.4756,38.6565,34.2023,58.704,-38.295,75.384,67.486
4,55.0,-85.0,-3.4755,38.6565,34.2023,18.633,21.204,99.904,67.486
1,55.0,-80.0,-3.2054,38.2775,33.9481,58.891,24.29,92.758,66.961
2,55.0,-80.0,-3.2054,38.2777,33.9483,58.891,-7.521,86.742,66.961
3,55.0,-80.0,-3.2055,38.2776,33.9482,58.891,-38.5,75.911,66.961
4,55.0,-80.0,-3.2054,38.2777,33.9482,19.134,21.468,100.092,66.961
1,55.0,-75.0,-2.8205,37.744,33.5856,59.149,24.191,93.554,66.216
2,55.0,-75.0,-2.8205,37.7442,33.5858,59.149,-7.703,87.523,66.216
3,55.0,-75.0,-2.8206,37.7441,33.5858,59.149,-38.782,76.662,66.216
4,55.0,-75.0,-2.8205,37.7442,33.5858,19.848,21.833,100.349,66.216
1,55.0,-70.0,-2.3216,37.063,33.1152,59.468,24.078,94.581,65.255
2,55.0,-70.0,-2.3217,37.0632,33.1153,59.468,-7.923,88.533,65.256
3,55.0,-70.0,-2.3217,37.0631,33.1153,59.468,-39.132,77.635,65.256
4,55.0,-70.0,-2.3216,37.0632,33.1153,20.775,22.291,100.668,65.256
1,55.0,-65.0,-1.7103,36.2436,32.5379,59.835,23.965,95.835,64.085
2,55.0,-65.0,-1.7104,36.2438,32.538,59.835,-8.167,89.768,64.085
3,55.0,-65.0,-1.7104,36.2437,32.538,59.835,-39.535,78.828,64.085
4,55.0,-65.0,-1.7103,36.2438,32.538,21.914,22.826,101.035,64.085
1,55.0,-60.0,-0.9888,35.2963,31.8557,60.237,23.865,97.307,62.712
2,55.0,-60.0,-0.9888,35.2965,31.8558,60.237,-8.42,91.222,62.712
3,55.0,-60.0,-0.9889,35.2964,31.8558,60.237,-39.975,80.236,62.712
4,55.0,-60.0,-0.9888,35.2965,31.8558,23.263,23.423,101.437,62.713
1,55.0,-55.0,-0.1602,34.2325,31.0715,60.657,23.796,98.987,61.146
2,55.0,-55.0,-0.1602,34.2327,31.0717,60.657,-8.664,92.885,61.146
3,55.0,-55.0,-0.1602,34.2326,31.0716,60.657,-40.434,81.854,61.146
4,55.0,-55.0,-0.1602,34.2327,31.0717,24.819,24.063,101.857,61.147
1,55.0,-50.0,0.7716,33.0641,30.1893,61.079,23.777,100.864,59.397
2,55.0,-50.0,0.7716,33.0642,30.1894,61.079,-8.88,94.75,59.398
3,55.0,-50.0,0.7716,33.0641,30.1894,61.079,-40.892,83.674,59.397
4,55.0,-50.0,0.7716,33.0643,30.1894,26.576,24.723,102.279,59.398
1,55.0,-45.0,1.8018,31.8029,29.2137,61.485,23.825,102.924,57.477
2,55.0,-45.0,1.8018,31.803,29.2138,61.485,-9.047,96.804,57.478
3,55.0,-45.0,1.8018,31.8029,29.2138,61.485,-41.325,85.689,57.478
4,55.0,-45.0,1.8018,31.8031,29.2138,28.528,25.382,102.685,57.478
1,55.0,-40.0,2.9248,30.4604,28.1501,61.857,23.962,105.152,55.4
2,55.0,-40.0,2.9248,30.4605,28.1502,61.857,-9.144,99.034,55.4
3,55.0,-40.0,2.9248,30.4604,28.1502,61.857,-41.713,87.887,55.4
4,55.0,-40.0,2.9249,30.4606,28.1503,30.668,26.016,103.057,55.4
1,55.0,-35.0,4.1344,29.0474,27.0047,62.178,24.204,107.53,53.179
2,55.0,-35.0,4.1344,29.0476,27.0048,62.178,-9.151,101.424,53.179
3,55.0,-35.0,4.1343,29.0475,27.0048,62.178,-42.032,90.256,53.179
4,55.0,-35.0,4.1344,29.0476,27.0049,32.986,26.601,103.378,53.179
1,55.0,-30.0,5.4234,27.5741,25.7839,62.432,24.572,110.039,50.832
2,55.0,-30.0,5.4234,27.5743,25.784,62.432,-9.048,103.958,50.833
3,55.0,-30.0,5.4234,27.5742,25.784,62.432,-42.26,92.781,50.832
4,55.0,-30.0,5.4235,27.5743,25.7841,35.469,27.114,103.632,50.833
1,55.0,-25.0,6.7843,26.0496,24.4944,62.604,25.081,112.658,48.379
2,55.0,-25.0,6.7843,26.0498,24.4945,62.604,-8.816,106.616,48.379
3,55.0,-25.0,6.7843,26.0497,24.4944,62.604,-42.377,95.447,48.379
4,55.0,-25.0,6.7844,26.0499,24.4945,38.105,27.531,103.804,48.38
1,55.0,-20.0,8.2089,24.4823,23.1429,62.678,25.745,115.366,45.842
2,55.0,-20.0,8.2088,24.4824,23.1431,62.678,-8.438,109.378,45.843
3,55.0,-20.0,8.2089,24.4823,23.143,62.678,-42.363,98.234,45.842
4,55.0,-20.0,8.2089,24.4825,23.1431,40.876,27.833,103.878,45.843
1,55.0,-15.0,9.6883,22.8795,21.7364,62.644,26.575,118.138,43.249
2,55.0,-15.0,9.6883,22.8797,21.7365,62.644,-7.902,112.222,43.249
3,55.0,-15.0,9.6883,22.8796,21.7365,62.644,-42.203,101.124,43.249
4,55.0,-15.0,9.6884,22.8798,21.7366,43.765,28.001,103.844,43.249
1,55.0,-10.0,11.2135,21.2482,20.2815,62.49,27.58,120.95,40.631
2,55.0,-10.0,11.2135,21.2483,20.2816,62.49,-7.197,115.124,40.631
3,55.0,-10.0,11.2135,21.2483,20.2815,62.49,-41.882,104.093,40.631
4,55.0,-10.0,11.2136,21.2484,20.2817,46.752,28.019,103.69,40.632
1,55.0,-5.0,12.7749,19.5944,18.7848,62.206,28.764,123.779,38.029
2,55.0,-5.0,12.7749,19.5946,18.7849,62.206,-6.315,118.061,38.029
3,55.0,-5.0,12.7749,19.5945,18.7848,62.206,-41.391,107.12,38.029
4,55.0,-5.0,12.7749,19.5947,18.785,49.814,27.874,103.406,38.029
1,55.0,0.0,14.3625,17.924,17.2529,61.787,30.127,126.598,35.49
2,55.0,0.0,14.3625,17.9241,17.253,61.787,-5.254,121.007,35.49
3,55.0,0.0,14.3625,17.924,17.253,61.786,-40.724,110.18,35.49
4,55.0,0.0,14.3625,17.9242,17.2531,52.93,27.557,102.986,35.49
1,55.0,5.0,15.9661,16.2423,15.6925,61.225,31.665,129.384,33.073
2,55.0,5.0,15.9661,16.2425,15.6926,61.225,-4.016,123.938,33.073
3,55.0,5.0,15.9661,16.2424,15.6925,61.225,-39.879,113.247,33.073
4,55.0,5.0,15.9661,16.2426,15.6927,56.073,27.065,102.425,33.073
1,55.0,10.0,17.5751,14.5551,14.1103,60.52,33.369,132.111,30.848
2,55.0,10.0,17.5751,14.5552,14.1104,60.52,-2.606,126.828,30.849
3,55.0,10.0,17.5751,14.5551,14.1103,60.52,-38.859,116.297,30.849
4,55.0,10.0,17.5751,14.5553,14.1105,59.219,26.396,101.72,30.849
1,55.0,15.0,19.1786,12.868,12.5135,59.67,35.226,134.757,28.899
2,55.0,15.0,19.1785,12.8682,12.5136,59.67,-1.036,129.654,28.9
3,55.0,15.0,19.1786,12.8681,12.5135,59.67,-37.67,119.303,28.9
4,55.0,15.0,19.1786,12.8683,12.5137,62.34,25.556,100.87,28.9
1,55.0,20.0,20.7654,11.1875,10.9098,58.678,37.218,137.299,27.315
2,55.0,20.0,20.7653,11.1876,10.9099,58.678,0.679,132.39,27.315
3,55.0,20.0,20.7654,11.1875,10.9098,58.678,-36.327,122.24,27.315
4,55.0,20.0,20.7654,11.1877,10.91,65.411,24.554,99.878,27.316
1,55.0,25.0,22.324,9.5205,9.3077,57.55,39.321,139.718,26.182
2,55.0,25.0,22.324,9.5207,9.3078,57.55,2.518,135.016,26.182
3,55.0,25.0,22.324,9.5205,9.3077,57.55,-34.847,125.083,26.182
4,55.0,25.0,22.324,9.5208,9.3079,68.403,23.405,98.75,26.183
1,55.0,30.0,23.8427,7.8755,7.7168,56.296,41.509,141.995,25.567
2,55.0,30.0,23.8427,7.8756,7.717,56.297,4.456,137.509,25.568
3,55.0,30.0,23.8427,7.8755,7.7168,56.296,-33.251,127.808,25.568
4,55.0,30.0,23.8427,7.8757,7.717,71.291,22.128,97.496,25.568
1,55.0,35.0,25.3095,6.2621,6.1482,54.931,43.749,144.115,25.499
2,55.0,35.0,25.3095,6.2622,6.1484,54.932,6.462,139.851,25.499
3,55.0,35.0,25.3095,6.2621,6.1483,54.931,-31.568,130.392,25.499
4,55.0,35.0,25.3095,6.2623,6.1485,74.049,20.748,96.131,25.499
1,55.0,40.0,26.7121,4.6917,4.6146,53.475,46.005,146.063,25.953
2,55.0,40.0,26.712,4.6919,4.6148,53.475,8.502,142.025,25.953
3,55.0,40.0,26.7121,4.6917,4.6146,53.475,-29.829,132.814,25.953
4,55.0,40.0,26.7121,4.692,4.6148,76.651,19.294,94.675,25.953
1,55.0,45.0,28.0379,3.178,3.1306,51.953,48.238,147.83,26.858
2,55.0,45.0,28.0378,3.1781,3.1307,51.953,10.538,144.016,26.858
3,55.0,45.0,28.0379,3.178,3.1306,51.952,-28.07,135.053,26.858
4,55.0,45.0,28.0379,3.1782,3.1308,79.076,17.8,93.152,26.858
1,55.0,50.0,29.2743,1.7365,1.713,50.397,50.406,149.409,28.106
2,55.0,50.0,29.2742,1.7367,1.7131,50.397,12.53,145.813,28.106
3,55.0,50.0,29.2743,1.7365,1.7129,50.396,-26.33,137.094,28.106
4,55.0,50.0,29.2743,1.7368,1.7132,81.301,16.303,91.596,28.106
1,55.0,55.0,30.4084,0.3855,0.3807,48.845,52.465,150.795,29.574
2,55.0,55.0,30.4084,0.3857,0.3809,48.845,14.432,147.406,29.574
3,55.0,55.0,30.4084,0.3855,0.3807,48.845,-24.651,138.922,29.574
4,55.0,55.0,30.4084,0.3858,0.381,83.307,14.842,90.045,29.575
1,55.0,60.0,31.4275,-0.8547,-0.8449,47.343,54.371,151.986,31.139
2,55.0,60.0,31.4274,-0.8545,-0.8447,47.343,16.203,148.79,31.139
3,55.0,60.0,31.4275,-0.8547,-0.8449,47.342,-23.077,140.525,31.14
4,55.0,60.0,31.4275,-0.8545,-0.8447,85.078,13.458,88.542,31.14
1,55.0,65.0,32.3186,-1.962,-1.9409,45.94,56.078,152.983,32.685
2,55.0,65.0,32.3185,-1.9618,-1.9407,45.94,17.797,149.96,32.685
3,55.0,65.0,32.3186,-1.962,-1.941,45.939,-21.649,141.894,32.686
4,55.0,65.0,32.3186,-1.9617,-1.9407,86.599,12.195,87.139,32.686
1,55.0,70.0,33.0693,-2.9125,-2.8832,44.69,57.545,153.79,34.108
2,55.0,70.0,33.0692,-2.9124,-2.883,44.69,19.172,150.916,34.108
3,55.0,70.0,33.0693,-2.9126,-2.8832,44.689,-20.411,143.021,34.108
4,55.0,70.0,33.0693,-2.9123,-2.883,87.859,11.092,85.889,34.108
1,55.0,75.0,33.6674,-3.6825,-3.6471,43.647,58.732,154.41,35.315
2,55.0,75.0,33.6673,-3.6823,-3.6469,43.647,20.287,151.656,35.315
3,55.0,75.0,33.6674,-3.6825,-3.6472,43.646,-19.402,143.901,35.316
4,55.0,75.0,33.6674,-3.6823,-3.6469,88.848,10.189,84.846,35.316
1,55.0,80.0,34.1015,-4.2487,-4.2094,42.862,59.603,154.847,36.231
2,55.0,80.0,34.1014,-4.2485,-4.2091,42.862,21.108,152.182,36.231
3,55.0,80.0,34.1015,-4.2488,-4.2094,42.862,-18.657,144.529,36.232
4,55.0,80.0,34.1014,-4.2485,-4.2091,89.556,9.52,84.062,36.232
1,55.0,85.0,34.3612,-4.5906,-4.549,42.382,60.128,155.103,36.795
2,55.0,85.0,34.3611,-4.5904,-4.5487,42.382,21.603,152.491,36.795
3,55.0,85.0,34.3612,-4.5906,-4.549,42.381,-18.206,144.9,36.795
4,55.0,85.0,34.3612,-4.5904,-4.5487,89.976,9.114,83.581,36.795
1,55.0,90.0,34.4376,-4.6917,-4.6494,42.239,60.283,155.177,36.963
2,55.0,90.0,34.4375,-4.6915,-4.6492,42.239,21.749,152.582,36.963
3,55.0,90.0,34.4376,-4.6917,-4.6494,42.238,-18.073,145.009,36.963
4,55.0,90.0,34.4376,-4.6915,-4.6492,90.099,8.994,83.438,36.963
1,60.0,-90.0,-2.8376,40.1061,35.1481,57.957,24.352,90.091,69.461
2,60.0,-90.0,-2.8377,40.1063,35.1483,57.957,-7.182,84.096,69.461
3,60.0,-90.0,-2.8377,40.1061,35.1482,57.957,-37.818,73.333,69.461
4,60.0,-90.0,-2.8376,40.1062,35.1483,16.649,20.498,99.158,69.461
1,60.0,-85.0,-2.6802,39.8785,35.0024,58.078,24.304,90.419,69.153
2,60.0,-85.0,-2.6802,39.8787,35.0026,58.078,-7.263,84.417,69.153
3,60.0,-85.0,-2.6803,39.8786,35.0026,58.078,-37.94,73.641,69.153
4,60.0,-85.0,-2.6802,39.8787,35.0026,16.941,20.655,99.278,69.153
1,60.0,-80.0,-2.4083,39.4888,34.7505,58.281,24.227,90.984,68.622
2,60.0,-80.0,-2.4083,39.489,34.7507,58.281,-7.399,84.971,68.623
3,60.0,-80.0,-2.4084,39.4888,34.7506,58.281,-38.147,74.172,68.622
4,60.0,-80.0,-2.4083,39.4889,34.7507,17.446,20.921,99.481,68.623
1,60.0,-75.0,-2.022,38.9421,34.392,58.561,24.126,91.784,67.872
2,60.0,-75.0,-2.0221,38.9423,34.3921,58.561,-7.583,85.756,67.872
3,60.0,-75.0,-2.0221,38.9422,34.3921,58.561,-38.432,74.926,67.872
4,60.0,-75.0,-2.022,38.9423,34.3921,18.163,21.289,99.761,67.872
1,60.0,-70.0,-1.5222,38.2463,33.927,58.907,24.012,92.814,66.907
2,60.0,-70.0,-1.5223,38.2465,33.9272,58.907,-7.804,86.769,66.907
3,60.0,-70.0,-1.5223,38.2463,33.9272,58.907,-38.783,75.902,66.907
4,60.0,-70.0,-1.5222,38.2464,33.9272,19.092,21.749,100.107,66.907
1,60.0,-65.0,-0.9103,37.4109,33.3566,59.306,23.897,94.069,65.734
2,60.0,-65.0,-0.9103,37.4111,33.3567,59.306,-8.05,88.005,65.734
3,60.0,-65.0,-0.9104,37.4109,33.3567,59.306,-39.188,77.095,65.734
4,60.0,-65.0,-0.9103,37.411,33.3567,20.231,22.286,100.507,65.734
1,60.0,-60.0,-0.1885,36.447,32.6823,59.746,23.796,95.54,64.36
2,60.0,-60.0,-0.1885,36.4472,32.6824,59.746,-8.304,89.457,64.36
3,60.0,-60.0,-0.1885,36.4471,32.6824,59.746,-39.63,78.501,64.36
4,60.0,-60.0,-0.1884,36.4472,32.6825,21.579,22.884,100.946,64.36
1,60.0,-55.0,0.6402,35.3668,31.907,60.208,23.725,97.217,62.795
2,60.0,-55.0,0.6402,35.367,31.9071,60.208,-8.55,91.118,62.796
3,60.0,-55.0,0.6402,35.3668,31.9071,60.208,-40.091,80.116,62.795
4,60.0,-55.0,0.6403,35.367,31.9071,23.131,23.525,101.408,62.796
1,60.0,-50.0,1.572,34.1825,31.0342,60.676,23.702,99.089,61.051
2,60.0,-50.0,1.5719,34.1827,31.0343,60.676,-8.768,92.977,61.051
3,60.0,-50.0,1.5719,34.1825,31.0343,60.676,-40.55,81.931,61.051
4,60.0,-50.0,1.572,34.1827,31.0344,24.882,24.186,101.876,61.051
1,60.0,-45.0,2.602,32.9064,30.0686,61.133,23.747,101.142,59.138
2,60.0,-45.0,2.602,32.9066,30.0687,61.133,-8.938,95.023,59.138
3,60.0,-45.0,2.602,32.9065,30.0687,61.133,-40.985,83.937,59.138
4,60.0,-45.0,2.602,32.9066,30.0688,26.826,24.846,102.333,59.138
1,60.0,-40.0,3.725,31.5503,29.0155,61.56,23.878,103.36,57.07
2,60.0,-40.0,3.7249,31.5505,29.0156,61.56,-9.039,97.243,57.071
3,60.0,-40.0,3.7249,31.5504,29.0156,61.56,-41.375,86.125,57.071
4,60.0,-40.0,3.725,31.5505,29.0157,28.956,25.481,102.76,57.071
1,60.0,-35.0,4.9346,30.1254,27.8809,61.94,24.116,105.726,54.863
2,60.0,-35.0,4.9346,30.1255,27.881,61.94,-9.051,99.621,54.864
3,60.0,-35.0,4.9346,30.1254,27.881,61.94,-41.697,88.481,54.864
4,60.0,-35.0,4.9347,30.1256,27.8811,31.26,26.067,103.14,54.864
1,60.0,-30.0,6.2241,28.6418,26.6712,62.257,24.476,108.222,52.534
2,60.0,-30.0,6.224,28.6419,26.6713,62.257,-8.953,102.14,52.534
3,60.0,-30.0,6.224,28.6418,26.6712,62.257,-41.929,90.992,52.534
4,60.0,-30.0,6.2241,28.642,26.6713,33.729,26.582,103.457,52.534
1,60.0,-25.0,7.5858,27.1088,25.393,62.495,24.977,110.826,50.1
2,60.0,-25.0,7.5857,27.109,25.3932,62.495,-8.727,104.783,50.1
3,60.0,-25.0,7.5857,27.1089,25.3931,62.495,-42.05,93.641,50.1
4,60.0,-25.0,7.5858,27.1091,25.3932,36.347,27.002,103.695,50.101
1,60.0,-20.0,9.0116,25.5349,24.0533,62.64,25.631,113.517,47.586
2,60.0,-20.0,9.0116,25.5351,24.0535,62.64,-8.358,107.527,47.586
3,60.0,-20.0,9.0116,25.535,24.0534,62.64,-42.042,96.41,47.586
4,60.0,-20.0,9.0116,25.5352,24.0535,39.1,27.307,103.84,47.586
1,60.0,-15.0,10.493,23.9275,22.6588,62.679,26.451,116.272,45.016
2,60.0,-15.0,10.4929,23.9277,22.659,62.679,-7.83,110.353,45.016
3,60.0,-15.0,10.493,23.9276,22.6589,62.679,-41.888,99.28,45.016
4,60.0,-15.0,10.493,23.9278,22.659,41.969,27.479,103.879,45.016
1,60.0,-10.0,12.0208,22.2935,21.2163,62.603,27.445,119.066,42.422
2,60.0,-10.0,12.0208,22.2936,21.2164,62.603,-7.134,113.236,42.423
3,60.0,-10.0,12.0208,22.2935,21.2164,62.603,-41.574,102.23,42.422
4,60.0,-10.0,12.0208,22.2937,21.2165,44.935,27.501,103.803,42.423
1,60.0,-5.0,13.5856,20.6388,19.7324,62.4,28.617,121.877,39.842
2,60.0,-5.0,13.5855,20.639,19.7326,62.4,-6.263,116.153,39.843
3,60.0,-5.0,13.5855,20.6389,19.7325,62.4,-41.091,105.236,39.842
4,60.0,-5.0,13.5856,20.6391,19.7326,47.976,27.362,103.6,39.843
1,60.0,0.0,15.1774,18.9693,18.2138,62.065,29.967,124.678,37.321
2,60.0,0.0,15.1774,18.9695,18.2139,62.065,-5.213,119.08,37.321
3,60.0,0.0,15.1774,18.9694,18.2138,62.065,-40.431,108.275,37.321
4,60.0,0.0,15.1775,18.9696,18.214,51.07,27.051,103.265,37.321
1,60.0,5.0,16.7861,17.2903,16.667,61.592,31.492,127.445,34.912
2,60.0,5.0,16.7861,17.2905,16.6671,61.592,-3.985,121.992,34.912
3,60.0,5.0,16.7861,17.2904,16.667,61.591,-39.594,111.322,34.912
4,60.0,5.0,16.7862,17.2906,16.6672,54.193,26.564,102.791,34.913
1,60.0,10.0,18.4011,15.6073,15.0989,60.977,33.184,130.156,32.681
2,60.0,10.0,18.4011,15.6075,15.099,60.977,-2.585,124.865,32.681
3,60.0,10.0,18.4011,15.6074,15.0989,60.977,-38.582,114.353,32.681
4,60.0,10.0,18.4012,15.6076,15.0991,57.318,25.901,102.177,32.681
1,60.0,15.0,20.0116,13.926,13.5165,60.22,35.03,132.786,30.701
2,60.0,15.0,20.0115,13.9262,13.5166,60.22,-1.024,127.673,30.701
3,60.0,15.0,20.0115,13.926,13.5165,60.22,-37.401,117.341,30.701
4,60.0,15.0,20.0116,13.9263,13.5167,60.421,25.066,101.42,30.702
1,60.0,20.0,21.6062,12.2525,11.9275,59.323,37.012,135.314,29.054
2,60.0,20.0,21.6061,12.2526,11.9276,59.323,0.682,130.394,29.054
3,60.0,20.0,21.6061,12.2525,11.9275,59.323,-36.064,120.262,29.054
4,60.0,20.0,21.6062,12.2527,11.9277,63.474,24.068,100.523,29.054
1,60.0,25.0,23.1735,10.5937,10.3403,58.293,39.108,137.72,27.817
2,60.0,25.0,23.1734,10.5939,10.3405,58.293,2.515,133.006,27.818
3,60.0,25.0,23.1734,10.5937,10.3404,58.293,-34.587,123.09,27.817
4,60.0,25.0,23.1735,10.594,10.3406,66.452,22.921,99.492,27.818
1,60.0,30.0,24.7016,8.9577,8.7645,57.137,41.29,139.986,27.056
2,60.0,30.0,24.7015,8.9579,8.7646,57.137,4.448,135.488,27.056
3,60.0,30.0,24.7016,8.9578,8.7645,57.137,-32.995,125.803,27.056
4,60.0,30.0,24.7016,8.958,8.7647,69.328,21.646,98.337,27.057
1,60.0,35.0,26.1785,7.3541,7.2107,55.87,43.528,142.096,26.803
2,60.0,35.0,26.1784,7.3542,7.2109,55.87,6.453,137.821,26.803
3,60.0,35.0,26.1784,7.3541,7.2108,55.87,-31.312,128.378,26.803
4,60.0,35.0,26.1785,7.3543,7.211,72.077,20.265,97.07,26.803
1,60.0,40.0,27.5916,5.7939,5.6917,54.51,45.784,144.038,27.047
2,60.0,40.0,27.5915,5.794,5.6918,54.51,8.494,139.988,27.047
3,60.0,40.0,27.5916,5.7939,5.6917,54.51,-29.571,130.793,27.047
4,60.0,40.0,27.5916,5.7941,5.6919,74.673,18.809,95.71,27.048
1,60.0,45.0,28.9284,4.2904,4.2216,53.083,48.021,145.801,27.735
2,60.0,45.0,28.9283,4.2905,4.2218,53.083,10.535,141.975,27.735
3,60.0,45.0,28.9284,4.2904,4.2216,53.082,-27.807,133.03,27.735
4,60.0,45.0,28.9284,4.2906,4.2219,77.095,17.31,94.282,27.735
1,60.0,50.0,30.1758,2.859,2.8172,51.617,50.196,147.378,28.774
2,60.0,50.0,30.1758,2.8591,2.8174,51.617,12.533,143.77,28.774
3,60.0,50.0,30.1758,2.859,2.8172,51.617,-26.06,135.07,28.774
4,60.0,50.0,30.1758,2.8592,2.8174,79.32,15.805,92.817,28.774
1,60.0,55.0,31.321,1.5174,1.4971,50.151,52.265,148.763,30.054
2,60.0,55.0,31.3209,1.5176,1.4973,50.151,14.446,145.364,30.054
3,60.0,55.0,31.321,1.5174,1.4971,50.151,-24.371,136.9,30.054
4,60.0,55.0,31.321,1.5177,1.4974,81.33,14.334,91.351,30.054
1,60.0,60.0,32.3506,0.2858,0.2823,48.727,54.183,149.955,31.456
2,60.0,60.0,32.3506,0.286,0.2825,48.727,16.229,146.751,31.456
3,60.0,60.0,32.3506,0.2858,0.2822,48.727,-22.785,138.507,31.457
4,60.0,60.0,32.3506,0.2861,0.2825,83.106,12.94,89.927,31.457
1,60.0,65.0,33.2518,-0.814,-0.8046,47.393,55.905,150.956,32.868
2,60.0,65.0,33.2517,-0.8138,-0.8044,47.393,17.836,147.925,32.868
3,60.0,65.0,33.2518,-0.814,-0.8046,47.393,-21.345,139.882,32.868
4,60.0,65.0,33.2518,-0.8137,-0.8043,84.635,11.665,88.593,32.868
1,60.0,70.0,34.0115,-1.7585,-1.7394,46.202,57.386,151.766,34.184
2,60.0,70.0,34.0114,-1.7583,-1.7392,46.202,19.225,148.886,34.184
3,60.0,70.0,34.0115,-1.7585,-1.7394,46.202,-20.093,141.016,34.184
4,60.0,70.0,34.0115,-1.7582,-1.7391,85.903,10.55,87.402,34.184
1,60.0,75.0,34.6173,-2.524,-2.4979,45.206,58.587,152.39,35.312
2,60.0,75.0,34.6172,-2.5237,-2.4977,45.206,20.354,149.632,35.312
3,60.0,75.0,34.6173,-2.524,-2.4979,45.205,-19.071,141.902,35.312
4,60.0,75.0,34.6173,-2.5237,-2.4976,86.899,9.635,86.405,35.312
1,60.0,80.0,35.0575,-3.0874,-3.0566,44.455,59.469,152.83,36.174
2,60.0,80.0,35.0574,-3.0872,-3.0564,44.455,21.185,150.162,36.173
3,60.0,80.0,35.0575,-3.0874,-3.0567,44.455,-18.316,142.536,36.174
4,60.0,80.0,35.0575,-3.0872,-3.0564,87.615,8.956,85.655,36.174
1,60.0,85.0,35.3215,-3.4283,-3.3948,43.994,60.002,153.089,36.707
2,60.0,85.0,35.3214,-3.428,-3.3946,43.994,21.688,150.475,36.706
3,60.0,85.0,35.3215,-3.4283,-3.3948,43.994,-17.858,142.912,36.707
4,60.0,85.0,35.3215,-3.428,-3.3946,88.04,8.544,85.193,36.707
1,60.0,90.0,35.3999,-3.53,-3.4958,43.855,60.161,153.165,36.867
2,60.0,90.0,35.3998,-3.5298,-3.4956,43.855,21.839,150.567,36.867
3,60.0,90.0,35.3999,-3.5301,-3.4958,43.855,-17.721,143.024,36.868
4,60.0,90.0,35.3999,-3.5298,-3.4956,88.166,8.42,85.055,36.868
1,65.0,-90.0,-2.1505,41.2052,35.8364,57.361,24.259,88.531,70.929
2,65.0,-90.0,-2.1506,41.2054,35.8365,57.361,-7.111,82.535,70.929
3,65.0,-90.0,-2.1506,41.2053,35.8365,57.362,-37.544,71.794,70.929
4,65.0,-90.0,-2.1505,41.2054,35.8365,15.151,20.052,98.562,70.929
1,65.0,-85.0,-1.9913,40.9698,35.6911,57.491,24.211,88.864,70.615
2,65.0,-85.0,-1.9914,40.97,35.6913,57.491,-7.194,82.861,70.615
3,65.0,-85.0,-1.9914,40.9698,35.6912,57.491,-37.668,72.107,70.615
4,65.0,-85.0,-1.9913,40.97,35.6913,15.448,20.211,98.691,70.615
1,65.0,-80.0,-1.718,40.5694,35.4413,57.709,24.132,89.434,70.078
2,65.0,-80.0,-1.718,40.5696,35.4415,57.709,-7.331,83.419,70.078
3,65.0,-80.0,-1.718,40.5694,35.4415,57.709,-37.878,72.643,70.078
4,65.0,-80.0,-1.718,40.5695,35.4415,15.956,20.48,98.91,70.079
1,65.0,-75.0,-1.3307,40.0097,35.0865,58.008,24.03,90.238,69.322
2,65.0,-75.0,-1.3307,40.0099,35.0867,58.008,-7.517,84.209,69.322
3,65.0,-75.0,-1.3308,40.0097,35.0867,58.009,-38.164,73.401,69.322
4,65.0,-75.0,-1.3307,40.0099,35.0867,16.677,20.85,99.209,69.322
1,65.0,-70.0,-0.8302,39.299,34.6267,58.379,23.915,91.272,68.351
2,65.0,-70.0,-0.8302,39.2992,34.6269,58.379,-7.739,85.225,68.352
3,65.0,-70.0,-0.8303,39.299,34.6268,58.379,-38.518,74.379,68.351
4,65.0,-70.0,-0.8302,39.2992,34.6269,17.61,21.312,99.579,68.352
1,65.0,-65.0,-0.2179,38.4476,34.0625,58.808,23.799,92.529,67.173
2,65.0,-65.0,-0.218,38.4478,34.0626,58.808,-7.987,86.463,67.174
3,65.0,-65.0,-0.218,38.4476,34.0626,58.808,-38.925,75.575,67.173
4,65.0,-65.0,-0.2179,38.4478,34.0627,18.751,21.852,100.008,67.174
1,65.0,-60.0,0.5039,37.4672,33.3954,59.28,23.695,94.002,65.796
2,65.0,-60.0,0.5039,37.4674,33.3956,59.28,-8.243,87.917,65.797
3,65.0,-60.0,0.5039,37.4672,33.3955,59.28,-39.369,76.982,65.796
4,65.0,-60.0,0.504,37.4674,33.3956,20.099,22.452,100.48,65.797
1,65.0,-55.0,1.3324,36.3704,32.628,59.779,23.622,95.678,64.231
2,65.0,-55.0,1.3324,36.3706,32.6281,59.779,-8.491,89.576,64.231
3,65.0,-55.0,1.3323,36.3704,32.6281,59.78,-39.831,78.595,64.231
4,65.0,-55.0,1.3324,36.3706,32.6281,21.65,23.094,100.98,64.231
1,65.0,-50.0,2.2637,35.17,31.7636,60.289,23.597,97.547,62.487
2,65.0,-50.0,2.2637,35.1702,31.7637,60.289,-8.712,91.433,62.487
3,65.0,-50.0,2.2637,35.1701,31.7637,60.289,-40.292,80.407,62.487
4,65.0,-50.0,2.2638,35.1703,31.7638,23.398,23.758,101.489,62.487
1,65.0,-45.0,3.2933,33.8788,30.8067,60.789,23.639,99.596,60.578
2,65.0,-45.0,3.2933,33.879,30.8069,60.789,-8.885,93.474,60.578
3,65.0,-45.0,3.2933,33.8789,30.8068,60.79,-40.73,82.409,60.578
4,65.0,-45.0,3.2934,33.879,30.8069,25.337,24.419,101.99,60.578
1,65.0,-40.0,4.4159,32.5088,29.7626,61.264,23.766,101.807,58.517
2,65.0,-40.0,4.4158,32.509,29.7628,61.264,-8.989,95.687,58.517
3,65.0,-40.0,4.4158,32.5089,29.7627,61.264,-41.122,84.589,58.517
4,65.0,-40.0,4.4159,32.509,29.7628,27.458,25.056,102.464,58.517
1,65.0,-35.0,5.6252,31.0714,28.6372,61.695,23.998,104.165,56.319
2,65.0,-35.0,5.6252,31.0715,28.6374,61.695,-9.005,98.056,56.319
3,65.0,-35.0,5.6252,31.0714,28.6373,61.695,-41.447,86.936,56.319
4,65.0,-35.0,5.6252,31.0716,28.6374,29.753,25.644,102.896,56.319
1,65.0,-30.0,6.9146,29.5769,27.4369,62.066,24.352,106.651,54.001
2,65.0,-30.0,6.9145,29.5771,27.4371,62.066,-8.912,100.565,54.001
3,65.0,-30.0,6.9145,29.5769,27.437,62.067,-41.683,89.435,54.001
4,65.0,-30.0,6.9146,29.5771,27.4371,32.21,26.161,103.267,54.001
1,65.0,-25.0,8.2766,28.0348,26.1684,62.362,24.845,109.243,51.582
2,65.0,-25.0,8.2765,28.035,26.1685,62.362,-8.693,103.195,51.582
3,65.0,-25.0,8.2765,28.0348,26.1685,62.362,-41.809,92.071,51.582
4,65.0,-25.0,8.2766,28.035,26.1686,34.815,26.585,103.562,51.582
1,65.0,-20.0,9.7031,26.4535,24.8384,62.567,25.491,111.922,49.083
2,65.0,-20.0,9.7031,26.4536,24.8386,62.567,-8.33,105.926,49.084
3,65.0,-20.0,9.7031,26.4535,24.8385,62.567,-41.806,94.827,49.084
4,65.0,-20.0,9.7031,26.4537,24.8387,37.553,26.894,103.768,49.084
1,65.0,-15.0,11.1857,24.8405,23.454,62.671,26.302,114.663,46.531
2,65.0,-15.0,11.1857,24.8407,23.4541,62.671,-7.811,108.737,46.532
3,65.0,-15.0,11.1857,24.8405,23.4541,62.671,-41.658,97.681,46.532
4,65.0,-15.0,11.1858,24.8408,23.4542,40.406,27.07,103.871,46.532
1,65.0,-10.0,12.7154,23.2026,22.0218,62.66,27.285,117.443,43.956
2,65.0,-10.0,12.7154,23.2027,22.0219,62.66,-7.124,111.605,43.956
3,65.0,-10.0,12.7154,23.2026,22.0218,62.66,-41.351,100.614,43.956
4,65.0,-10.0,12.7155,23.2028,22.022,43.355,27.097,103.86,43.956
1,65.0,-5.0,14.2828,21.5458,20.5485,62.527,28.445,120.239,41.392
2,65.0,-5.0,14.2827,21.5459,20.5487,62.527,-6.262,114.507,41.393
3,65.0,-5.0,14.2827,21.5458,20.5486,62.527,-40.875,103.604,41.393
4,65.0,-5.0,14.2828,21.5461,20.5488,46.379,26.962,103.727,41.393
1,65.0,0.0,15.8779,19.8758,19.0409,62.264,29.784,123.025,38.884
2,65.0,0.0,15.8779,19.876,19.041,62.264,-5.222,117.418,38.884
3,65.0,0.0,15.8779,19.8758,19.0409,62.264,-40.223,106.625,38.884
4,65.0,0.0,15.878,19.8761,19.0411,49.455,26.657,103.464,38.885
1,65.0,5.0,17.4907,18.198,17.5055,61.865,31.298,125.778,36.481
2,65.0,5.0,17.4907,18.1981,17.5056,61.865,-4.004,120.314,36.482
3,65.0,5.0,17.4907,18.198,17.5055,61.865,-39.394,109.656,36.481
4,65.0,5.0,17.4908,18.1982,17.5057,52.56,26.177,103.065,36.482
1,65.0,10.0,19.1107,16.5176,15.9491,61.327,32.978,128.474,34.245
2,65.0,10.0,19.1106,16.5178,15.9492,61.327,-2.614,123.171,34.245
3,65.0,10.0,19.1106,16.5176,15.9491,61.327,-38.389,112.67,34.245
4,65.0,10.0,19.1107,16.5179,15.9493,55.668,25.519,102.527,34.245
1,65.0,15.0,20.7268,14.8403,14.3788,60.649,34.814,131.091,32.242
2,65.0,15.0,20.7268,14.8404,14.3789,60.649,-1.063,125.965,32.242
3,65.0,15.0,20.7268,14.8403,14.3788,60.649,-37.216,115.642,32.242
4,65.0,15.0,20.7269,14.8406,14.379,58.754,24.69,101.849,32.242
1,65.0,20.0,22.328,13.172,12.8022,59.834,36.786,133.606,30.547
2,65.0,20.0,22.328,13.1722,12.8023,59.834,0.636,128.673,30.547
3,65.0,20.0,22.328,13.172,12.8022,59.834,-35.885,118.549,30.547
4,65.0,20.0,22.328,13.1723,12.8024,61.793,23.697,101.034,30.548
1,65.0,25.0,23.9027,11.5196,11.2276,58.886,38.874,136.001,29.234
2,65.0,25.0,23.9026,11.5197,11.2278,58.886,2.462,131.272,29.234
3,65.0,25.0,23.9027,11.5196,11.2277,58.885,-34.414,121.364,29.234
4,65.0,25.0,23.9027,11.5198,11.2279,64.757,22.554,100.085,29.234
1,65.0,30.0,25.4389,9.8908,9.6645,57.813,41.05,138.257,28.362
2,65.0,30.0,25.4388,9.891,9.6646,57.813,4.39,133.744,28.362
3,65.0,30.0,25.4389,9.8909,9.6645,57.813,-32.825,124.066,28.362
4,65.0,30.0,25.4389,9.8911,9.6647,67.621,21.281,99.013,28.363
1,65.0,35.0,26.9244,8.2951,8.1235,56.63,43.283,140.359,27.968
2,65.0,35.0,26.9244,8.2953,8.1236,56.63,6.391,136.068,27.968
3,65.0,35.0,26.9244,8.2951,8.1235,56.629,-31.144,126.632,27.968
4,65.0,35.0,26.9244,8.2954,8.1237,70.36,19.901,97.829,27.969
1,65.0,40.0,28.3468,6.7433,6.6169,55.353,45.539,142.294,28.05
2,65.0,40.0,28.3467,6.7434,6.617,55.353,8.432,138.228,28.05
3,65.0,40.0,28.3468,6.7433,6.6169,55.352,-29.402,129.04,28.05
4,65.0,40.0,28.3468,6.7435,6.6171,72.95,18.443,96.552,28.051
1,65.0,45.0,29.6931,5.2483,5.1589,54.006,47.777,144.052,28.565
2,65.0,45.0,29.693,5.2485,5.1591,54.006,10.475,140.21,28.565
3,65.0,45.0,29.6931,5.2483,5.1589,54.005,-27.636,131.271,28.565
4,65.0,45.0,29.6931,5.2486,5.1592,75.367,16.941,95.205,28.565
1,65.0,50.0,30.9503,3.8254,3.7659,52.618,49.957,145.625,29.434
2,65.0,50.0,30.9502,3.8256,3.7661,52.618,12.478,142.002,29.434
3,65.0,50.0,30.9503,3.8254,3.7659,52.618,-25.884,133.31,29.434
4,65.0,50.0,30.9503,3.8257,3.7662,77.591,15.431,93.818,29.434
1,65.0,55.0,32.1051,2.4919,2.4564,51.225,52.033,147.008,30.556
2,65.0,55.0,32.105,2.4921,2.4566,51.225,14.398,143.595,30.556
3,65.0,55.0,32.1051,2.4919,2.4564,51.225,-24.188,135.139,30.557
4,65.0,55.0,32.1051,2.4922,2.4567,79.601,13.953,92.425,30.557
1,65.0,60.0,33.1442,1.2677,1.251,49.868,53.959,148.2,31.821
2,65.0,60.0,33.1441,1.2679,1.2512,49.868,16.19,144.982,31.821
3,65.0,60.0,33.1442,1.2677,1.251,49.868,-22.593,136.748,31.821
4,65.0,60.0,33.1442,1.268,1.2513,81.38,12.55,91.068,31.821
1,65.0,65.0,34.0542,0.1745,0.1723,48.595,55.691,149.201,33.117
2,65.0,65.0,34.0541,0.1747,0.1725,48.595,17.807,146.158,33.117
3,65.0,65.0,34.0542,0.1744,0.1723,48.594,-21.142,138.126,33.117
4,65.0,65.0,34.0542,0.1747,0.1726,82.913,11.265,89.794,33.117
1,65.0,70.0,34.8219,-0.7647,-0.7559,47.454,57.184,150.013,34.34
2,65.0,70.0,34.8218,-0.7645,-0.7557,47.454,19.207,147.121,34.34
3,65.0,70.0,34.8219,-0.7647,-0.7559,47.454,-19.881,139.264,34.34
4,65.0,70.0,34.8219,-0.7644,-0.7556,84.186,10.14,88.654,34.34
1,65.0,75.0,35.4346,-1.5262,-1.5094,46.499,58.395,150.638,35.398
2,65.0,75.0,35.4345,-1.526,-1.5092,46.499,20.346,147.87,35.398
3,65.0,75.0,35.4346,-1.5262,-1.5094,46.499,-18.849,140.155,35.398
4,65.0,75.0,35.4346,-1.5259,-1.5091,85.188,9.216,87.698,35.398
1,65.0,80.0,35.8803,-2.0871,-2.0649,45.778,59.287,151.081,36.211
2,65.0,80.0,35.8801,-2.0869,-2.0647,45.778,21.187,148.403,36.211
3,65.0,80.0,35.8802,-2.0871,-2.065,45.777,-18.085,140.793,36.211
4,65.0,80.0,35.8802,-2.0868,-2.0647,85.909,8.529,86.977,36.211
1,65.0,85.0,36.1479,-2.4269,-2.4017,45.334,59.826,151.341,36.716
2,65.0,85.0,36.1477,-2.4267,-2.4014,45.334,21.696,148.719,36.716
3,65.0,85.0,36.1478,-2.4269,-2.4017,45.333,-17.621,141.172,36.717
4,65.0,85.0,36.1479,-2.4267,-2.4014,86.338,8.111,86.533,36.717
1,65.0,90.0,36.228,-2.5291,-2.503,45.199,59.989,151.418,36.87
2,65.0,90.0,36.2279,-2.5289,-2.5027,45.199,21.849,148.812,36.87
3,65.0,90.0,36.228,-2.5291,-2.503,45.199,-17.481,141.285,36.871
4,65.0,90.0,36.228,-2.5289,-2.5027,86.466,7.985,86.398,36.871
1,70.0,-90.0,-1.5722,42.1573,36.4115,56.826,24.152,87.205,72.179
2,70.0,-90.0,-1.5723,42.1576,36.4116,56.826,-7.079,81.205,72.18
3,70.0,-90.0,-1.5723,42.1574,36.4116,56.826,-37.338,70.48,72.18
4,70.0,-90.0,-1.5722,42.1575,36.4117,13.869,19.699,98.027,72.18
1,70.0,-85.0,-1.4115,41.9145,36.2667,56.964,24.103,87.543,71.86
2,70.0,-85.0,-1.4116,41.9147,36.2669,56.964,-7.163,81.536,71.86
3,70.0,-85.0,-1.4116,41.9146,36.2668,56.964,-37.464,70.797,71.86
4,70.0,-85.0,-1.4115,41.9147,36.2669,14.169,19.86,98.165,71.861
1,70.0,-80.0,-1.1371,41.5039,36.0189,57.195,24.024,88.118,71.317
2,70.0,-80.0,-1.1371,41.5041,36.0191,57.195,-7.302,82.099,71.318
3,70.0,-80.0,-1.1372,41.504,36.019,57.195,-37.676,71.338,71.317
4,70.0,-80.0,-1.137,41.5041,36.0191,14.683,20.131,98.396,71.318
1,70.0,-75.0,-0.7491,40.9317,35.6675,57.512,23.921,88.927,70.554
2,70.0,-75.0,-0.7491,40.9319,35.6677,57.512,-7.488,82.894,70.555
3,70.0,-75.0,-0.7492,40.9317,35.6676,57.512,-37.965,72.101,70.555
4,70.0,-75.0,-0.7491,40.9319,35.6677,15.408,20.505,98.712,70.555
1,70.0,-70.0,-0.2483,40.2067,35.2122,57.904,23.805,89.966,69.577
2,70.0,-70.0,-0.2483,40.2069,35.2124,57.904,-7.713,83.914,69.578
3,70.0,-70.0,-0.2483,40.2068,35.2123,57.904,-38.32,73.084,69.578
4,70.0,-70.0,-0.2482,40.2069,35.2124,16.344,20.969,99.104,69.578
1,70.0,-65.0,0.364,39.3399,34.6534,58.358,23.687,91.227,68.394
2,70.0,-65.0,0.3639,39.3401,34.6536,58.358,-7.962,85.156,68.394
3,70.0,-65.0,0.3639,39.3399,34.6536,58.358,-38.729,74.282,68.394
4,70.0,-65.0,0.364,39.3401,34.6536,17.489,21.511,99.558,68.394
1,70.0,-60.0,1.0855,38.3435,33.9926,58.859,23.582,92.702,67.012
2,70.0,-60.0,1.0854,38.3437,33.9927,58.859,-8.22,86.612,67.012
3,70.0,-60.0,1.0854,38.3435,33.9927,58.859,-39.175,75.692,67.012
4,70.0,-60.0,1.0855,38.3437,33.9927,18.839,22.114,100.059,67.012
1,70.0,-55.0,1.9134,37.2307,33.2318,59.39,23.507,94.38,65.443
2,70.0,-55.0,1.9133,37.2308,33.2319,59.39,-8.47,88.273,65.443
3,70.0,-55.0,1.9133,37.2307,33.2319,59.39,-39.64,77.306,65.443
4,70.0,-55.0,1.9134,37.2309,33.232,20.391,22.758,100.591,65.443
1,70.0,-50.0,2.8439,36.0147,32.3744,59.935,23.48,96.249,63.698
2,70.0,-50.0,2.8439,36.0149,32.3746,59.935,-8.693,90.129,63.698
3,70.0,-50.0,2.8439,36.0147,32.3745,59.935,-40.103,79.117,63.698
4,70.0,-50.0,2.844,36.0149,32.3746,22.138,23.424,101.135,63.698
1,70.0,-45.0,3.8727,34.7086,31.4248,60.473,23.518,98.296,61.789
2,70.0,-45.0,3.8726,34.7088,31.4249,60.473,-8.868,92.169,61.79
3,70.0,-45.0,3.8726,34.7087,31.4249,60.473,-40.543,81.116,61.789
4,70.0,-45.0,3.8727,34.7089,31.425,24.074,24.087,101.674,61.79
1,70.0,-40.0,4.9943,33.3249,30.388,60.989,23.642,100.504,59.731
2,70.0,-40.0,4.9943,33.325,30.3882,60.989,-8.976,94.378,59.731
3,70.0,-40.0,4.9943,33.3249,30.3881,60.989,-40.938,83.292,59.731
4,70.0,-40.0,4.9944,33.3251,30.3882,26.191,24.726,102.189,59.732
1,70.0,-35.0,6.2029,31.875,29.2701,61.463,23.87,102.857,57.538
2,70.0,-35.0,6.2028,31.8752,29.2702,61.463,-8.996,96.741,57.538
3,70.0,-35.0,6.2028,31.875,29.2701,61.463,-41.266,85.633,57.538
4,70.0,-35.0,6.2029,31.8752,29.2703,28.48,25.317,102.663,57.539
1,70.0,-30.0,7.4916,30.3695,28.0772,61.88,24.219,105.336,55.227
2,70.0,-30.0,7.4916,30.3697,28.0774,61.88,-8.908,99.243,55.228
3,70.0,-30.0,7.4916,30.3695,28.0773,61.88,-41.506,88.125,55.228
4,70.0,-30.0,7.4917,30.3698,28.0774,30.929,25.837,103.08,55.228
1,70.0,-25.0,8.8532,28.8179,26.8162,62.223,24.705,107.921,52.818
2,70.0,-25.0,8.8532,28.8181,26.8164,62.223,-8.694,101.865,52.818
3,70.0,-25.0,8.8532,28.818,26.8163,62.223,-41.636,90.752,52.818
4,70.0,-25.0,8.8533,28.8182,26.8164,33.524,26.264,103.423,52.818
1,70.0,-20.0,10.2798,27.2287,25.494,62.479,25.344,110.59,50.33
2,70.0,-20.0,10.2798,27.2289,25.4941,62.479,-8.338,104.587,50.331
3,70.0,-20.0,10.2798,27.2287,25.494,62.479,-41.638,93.497,50.33
4,70.0,-20.0,10.2799,27.229,25.4942,36.251,26.577,103.679,50.331
1,70.0,-15.0,11.7629,25.6094,24.1173,62.635,26.146,113.322,47.79
2,70.0,-15.0,11.7629,25.6096,24.1175,62.635,-7.825,107.387,47.791
3,70.0,-15.0,11.7629,25.6095,24.1174,62.635,-41.496,96.341,47.79
4,70.0,-15.0,11.7629,25.6097,24.1176,39.092,26.757,103.835,47.791
1,70.0,-10.0,13.2936,23.9667,22.6931,62.68,27.12,116.092,45.227
2,70.0,-10.0,13.2935,23.9669,22.6933,62.68,-7.146,110.244,45.227
3,70.0,-10.0,13.2936,23.9668,22.6932,62.68,-41.195,99.262,45.227
4,70.0,-10.0,13.2936,23.967,22.6934,42.029,26.789,103.88,45.228
1,70.0,-5.0,14.8625,22.3068,21.2282,62.604,28.271,118.876,42.675
2,70.0,-5.0,14.8625,22.307,21.2283,62.604,-6.293,113.134,42.676
3,70.0,-5.0,14.8625,22.3068,21.2282,62.604,-40.726,102.238,42.675
4,70.0,-5.0,14.8626,22.3071,21.2284,45.039,26.66,103.804,42.676
1,70.0,0.0,16.4599,20.6351,19.7291,62.4,29.6,121.652,40.176
2,70.0,0.0,16.4599,20.6353,19.7292,62.4,-5.261,116.033,40.176
3,70.0,0.0,16.4599,20.6352,19.7291,62.4,-40.082,105.247,40.176
4,70.0,0.0,16.46,20.6354,19.7293,48.101,26.361,103.6,40.176
1,70.0,5.0,18.0757,18.957,18.2025,62.062,31.104,124.394,37.777
2,70.0,5.0,18.0756,18.9572,18.2027,62.062,-4.053,118.917,37.777
3,70.0,5.0,18.0757,18.9571,18.2026,62.062,-39.26,108.264,37.777
4,70.0,5.0,18.0757,18.9573,18.2028,51.192,25.885,103.262,37.777
1,70.0,10.0,19.6993,17.2778,16.6554,61.587,32.774,127.079,35.535
2,70.0,10.0,19.6992,17.278,16.6555,61.588,-2.672,121.762,35.535
3,70.0,10.0,19.6992,17.2778,16.6554,61.587,-38.262,111.265,35.535
4,70.0,10.0,19.6993,17.2781,16.6556,54.287,25.234,102.787,35.535
1,70.0,15.0,21.3198,15.6028,15.0946,60.975,34.6,129.685,33.514
2,70.0,15.0,21.3198,15.603,15.0948,60.975,-1.129,124.544,33.514
3,70.0,15.0,21.3198,15.6029,15.0947,60.975,-37.096,114.225,33.514
4,70.0,15.0,21.3199,15.6031,15.0949,57.36,24.41,102.175,33.515
1,70.0,20.0,22.9262,13.9381,13.5279,60.226,36.563,132.19,31.784
2,70.0,20.0,22.9261,13.9382,13.528,60.226,0.562,127.241,31.784
3,70.0,20.0,22.9261,13.9381,13.5279,60.226,-35.771,117.12,31.784
4,70.0,20.0,22.9262,13.9384,13.5281,60.386,23.422,101.426,31.785
1,70.0,25.0,24.5066,12.2901,11.9634,59.345,38.643,134.576,30.413
2,70.0,25.0,24.5066,12.2903,11.9636,59.345,2.381,129.831,30.413
3,70.0,25.0,24.5066,12.2902,11.9634,59.345,-34.305,119.925,30.413
4,70.0,25.0,24.5067,12.2904,11.9637,63.339,22.283,100.545,30.414
1,70.0,30.0,26.0493,10.6668,10.4105,58.341,40.813,136.824,29.459
2,70.0,30.0,26.0493,10.667,10.4107,58.341,4.305,132.293,29.46
3,70.0,30.0,26.0493,10.6668,10.4105,58.341,-32.72,122.617,29.46
4,70.0,30.0,26.0494,10.6671,10.4108,66.193,21.013,99.541,29.46
1,70.0,35.0,27.542,9.0771,8.8798,57.226,43.042,138.918,28.96
2,70.0,35.0,27.5419,9.0773,8.8799,57.226,6.303,134.61,28.96
3,70.0,35.0,27.5419,9.0771,8.8798,57.226,-31.042,125.174,28.96
4,70.0,35.0,27.542,9.0774,8.8801,68.924,19.634,98.426,28.96
1,70.0,40.0,28.9719,7.5318,7.3834,56.017,45.296,140.847,28.918
2,70.0,40.0,28.9718,7.532,7.3836,56.017,8.342,136.763,28.918
3,70.0,40.0,28.9719,7.5318,7.3834,56.017,-29.301,127.576,28.918
4,70.0,40.0,28.9719,7.5321,7.3837,71.507,18.176,97.217,28.918
1,70.0,45.0,30.3261,6.0437,5.9354,54.736,47.534,142.6,29.298
2,70.0,45.0,30.326,6.0439,5.9355,54.737,10.385,138.74,29.299
3,70.0,45.0,30.3261,6.0437,5.9354,54.736,-27.533,129.803,29.299
4,70.0,45.0,30.3261,6.044,5.9356,73.92,16.672,95.936,29.299
1,70.0,50.0,31.5915,4.6276,4.5518,53.413,49.716,144.169,30.034
2,70.0,50.0,31.5914,4.6278,4.552,53.413,12.391,140.529,30.034
3,70.0,50.0,31.5914,4.6276,4.5518,53.413,-25.778,131.838,30.034
4,70.0,50.0,31.5915,4.6279,4.5521,76.141,15.159,94.613,30.034
1,70.0,55.0,32.7544,3.3008,3.2512,52.08,51.797,145.55,31.031
2,70.0,55.0,32.7543,3.301,3.2513,52.081,14.316,142.12,31.031
3,70.0,55.0,32.7544,3.3007,3.2511,52.08,-24.077,133.666,31.031
4,70.0,55.0,32.7544,3.3011,3.2514,78.15,13.676,93.28,31.031
1,70.0,60.0,33.8014,2.0827,2.0537,50.78,53.73,146.74,32.183
2,70.0,60.0,33.8013,2.0829,2.0539,50.78,16.114,143.506,32.183
3,70.0,60.0,33.8014,2.0827,2.0537,50.779,-22.475,135.275,32.183
4,70.0,60.0,33.8014,2.083,2.054,79.93,12.267,91.979,32.183
1,70.0,65.0,34.7189,0.9948,0.982,49.556,55.469,147.741,33.383
2,70.0,65.0,34.7188,0.9951,0.9822,49.556,17.739,144.682,33.383
3,70.0,65.0,34.7189,0.9948,0.9819,49.555,-21.018,136.654,33.384
4,70.0,65.0,34.7189,0.9951,0.9822,81.465,10.974,90.755,33.384
1,70.0,70.0,35.4934,0.0602,0.0594,48.458,56.97,148.553,34.529
2,70.0,70.0,35.4933,0.0604,0.0596,48.458,19.147,145.647,34.529
3,70.0,70.0,35.4934,0.0601,0.0594,48.458,-19.748,137.794,34.53
4,70.0,70.0,35.4935,0.0605,0.0597,82.741,9.842,89.658,34.53
1,70.0,75.0,36.112,-0.6979,-0.6898,47.537,58.189,149.179,35.528
2,70.0,75.0,36.1119,-0.6977,-0.6895,47.537,20.294,146.397,35.528
3,70.0,75.0,36.112,-0.6979,-0.6898,47.537,-18.709,138.687,35.528
4,70.0,75.0,36.112,-0.6976,-0.6895,83.746,8.91,88.736,35.529
1,70.0,80.0,36.5622,-1.2565,-1.2425,46.84,59.088,149.622,36.3
2,70.0,80.0,36.5621,-1.2563,-1.2422,46.84,21.141,146.932,36.3
3,70.0,80.0,36.5622,-1.2566,-1.2425,46.84,-17.938,139.328,36.301
4,70.0,80.0,36.5622,-1.2563,-1.2422,84.47,8.218,88.04,36.301
1,70.0,85.0,36.8329,-1.5953,-1.5778,46.411,59.632,149.883,36.782
2,70.0,85.0,36.8328,-1.5951,-1.5776,46.411,21.655,147.249,36.782
3,70.0,85.0,36.8329,-1.5954,-1.5779,46.41,-17.47,139.709,36.783
4,70.0,85.0,36.8329,-1.5951,-1.5776,84.902,7.795,87.61,36.783
1,70.0,90.0,36.9144,-1.6978,-1.6793,46.28,59.797,149.961,36.93
2,70.0,90.0,36.9143,-1.6975,-1.679,46.28,21.811,147.343,36.93
3,70.0,90.0,36.9144,-1.6978,-1.6793,46.279,-17.328,139.823,36.93
4,70.0,90.0,36.9144,-1.6975,-1.679,85.031,7.667,87.479,36.931
1,75.0,-90.0,-1.1044,42.9473,36.8732,56.37,24.046,86.123,73.203
2,75.0,-90.0,-1.1045,42.9475,36.8734,56.37,-7.071,80.118,73.203
3,75.0,-90.0,-1.1045,42.9473,36.8734,56.37,-37.188,69.403,73.203
4,75.0,-90.0,-1.1044,42.9475,36.8734,12.816,19.428,97.57,73.203
1,75.0,-85.0,-0.9426,42.6978,36.7289,56.515,23.997,86.465,72.878
2,75.0,-85.0,-0.9427,42.698,36.7291,56.515,-7.156,80.453,72.879
3,75.0,-85.0,-0.9427,42.6978,36.729,56.515,-37.316,69.725,72.878
4,75.0,-85.0,-0.9426,42.698,36.7291,13.12,19.592,97.716,72.879
1,75.0,-80.0,-0.6675,42.2778,36.4828,56.757,23.917,87.046,72.329
2,75.0,-80.0,-0.6676,42.2781,36.483,56.757,-7.296,81.022,72.33
3,75.0,-80.0,-0.6676,42.2779,36.4829,56.757,-37.53,70.27,72.33
4,75.0,-80.0,-0.6675,42.2781,36.483,13.638,19.865,97.958,72.33
1,75.0,-75.0,-0.2792,41.6942,36.1342,57.089,23.813,87.86,71.56
2,75.0,-75.0,-0.2792,41.6944,36.1344,57.089,-7.484,81.821,71.56
3,75.0,-75.0,-0.2793,41.6942,36.1343,57.089,-37.82,71.038,71.56
4,75.0,-75.0,-0.2791,41.6944,36.1344,14.369,20.241,98.289,71.56
1,75.0,-70.0,0.2216,40.9561,35.6826,57.499,23.696,88.904,70.576
2,75.0,-70.0,0.2215,40.9563,35.6828,57.499,-7.71,82.847,70.576
3,75.0,-70.0,0.2215,40.9561,35.6827,57.499,-38.178,72.026,70.576
4,75.0,-70.0,0.2216,40.9563,35.6828,15.31,20.708,98.699,70.577
1,75.0,-65.0,0.8334,40.075,35.1283,57.974,23.577,90.17,69.386
2,75.0,-65.0,0.8333,40.0752,35.1284,57.974,-7.96,84.094,69.386
3,75.0,-65.0,0.8333,40.075,35.1284,57.974,-38.589,73.229,69.386
4,75.0,-65.0,0.8334,40.0752,35.1285,16.459,21.253,99.174,69.386
1,75.0,-60.0,1.5542,39.0638,34.4723,58.499,23.472,91.649,67.998
2,75.0,-60.0,1.5541,39.064,34.4724,58.499,-8.22,85.554,67.998
3,75.0,-60.0,1.5541,39.0638,34.4724,58.499,-39.037,74.643,67.998
4,75.0,-60.0,1.5542,39.064,34.4725,17.812,21.858,99.699,67.999
1,75.0,-55.0,2.3811,37.936,33.7167,59.057,23.395,93.33,66.424
2,75.0,-55.0,2.381,37.9362,33.7169,59.057,-8.471,87.218,66.425
3,75.0,-55.0,2.381,37.9361,33.7168,59.057,-39.504,76.26,66.424
4,75.0,-55.0,2.3811,37.9363,33.7169,19.366,22.505,100.257,66.425
1,75.0,-50.0,3.3104,36.7055,32.8648,59.63,23.366,95.202,64.676
2,75.0,-50.0,3.3104,36.7057,32.8649,59.63,-8.696,89.076,64.676
3,75.0,-50.0,3.3103,36.7055,32.8649,59.63,-39.969,78.072,64.676
4,75.0,-50.0,3.3105,36.7057,32.865,21.114,23.172,100.83,64.676
1,75.0,-45.0,4.3378,35.3855,31.9206,60.2,23.403,97.249,62.765
2,75.0,-45.0,4.3378,35.3857,31.9207,60.2,-8.874,91.115,62.766
3,75.0,-45.0,4.3378,35.3856,31.9207,60.2,-40.411,80.071,62.766
4,75.0,-45.0,4.3379,35.3858,31.9208,23.05,23.838,101.4,62.766
1,75.0,-40.0,5.4581,33.9888,30.8893,60.749,23.523,99.456,60.707
2,75.0,-40.0,5.458,33.989,30.8894,60.749,-8.984,93.323,60.707
3,75.0,-40.0,5.458,33.9888,30.8894,60.749,-40.809,82.246,60.707
4,75.0,-40.0,5.4581,33.989,30.8895,25.166,24.479,101.949,60.708
1,75.0,-35.0,6.6653,32.527,29.7767,61.258,23.747,101.807,58.516
2,75.0,-35.0,6.6652,32.5272,29.7768,61.258,-9.007,95.685,58.516
3,75.0,-35.0,6.6652,32.527,29.7768,61.258,-41.14,84.584,58.516
4,75.0,-35.0,6.6653,32.5273,29.7769,27.452,25.073,102.458,58.516
1,75.0,-30.0,7.9528,31.0108,28.5892,61.712,24.092,104.283,56.208
2,75.0,-30.0,7.9528,31.011,28.5894,61.712,-8.923,98.183,56.209
3,75.0,-30.0,7.9527,31.0109,28.5893,61.712,-41.383,87.072,56.208
4,75.0,-30.0,7.9528,31.0111,28.5894,29.896,25.596,102.912,56.209
1,75.0,-25.0,9.3134,29.4499,27.3336,62.094,24.574,106.864,53.803
2,75.0,-25.0,9.3133,29.4501,27.3337,62.094,-8.714,100.8,53.804
3,75.0,-25.0,9.3133,29.4499,27.3336,62.094,-41.517,89.694,53.803
4,75.0,-25.0,9.3134,29.4502,27.3338,32.486,26.026,103.294,53.804
1,75.0,-20.0,10.7392,27.8527,26.0167,62.391,25.207,109.529,51.322
2,75.0,-20.0,10.7392,27.8528,26.0168,62.391,-8.363,103.517,51.323
3,75.0,-20.0,10.7392,27.8527,26.0167,62.391,-41.523,92.433,51.322
4,75.0,-20.0,10.7393,27.853,26.0169,35.207,26.342,103.591,51.323
1,75.0,-15.0,12.2219,26.2267,24.6455,62.589,26.003,112.254,48.789
2,75.0,-15.0,12.2219,26.2269,24.6456,62.589,-7.857,106.311,48.79
3,75.0,-15.0,12.2219,26.2268,24.6455,62.589,-41.386,95.269,48.79
4,75.0,-15.0,12.222,26.227,24.6457,38.04,26.527,103.789,48.79
1,75.0,-10.0,13.7527,24.5788,23.2269,62.677,26.97,115.018,46.234
2,75.0,-10.0,13.7526,24.579,23.227,62.677,-7.184,109.16,46.234
3,75.0,-10.0,13.7526,24.5788,23.2269,62.677,-41.091,98.183,46.234
4,75.0,-10.0,13.7527,24.5791,23.2271,40.968,26.563,103.877,46.234
1,75.0,-5.0,15.3221,22.9149,21.7676,62.646,28.113,117.796,43.688
2,75.0,-5.0,15.3221,22.915,21.7678,62.646,-6.337,112.043,43.689
3,75.0,-5.0,15.3221,22.9149,21.7677,62.646,-40.628,101.151,43.689
4,75.0,-5.0,15.3222,22.9152,21.7679,43.97,26.439,103.846,43.689
1,75.0,0.0,16.9206,21.2405,20.2745,62.489,29.434,120.564,41.194
2,75.0,0.0,16.9205,21.2407,20.2747,62.489,-5.313,114.934,41.194
3,75.0,0.0,16.9206,21.2405,20.2746,62.489,-39.99,104.151,41.194
4,75.0,0.0,16.9206,21.2408,20.2748,47.023,26.145,103.689,41.194
1,75.0,5.0,18.538,19.5609,18.7543,62.199,30.929,123.299,38.796
2,75.0,5.0,18.538,19.5611,18.7544,62.199,-4.112,117.81,38.796
3,75.0,5.0,18.538,19.561,18.7543,62.199,-39.174,107.159,38.796
4,75.0,5.0,18.5381,19.5613,18.7545,50.104,25.675,103.399,38.796
1,75.0,10.0,20.1639,17.8814,17.2136,61.774,32.591,125.977,36.549
2,75.0,10.0,20.1638,17.8816,17.2138,61.774,-2.738,120.647,36.549
3,75.0,10.0,20.1639,17.8815,17.2137,61.774,-38.183,110.151,36.549
4,75.0,10.0,20.1639,17.8817,17.2139,53.189,25.029,102.974,36.549
1,75.0,15.0,21.7874,16.2073,15.6598,61.212,34.409,128.576,34.514
2,75.0,15.0,21.7873,16.2074,15.6599,61.212,-1.202,123.422,34.514
3,75.0,15.0,21.7873,16.2073,15.6598,61.212,-37.022,113.103,34.514
4,75.0,15.0,21.7874,16.2076,15.66,56.253,24.21,102.412,34.515
1,75.0,20.0,23.3972,14.5443,14.1001,60.515,36.365,131.075,32.757
2,75.0,20.0,23.3972,14.5445,14.1003,60.515,0.482,126.111,32.758
3,75.0,20.0,23.3972,14.5444,14.1002,60.515,-35.703,115.989,32.757
4,75.0,20.0,23.3973,14.5447,14.1004,59.27,23.226,101.715,32.758
1,75.0,25.0,24.9819,12.8992,12.5431,59.687,38.439,133.454,31.344
2,75.0,25.0,24.9818,12.8994,12.5432,59.687,2.295,128.694,31.344
3,75.0,25.0,24.9818,12.8992,12.5431,59.687,-34.242,118.786,31.344
4,75.0,25.0,24.9819,12.8995,12.5434,62.215,22.091,100.887,31.345
1,75.0,30.0,26.5293,11.2794,10.9978,58.736,40.604,135.696,30.33
2,75.0,30.0,26.5292,11.2796,10.998,58.736,4.214,131.15,30.331
3,75.0,30.0,26.5293,11.2794,10.9978,58.736,-32.661,121.471,30.33
4,75.0,30.0,26.5294,11.2797,10.9981,65.062,20.824,99.936,30.331
1,75.0,35.0,28.0272,9.6939,9.4748,57.674,42.829,137.785,29.753
2,75.0,35.0,28.0272,9.6941,9.475,57.674,6.209,133.46,29.754
3,75.0,35.0,28.0272,9.6939,9.4748,57.674,-30.985,124.023,29.754
4,75.0,35.0,28.0273,9.6942,9.4751,67.786,19.447,98.874,29.754
1,75.0,40.0,29.4629,8.1533,7.9861,56.518,45.08,139.709,29.62
2,75.0,40.0,29.4628,8.1535,7.9863,56.518,8.246,135.609,29.62
3,75.0,40.0,29.4629,8.1533,7.9861,56.518,-29.245,126.419,29.62
4,75.0,40.0,29.4629,8.1536,7.9864,70.364,17.99,97.718,29.621
1,75.0,45.0,30.8232,6.6702,6.5457,55.289,47.318,141.458,29.901
2,75.0,45.0,30.8232,6.6704,6.5459,55.289,10.289,137.582,29.902
3,75.0,45.0,30.8232,6.6702,6.5457,55.289,-27.477,128.642,29.902
4,75.0,45.0,30.8233,6.6705,6.546,72.773,16.485,96.489,29.902
1,75.0,50.0,32.0949,5.2592,5.1696,54.016,49.501,143.024,30.536
2,75.0,50.0,32.0948,5.2594,5.1697,54.016,12.296,139.367,30.536
3,75.0,50.0,32.0949,5.2592,5.1695,54.016,-25.72,130.674,30.536
4,75.0,50.0,32.0949,5.2595,5.1699,74.991,14.97,95.216,30.537
1,75.0,55.0,33.2643,3.9374,3.8758,52.731,51.584,144.402,31.437
2,75.0,55.0,33.2642,3.9376,3.876,52.731,14.224,140.956,31.437
3,75.0,55.0,33.2643,3.9374,3.8758,52.731,-24.016,132.5,31.437
4,75.0,55.0,33.2643,3.9377,3.8761,76.998,13.483,93.931,31.438
1,75.0,60.0,34.3176,2.7241,2.6847,51.474,53.521,145.591,32.503
2,75.0,60.0,34.3175,2.7243,2.6849,51.474,16.026,142.341,32.503
3,75.0,60.0,34.3176,2.7241,2.6846,51.474,-22.41,134.109,32.503
4,75.0,60.0,34.3176,2.7244,2.685,78.778,12.07,92.674,32.503
1,75.0,65.0,35.2411,1.6406,1.6184,50.289,55.266,146.59,33.629
2,75.0,65.0,35.241,1.6408,1.6186,50.289,17.657,143.517,33.629
3,75.0,65.0,35.241,1.6405,1.6184,50.289,-20.947,135.488,33.629
4,75.0,65.0,35.2411,1.6409,1.6187,80.314,10.772,91.489,33.63
1,75.0,70.0,36.021,0.7095,0.7005,49.225,56.772,147.401,34.715
2,75.0,70.0,36.0209,0.7097,0.7007,49.225,19.07,144.481,34.714
3,75.0,70.0,36.021,0.7095,0.7004,49.225,-19.671,136.628,34.715
4,75.0,70.0,36.0211,0.7098,0.7008,81.591,9.634,90.425,34.715
1,75.0,75.0,36.6443,-0.0458,-0.0452,48.331,57.997,148.028,35.667
2,75.0,75.0,36.6442,-0.0455,-0.045,48.331,20.223,145.232,35.667
3,75.0,75.0,36.6443,-0.0458,-0.0452,48.331,-18.627,137.523,35.667
4,75.0,75.0,36.6443,-0.0455,-0.0449,82.599,8.697,89.531,35.667
1,75.0,80.0,37.0982,-0.6026,-0.5955,47.654,58.9,148.471,36.406
2,75.0,80.0,37.0981,-0.6023,-0.5953,47.654,21.075,145.768,36.406
3,75.0,80.0,37.0982,-0.6026,-0.5955,47.654,-17.852,138.165,36.407
4,75.0,80.0,37.0982,-0.6023,-0.5952,83.325,8.0,88.854,36.407
1,75.0,85.0,37.3714,-0.9405,-0.9297,47.236,59.449,148.733,36.87
2,75.0,85.0,37.3712,-0.9402,-0.9295,47.236,21.593,146.085,36.87
3,75.0,85.0,37.3713,-0.9405,-0.9298,47.236,-17.38,138.548,36.87
4,75.0,85.0,37.3714,-0.9402,-0.9294,83.758,7.574,88.436,36.87
1,75.0,90.0,37.4539,-1.043,-1.0312,47.108,59.615,148.811,37.012
2,75.0,90.0,37.4537,-1.0428,-1.0309,47.108,21.75,146.18,37.012
3,75.0,90.0,37.4539,-1.043,-1.0312,47.108,-17.236,138.663,37.013
4,75.0,90.0,37.4539,-1.0427,-1.0309,83.888,7.444,88.308,37.013
1,80.0,-90.0,-0.7484,43.5614,37.2223,56.008,23.954,85.293,73.989
2,80.0,-90.0,-0.7484,43.5617,37.2225,56.008,-7.076,79.283,73.99
3,80.0,-90.0,-0.7485,43.5615,37.2225,56.008,-37.084,68.575,73.989
4,80.0,-90.0,-0.7483,43.5617,37.2225,12.005,19.231,97.208,73.99
1,80.0,-85.0,-0.5858,43.3062,37.0783,56.159,23.904,85.64,73.66
2,80.0,-85.0,-0.5859,43.3065,37.0785,56.159,-7.162,79.622,73.661
3,80.0,-85.0,-0.586,43.3063,37.0785,56.159,-37.214,68.9,73.661
4,80.0,-85.0,-0.5858,43.3065,37.0785,12.313,19.396,97.359,73.661
1,80.0,-80.0,-0.3104,42.8783,36.8335,56.41,23.823,86.225,73.106
2,80.0,-80.0,-0.3105,42.8786,36.8337,56.41,-7.303,80.196,73.106
3,80.0,-80.0,-0.3105,42.8784,36.8336,56.41,-37.429,69.45,73.106
4,80.0,-80.0,-0.3104,42.8786,36.8337,12.835,19.672,97.611,73.106
1,80.0,-75.0,0.0778,42.2847,36.4869,56.753,23.72,87.045,72.33
2,80.0,-75.0,0.0778,42.285,36.4871,56.753,-7.492,81.001,72.331
3,80.0,-75.0,0.0777,42.2848,36.487,56.754,-37.721,70.223,72.33
4,80.0,-75.0,0.0779,42.285,36.4871,13.57,20.05,97.954,72.331
1,80.0,-70.0,0.5781,41.5352,36.038,57.178,23.602,88.094,71.34
2,80.0,-70.0,0.578,41.5355,36.0381,57.178,-7.719,82.032,71.34
3,80.0,-70.0,0.578,41.5353,36.0381,57.178,-38.081,71.216,71.34
4,80.0,-70.0,0.5781,41.5355,36.0382,14.516,20.52,98.378,71.34
1,80.0,-65.0,1.1891,40.6418,35.4867,57.67,23.483,89.366,70.142
2,80.0,-65.0,1.189,40.642,35.4869,57.67,-7.97,83.284,70.143
3,80.0,-65.0,1.189,40.6418,35.4869,57.67,-38.493,72.425,70.142
4,80.0,-65.0,1.1891,40.642,35.4869,15.67,21.067,98.87,70.143
1,80.0,-60.0,1.9087,39.6176,34.8341,58.214,23.376,90.85,68.748
2,80.0,-60.0,1.9087,39.6178,34.8343,58.214,-8.231,84.749,68.749
3,80.0,-60.0,1.9086,39.6176,34.8342,58.214,-38.943,73.843,68.749
4,80.0,-60.0,1.9088,39.6178,34.8343,17.028,21.674,99.414,68.749
1,80.0,-55.0,2.7342,38.4768,34.0821,58.793,23.299,92.535,67.169
2,80.0,-55.0,2.7341,38.477,34.0822,58.793,-8.484,86.417,67.169
3,80.0,-55.0,2.7341,38.4768,34.0822,58.793,-39.411,75.464,67.169
4,80.0,-55.0,2.7342,38.477,34.0823,18.586,22.323,99.994,67.169
1,80.0,-50.0,3.6619,37.2333,33.2336,59.389,23.269,94.41,65.415
2,80.0,-50.0,3.6618,37.2335,33.2338,59.389,-8.71,88.278,65.416
3,80.0,-50.0,3.6618,37.2334,33.2337,59.389,-39.879,77.28,65.416
4,80.0,-50.0,3.6619,37.2336,33.2339,20.337,22.993,100.589,65.416
1,80.0,-45.0,4.6874,35.901,32.2929,59.983,23.304,96.46,63.501
2,80.0,-45.0,4.6874,35.9012,32.2931,59.983,-8.89,90.32,63.502
3,80.0,-45.0,4.6874,35.901,32.293,59.983,-40.323,79.281,63.501
4,80.0,-45.0,4.6875,35.9012,32.2931,22.275,23.661,101.184,63.502
1,80.0,-40.0,5.8058,34.4926,31.2649,60.558,23.423,98.669,61.44
2,80.0,-40.0,5.8058,34.4927,31.2651,60.558,-9.002,92.53,61.441
3,80.0,-40.0,5.8057,34.4926,31.265,60.558,-40.723,81.457,61.441
4,80.0,-40.0,5.8058,34.4928,31.2652,24.392,24.305,101.758,61.441
1,80.0,-35.0,7.0111,33.02,30.1555,61.094,23.645,101.021,59.248
2,80.0,-35.0,7.011,33.0201,30.1557,61.094,-9.027,94.892,59.248
3,80.0,-35.0,7.011,33.02,30.1556,61.094,-41.057,83.796,59.248
4,80.0,-35.0,7.0111,33.0202,30.1558,26.678,24.901,102.294,59.248
1,80.0,-30.0,8.2967,31.494,28.9711,61.576,23.987,103.497,56.94
2,80.0,-30.0,8.2967,31.4941,28.9713,61.576,-8.946,97.391,56.941
3,80.0,-30.0,8.2967,31.494,28.9712,61.576,-41.302,86.284,56.94
4,80.0,-30.0,8.2968,31.4943,28.9714,29.122,25.426,102.776,56.941
1,80.0,-25.0,9.6556,29.9242,27.7185,61.988,24.465,106.078,54.536
2,80.0,-25.0,9.6555,29.9244,27.7187,61.988,-8.74,100.007,54.537
3,80.0,-25.0,9.6555,29.9243,27.7186,61.988,-41.439,88.904,54.536
4,80.0,-25.0,9.6556,29.9245,27.7188,31.71,25.859,103.188,54.537
1,80.0,-20.0,11.0799,28.3193,26.4046,62.314,25.094,108.741,52.057
2,80.0,-20.0,11.0798,28.3194,26.4047,62.314,-8.393,102.722,52.057
3,80.0,-20.0,11.0798,28.3193,26.4046,62.314,-41.449,91.641,52.057
4,80.0,-20.0,11.0799,28.3196,26.4048,34.428,26.179,103.514,52.058
1,80.0,-15.0,12.5613,26.6867,25.0363,62.544,25.885,111.465,49.527
2,80.0,-15.0,12.5612,26.6868,25.0365,62.544,-7.891,105.513,49.527
3,80.0,-15.0,12.5612,26.6867,25.0364,62.544,-41.316,94.474,49.527
4,80.0,-15.0,12.5613,26.687,25.0366,37.258,26.367,103.744,49.528
1,80.0,-10.0,14.0911,25.0332,23.6208,62.664,26.847,114.227,46.974
2,80.0,-10.0,14.091,25.0333,23.6209,62.664,-7.223,108.36,46.974
3,80.0,-10.0,14.091,25.0332,23.6208,62.664,-41.025,97.384,46.974
4,80.0,-10.0,14.0911,25.0335,23.621,40.182,26.408,103.864,46.975
1,80.0,-5.0,15.66,23.3647,22.1647,62.666,27.985,117.002,44.431
2,80.0,-5.0,15.6599,23.3649,22.1648,62.667,-6.381,111.239,44.432
3,80.0,-5.0,15.6599,23.3648,22.1647,62.666,-40.567,100.349,44.431
4,80.0,-5.0,15.66,23.365,22.165,43.18,26.288,103.867,44.432
1,80.0,0.0,17.2583,21.6869,20.6749,62.543,29.3,119.767,41.938
2,80.0,0.0,17.2583,21.6871,20.6751,62.543,-5.363,114.127,41.938
3,80.0,0.0,17.2583,21.6869,20.675,62.543,-39.934,103.345,41.938
4,80.0,0.0,17.2584,21.6872,20.6752,46.228,25.998,103.743,41.938
1,80.0,5.0,18.8761,20.0049,19.1582,62.289,30.789,122.499,39.538
2,80.0,5.0,18.876,20.0051,19.1584,62.289,-4.167,116.999,39.539
3,80.0,5.0,18.876,20.0049,19.1582,62.289,-39.123,106.348,39.538
4,80.0,5.0,18.8761,20.0052,19.1585,49.304,25.533,103.489,39.539
1,80.0,10.0,20.5028,18.3239,17.6214,61.899,32.446,125.174,37.286
2,80.0,10.0,20.5027,18.3241,17.6215,61.899,-2.799,119.833,37.286
3,80.0,10.0,20.5028,18.3239,17.6214,61.899,-38.137,109.336,37.286
4,80.0,10.0,20.5028,18.3242,17.6217,52.384,24.891,103.099,37.287
1,80.0,15.0,22.1276,16.6492,16.0716,61.374,34.258,127.769,35.24
2,80.0,15.0,22.1276,16.6493,16.0717,61.374,-1.268,122.603,35.24
3,80.0,15.0,22.1276,16.6492,16.0716,61.374,-36.981,112.283,35.24
4,80.0,15.0,22.1277,16.6495,16.0719,55.443,24.076,102.574,35.241
1,80.0,20.0,23.7394,14.9865,14.5163,60.714,36.209,130.264,33.464
2,80.0,20.0,23.7393,14.9867,14.5165,60.714,0.411,125.289,33.464
3,80.0,20.0,23.7394,14.9865,14.5163,60.714,-35.666,115.165,33.464
4,80.0,20.0,23.7394,14.9868,14.5166,58.455,23.096,101.914,33.464
1,80.0,25.0,25.3264,13.3424,12.9639,59.924,38.278,132.64,32.02
2,80.0,25.0,25.3264,13.3426,12.964,59.924,2.22,127.868,32.02
3,80.0,25.0,25.3264,13.3424,12.9639,59.924,-34.209,117.957,32.02
4,80.0,25.0,25.3265,13.3428,12.9642,61.395,21.964,101.123,32.021
1,80.0,30.0,26.8768,11.7244,11.4234,59.011,40.439,134.879,30.965
2,80.0,30.0,26.8768,11.7246,11.4236,59.011,4.135,130.32,30.965
3,80.0,30.0,26.8768,11.7244,11.4235,59.011,-32.63,120.639,30.965
4,80.0,30.0,26.8769,11.7247,11.4238,64.238,20.699,100.211,30.965
1,80.0,35.0,28.3781,10.1413,9.9055,57.987,42.661,136.965,30.334
2,80.0,35.0,28.3781,10.1414,9.9057,57.987,6.127,132.627,30.334
3,80.0,35.0,28.3781,10.1413,9.9055,57.987,-30.957,123.186,30.334
4,80.0,35.0,28.3782,10.1416,9.9058,66.958,19.325,99.187,30.335
1,80.0,40.0,29.8176,8.6035,8.422,56.869,44.91,138.886,30.138
2,80.0,40.0,29.8175,8.6037,8.4222,56.869,8.163,134.773,30.138
3,80.0,40.0,29.8176,8.6035,8.422,56.868,-29.218,125.579,30.138
4,80.0,40.0,29.8177,8.6039,8.4223,69.533,17.868,98.068,30.138
1,80.0,45.0,31.1821,7.1236,6.9868,55.677,47.147,140.632,30.35
2,80.0,45.0,31.1821,7.1238,6.987,55.677,10.206,136.743,30.35
3,80.0,45.0,31.1821,7.1236,6.9868,55.677,-27.45,127.799,30.35
4,80.0,45.0,31.1822,7.1239,6.9871,71.939,16.363,96.877,30.351
1,80.0,50.0,32.4582,5.7161,5.6157,54.439,49.33,142.196,30.914
2,80.0,50.0,32.4581,5.7163,5.6159,54.439,12.213,138.527,30.914
3,80.0,50.0,32.4582,5.716,5.6157,54.439,-25.693,129.829,30.914
4,80.0,50.0,32.4583,5.7164,5.6161,74.155,14.847,95.639,30.915
1,80.0,55.0,33.6321,4.3978,4.3268,53.188,51.415,143.572,31.748
2,80.0,55.0,33.632,4.398,4.327,53.188,14.143,140.113,31.748
3,80.0,55.0,33.6321,4.3977,4.3268,53.188,-23.987,131.655,31.748
4,80.0,55.0,33.6322,4.3981,4.3272,76.161,13.358,94.388,31.748
1,80.0,60.0,34.69,3.1878,3.1403,51.963,53.355,144.76,32.752
2,80.0,60.0,34.6899,3.188,3.1405,51.963,15.948,141.497,32.752
3,80.0,60.0,34.69,3.1878,3.1402,51.963,-22.378,133.262,32.752
4,80.0,60.0,34.69,3.1882,3.1406,77.94,11.942,93.163,32.753
1,80.0,65.0,35.6178,2.1074,2.078,50.807,55.103,145.758,33.825
2,80.0,65.0,35.6177,2.1076,2.0782,50.807,17.582,142.672,33.825
3,80.0,65.0,35.6178,2.1073,2.078,50.806,-20.911,134.641,33.826
4,80.0,65.0,35.6179,2.1077,2.0783,79.476,10.64,92.006,33.826
1,80.0,70.0,36.4018,1.179,1.1635,49.767,56.613,146.569,34.867
2,80.0,70.0,36.4017,1.1792,1.1637,49.767,18.999,143.637,34.867
3,80.0,70.0,36.4018,1.1789,1.1635,49.767,-19.632,135.782,34.867
4,80.0,70.0,36.4019,1.1793,1.1638,80.755,9.499,90.967,34.868
1,80.0,75.0,37.0285,0.4258,0.4205,48.893,57.842,147.195,35.786
2,80.0,75.0,37.0284,0.426,0.4207,48.893,20.155,144.388,35.786
3,80.0,75.0,37.0285,0.4258,0.4205,48.892,-18.583,136.677,35.786
4,80.0,75.0,37.0285,0.4261,0.4208,81.763,8.558,90.092,35.786
1,80.0,80.0,37.4852,-0.1295,-0.128,48.23,58.748,147.638,36.502
2,80.0,80.0,37.485,-0.1293,-0.1277,48.23,21.011,144.923,36.502
3,80.0,80.0,37.4851,-0.1296,-0.128,48.23,-17.805,137.32,36.502
4,80.0,80.0,37.4852,-0.1292,-0.1277,82.49,7.858,89.43,36.502
1,80.0,85.0,37.7601,-0.4667,-0.4612,47.821,59.299,147.9,36.951
2,80.0,85.0,37.76,-0.4665,-0.461,47.821,21.531,145.241,36.951
3,80.0,85.0,37.7601,-0.4668,-0.4613,47.82,-17.331,137.703,36.952
4,80.0,85.0,37.7602,-0.4664,-0.4609,82.924,7.43,89.02,36.952
1,80.0,90.0,37.8434,-0.5693,-0.5626,47.695,59.467,147.978,37.09
2,80.0,90.0,37.8433,-0.569,-0.5624,47.695,21.69,145.336,37.09
3,80.0,90.0,37.8434,-0.5693,-0.5627,47.695,-17.186,137.818,37.091
4,80.0,90.0,37.8434,-0.569,-0.5623,83.055,7.299,88.895,37.091
1,85.0,-90.0,-0.5045,43.9889,37.4601,55.753,23.885,84.722,74.532
2,85.0,-90.0,-0.5046,43.9892,37.4603,55.752,-7.085,78.708,74.532
3,85.0,-90.0,-0.5046,43.989,37.4602,55.753,-37.018,68.003,74.532
4,85.0,-90.0,-0.5045,43.9892,37.4603,11.444,19.1,96.953,74.533
1,85.0,-85.0,-0.3417,43.7293,37.3162,55.908,23.834,85.072,74.2
2,85.0,-85.0,-0.3418,43.7295,37.3164,55.908,-7.171,79.05,74.2
3,85.0,-85.0,-0.3418,43.7293,37.3163,55.908,-37.149,68.332,74.2
4,85.0,-85.0,-0.3417,43.7295,37.3164,11.755,19.267,97.108,74.2
1,85.0,-80.0,-0.0663,43.2951,37.072,56.166,23.754,85.661,73.64
2,85.0,-80.0,-0.0664,43.2953,37.0722,56.166,-7.313,79.628,73.641
3,85.0,-80.0,-0.0664,43.2951,37.0721,56.166,-37.365,68.886,73.641
4,85.0,-80.0,-0.0663,43.2953,37.0722,12.282,19.545,97.366,73.641
1,85.0,-75.0,0.3214,42.6936,36.7265,56.518,23.65,86.486,72.859
2,85.0,-75.0,0.3213,42.6938,36.7267,56.518,-7.503,80.437,72.859
3,85.0,-75.0,0.3213,42.6936,36.7266,56.518,-37.658,69.664,72.859
4,85.0,-75.0,0.3214,42.6938,36.7267,13.021,19.925,97.718,72.86
1,85.0,-70.0,0.8208,41.935,36.279,56.953,23.532,87.541,71.862
2,85.0,-70.0,0.8207,41.9352,36.2791,56.953,-7.73,81.474,71.863
3,85.0,-70.0,0.8207,41.935,36.2791,56.953,-38.019,70.662,71.862
4,85.0,-70.0,0.8208,41.9352,36.2792,13.972,20.396,98.153,71.863
1,85.0,-65.0,1.4305,41.0315,35.7293,57.457,23.413,88.818,70.659
2,85.0,-65.0,1.4305,41.0317,35.7295,57.457,-7.983,82.731,70.659
3,85.0,-65.0,1.4304,41.0316,35.7294,57.457,-38.433,71.875,70.659
4,85.0,-65.0,1.4306,41.0318,35.7295,15.131,20.945,98.658,70.659
1,85.0,-60.0,2.1486,39.9969,35.0783,58.015,23.306,90.307,69.258
2,85.0,-60.0,2.1485,39.9971,35.0785,58.015,-8.244,84.202,69.259
3,85.0,-60.0,2.1485,39.9969,35.0784,58.015,-38.885,73.299,69.258
4,85.0,-60.0,2.1486,39.9971,35.0786,16.494,21.554,99.216,69.259
1,85.0,-55.0,2.9721,38.8454,34.3279,58.609,23.229,91.998,67.672
2,85.0,-55.0,2.9721,38.8456,34.328,58.609,-8.498,85.875,67.673
3,85.0,-55.0,2.9721,38.8454,34.328,58.61,-39.355,74.925,67.673
4,85.0,-55.0,2.9722,38.8456,34.3281,18.057,22.205,99.81,67.673
1,85.0,-50.0,3.8977,37.5913,33.4809,59.222,23.198,93.877,65.913
2,85.0,-50.0,3.8977,37.5915,33.4811,59.222,-8.725,87.741,65.914
3,85.0,-50.0,3.8976,37.5914,33.481,59.222,-39.823,76.745,65.914
4,85.0,-50.0,3.8978,37.5916,33.4811,19.812,22.877,100.422,65.914
1,85.0,-45.0,4.921,36.2487,32.5414,59.833,23.233,95.932,63.994
2,85.0,-45.0,4.921,36.2489,32.5416,59.833,-8.905,89.788,63.995
3,85.0,-45.0,4.9209,36.2487,32.5415,59.833,-40.269,78.751,63.994
4,85.0,-45.0,4.9211,36.2489,32.5417,21.755,23.547,101.033,63.995
1,85.0,-40.0,6.0369,34.8304,31.5145,60.425,23.351,98.145,61.929
2,85.0,-40.0,6.0369,34.8306,31.5147,60.425,-9.019,92.002,61.929
3,85.0,-40.0,6.0369,34.8304,31.5146,60.425,-40.671,80.931,61.929
4,85.0,-40.0,6.037,34.8307,31.5148,23.875,24.193,101.625,61.929
1,85.0,-35.0,7.2397,33.3486,30.406,60.98,23.571,100.501,59.732
2,85.0,-35.0,7.2397,33.3487,30.4062,60.98,-9.046,94.367,59.733
3,85.0,-35.0,7.2396,33.3486,30.4061,60.98,-41.006,83.273,59.733
4,85.0,-35.0,7.2398,33.3489,30.4063,26.164,24.792,102.181,59.733
1,85.0,-30.0,8.5229,31.814,29.2223,61.481,23.912,102.98,57.422
2,85.0,-30.0,8.5228,31.8142,29.2225,61.481,-8.966,96.869,57.422
3,85.0,-30.0,8.5228,31.814,29.2224,61.482,-41.254,85.763,57.422
4,85.0,-30.0,8.5229,31.8143,29.2226,28.61,25.32,102.682,57.422
1,85.0,-25.0,9.8793,30.2364,27.9703,61.913,24.388,105.563,55.016
2,85.0,-25.0,9.8792,30.2366,27.9704,61.913,-8.763,99.488,55.016
3,85.0,-25.0,9.8792,30.2364,27.9703,61.913,-41.394,88.386,55.016
4,85.0,-25.0,9.8793,30.2367,27.9705,31.201,25.755,103.113,55.016
1,85.0,-20.0,11.3013,28.6244,26.6568,62.26,25.015,108.229,52.535
2,85.0,-20.0,11.3012,28.6245,26.657,62.26,-8.418,102.204,52.535
3,85.0,-20.0,11.3012,28.6244,26.6569,62.26,-41.406,91.125,52.535
4,85.0,-20.0,11.3013,28.6247,26.6571,33.92,26.078,103.46,52.535
1,85.0,-15.0,12.7805,26.9855,25.289,62.51,25.804,110.955,50.003
2,85.0,-15.0,12.7805,26.9856,25.2892,62.51,-7.918,104.998,50.003
3,85.0,-15.0,12.7805,26.9855,25.2891,62.51,-41.276,93.96,50.003
4,85.0,-15.0,12.7806,26.9858,25.2893,36.751,26.269,103.71,50.004
1,85.0,-10.0,14.3084,25.3264,23.8739,62.651,26.763,113.718,47.449
2,85.0,-10.0,14.3083,25.3266,23.874,62.651,-7.253,107.846,47.449
3,85.0,-10.0,14.3084,25.3265,23.874,62.651,-40.988,96.87,47.449
4,85.0,-10.0,14.3085,25.3268,23.8742,39.676,26.313,103.851,47.449
1,85.0,-5.0,15.8757,23.6532,22.4184,62.675,27.898,116.495,44.905
2,85.0,-5.0,15.8756,23.6534,22.4185,62.675,-6.415,110.726,44.905
3,85.0,-5.0,15.8756,23.6533,22.4184,62.675,-40.533,99.835,44.905
4,85.0,-5.0,15.8757,23.6536,22.4186,42.673,26.196,103.875,44.905
1,85.0,0.0,17.4727,21.9714,20.9292,62.573,29.21,119.261,42.409
2,85.0,0.0,17.4726,21.9716,20.9294,62.573,-5.399,113.615,42.409
3,85.0,0.0,17.4726,21.9715,20.9293,62.573,-39.903,102.832,42.409
4,85.0,0.0,17.4727,21.9718,20.9295,45.722,25.909,103.773,42.409
1,85.0,5.0,19.0895,20.2862,19.4134,62.341,30.696,121.994,40.006
2,85.0,5.0,19.0894,20.2864,19.4135,62.341,-4.207,116.487,40.006
3,85.0,5.0,19.0894,20.2862,19.4134,62.341,-39.096,105.836,40.006
4,85.0,5.0,19.0895,20.2865,19.4137,48.798,25.447,103.541,40.007
1,85.0,10.0,20.7156,18.6027,17.8776,61.973,32.35,124.669,37.748
2,85.0,10.0,20.7155,18.6028,17.8778,61.973,-2.842,119.321,37.748
3,85.0,10.0,20.7155,18.6027,17.8776,61.973,-38.113,108.823,37.748
4,85.0,10.0,20.7156,18.603,17.8779,51.877,24.809,103.173,37.749
1,85.0,15.0,22.3402,16.9261,16.3291,61.47,34.158,127.265,35.693
2,85.0,15.0,22.3402,16.9263,16.3292,61.471,-1.315,122.092,35.693
3,85.0,15.0,22.3402,16.9262,16.3291,61.47,-36.96,111.769,35.693
4,85.0,15.0,22.3403,16.9265,16.3294,54.935,23.997,102.67,35.694
1,85.0,20.0,23.9522,15.2624,14.7754,60.833,36.107,129.76,33.903
2,85.0,20.0,23.9522,15.2625,14.7756,60.833,0.362,124.777,33.903
3,85.0,20.0,23.9522,15.2624,14.7754,60.833,-35.648,114.65,33.903
4,85.0,20.0,23.9523,15.2627,14.7757,57.946,23.02,102.033,33.903
1,85.0,25.0,25.54,13.6178,13.2248,60.066,38.173,132.136,32.439
2,85.0,25.0,25.5399,13.618,13.225,60.066,2.169,127.355,32.44
3,85.0,25.0,25.5399,13.6178,13.2248,60.066,-34.193,117.443,32.44
4,85.0,25.0,25.54,13.6181,13.2251,60.885,21.891,101.265,32.44
1,85.0,30.0,27.0914,11.9998,11.6865,59.176,40.331,134.374,31.358
2,85.0,30.0,27.0914,12.0,11.6867,59.176,4.081,129.807,31.358
3,85.0,30.0,27.0914,11.9999,11.6865,59.175,-32.617,120.123,31.358
4,85.0,30.0,27.0915,12.0002,11.6868,63.727,20.628,100.375,31.359
1,85.0,35.0,28.5942,10.4174,10.1709,58.175,42.552,136.46,30.695
2,85.0,35.0,28.5942,10.4175,10.1711,58.175,6.072,132.113,30.695
3,85.0,35.0,28.5942,10.4174,10.171,58.175,-30.945,122.669,30.695
4,85.0,35.0,28.5943,10.4177,10.1713,66.446,19.254,99.375,30.695
1,85.0,40.0,30.0356,8.8807,8.69,57.079,44.8,138.38,30.46
2,85.0,40.0,30.0355,8.8809,8.6902,57.079,8.106,134.258,30.46
3,85.0,40.0,30.0356,8.8807,8.69,57.079,-29.207,125.062,30.46
4,85.0,40.0,30.0357,8.8811,8.6904,69.02,17.799,98.279,30.46
1,85.0,45.0,31.4023,7.4023,7.2576,55.91,47.036,140.126,30.63
2,85.0,45.0,31.4022,7.4025,7.2578,55.91,10.148,136.228,30.631
3,85.0,45.0,31.4023,7.4023,7.2576,55.91,-27.44,127.281,30.631
4,85.0,45.0,31.4024,7.4026,7.2579,71.425,16.294,97.11,30.631
1,85.0,50.0,32.6809,5.9965,5.8894,54.694,49.22,141.688,31.152
2,85.0,50.0,32.6808,5.9967,5.8896,54.694,12.156,138.01,31.152
3,85.0,50.0,32.6808,5.9965,5.8893,54.694,-25.682,129.31,31.152
4,85.0,50.0,32.6809,5.9969,5.8897,73.64,14.777,95.894,31.153
1,85.0,55.0,33.8574,4.6802,4.6033,53.464,51.305,143.064,31.945
2,85.0,55.0,33.8573,4.6804,4.6035,53.464,14.087,139.596,31.945
3,85.0,55.0,33.8574,4.6801,4.6033,53.464,-23.975,131.135,31.945
4,85.0,55.0,33.8575,4.6805,4.6036,75.646,13.288,94.664,31.945
1,85.0,60.0,34.918,3.4722,3.4194,52.258,53.246,144.25,32.912
2,85.0,60.0,34.9179,3.4724,3.4196,52.258,15.893,140.979,32.912
3,85.0,60.0,34.918,3.4722,3.4194,52.257,-22.364,132.741,32.912
4,85.0,60.0,34.9181,3.4725,3.4198,77.425,11.869,93.457,32.913
1,85.0,65.0,35.8486,2.3936,2.3597,51.119,54.996,145.248,33.953
2,85.0,65.0,35.8485,2.3939,2.3599,51.119,17.529,142.154,33.953
3,85.0,65.0,35.8485,2.3936,2.3597,51.118,-20.895,134.12,33.953
4,85.0,65.0,35.8486,2.394,2.36,78.96,10.566,92.318,33.954
1,85.0,70.0,36.6351,1.4669,1.4474,50.094,56.509,146.058,34.968
2,85.0,70.0,36.635,1.4672,1.4476,50.094,18.949,143.118,34.968
3,85.0,70.0,36.6351,1.4669,1.4473,50.094,-19.614,135.261,34.969
4,85.0,70.0,36.6351,1.4673,1.4477,80.239,9.422,91.294,34.969
1,85.0,75.0,37.264,0.7152,0.7061,49.232,57.739,146.683,35.867
2,85.0,75.0,37.2639,0.7154,0.7063,49.232,20.107,143.868,35.866
3,85.0,75.0,37.264,0.7151,0.706,49.231,-18.563,136.156,35.867
4,85.0,75.0,37.264,0.7155,0.7064,81.247,8.479,90.431,35.867
1,85.0,80.0,37.7224,0.1608,0.1588,48.578,58.648,147.126,36.568
2,85.0,80.0,37.7223,0.1611,0.1591,48.578,20.965,144.404,36.568
3,85.0,80.0,37.7224,0.1608,0.1588,48.578,-17.783,136.799,36.568
4,85.0,80.0,37.7224,0.1612,0.1592,81.975,7.777,89.778,36.568
1,85.0,85.0,37.9985,-0.1759,-0.1737,48.174,59.2,147.388,37.009
2,85.0,85.0,37.9984,-0.1756,-0.1735,48.174,21.487,144.722,37.009
3,85.0,85.0,37.9985,-0.1759,-0.1738,48.174,-17.307,137.182,37.009
4,85.0,85.0,37.9986,-0.1755,-0.1734,82.409,7.348,89.374,37.01
1,85.0,90.0,38.0823,-0.2784,-0.2751,48.05,59.368,147.466,37.146
2,85.0,90.0,38.0821,-0.2781,-0.2748,48.05,21.646,144.817,37.146
3,85.0,90.0,38.0822,-0.2784,-0.2751,48.05,-17.162,137.298,37.146
4,85.0,90.0,38.0823,-0.278,-0.2747,82.54,7.216,89.25,37.146
1,90.0,-90.0,-0.3728,44.2222,37.588,55.612,23.845,84.412,74.827
2,90.0,-90.0,-0.3729,44.2225,37.5882,55.612,-7.092,78.395,74.827
3,90.0,-90.0,-0.3729,44.2222,37.5881,55.612,-36.984,67.693,74.827
4,90.0,-90.0,-0.3728,44.2224,37.5882,11.139,19.031,96.812,74.827
1,90.0,-85.0,-0.2101,43.9596,37.4439,55.77,23.795,84.765,74.492
2,90.0,-85.0,-0.2102,43.9599,37.4441,55.77,-7.179,78.74,74.492
3,90.0,-85.0,-0.2102,43.9596,37.444,55.77,-37.115,68.024,74.492
4,90.0,-85.0,-0.2101,43.9599,37.4441,11.453,19.199,96.97,74.492
1,90.0,-80.0,0.0647,43.5211,37.1997,56.032,23.714,85.357,73.929
2,90.0,-80.0,0.0647,43.5214,37.1998,56.032,-7.321,79.321,73.929
3,90.0,-80.0,0.0646,43.5211,37.1998,56.032,-37.332,68.581,73.929
4,90.0,-80.0,0.0648,43.5214,37.1999,11.983,19.478,97.232,73.929
1,90.0,-75.0,0.4516,42.9142,36.8542,56.389,23.61,86.186,73.143
2,90.0,-75.0,0.4515,42.9144,36.8543,56.389,-7.511,80.135,73.143
3,90.0,-75.0,0.4515,42.9142,36.8543,56.389,-37.627,69.363,73.143
4,90.0,-75.0,0.4516,42.9144,36.8544,12.726,19.859,97.59,73.143
1,90.0,-70.0,0.9497,42.1492,36.4066,56.831,23.493,87.246,72.141
2,90.0,-70.0,0.9496,42.1494,36.4068,56.831,-7.738,81.177,72.141
3,90.0,-70.0,0.9496,42.1492,36.4067,56.831,-37.988,70.366,72.141
4,90.0,-70.0,0.9497,42.1494,36.4068,13.682,20.332,98.031,72.141
1,90.0,-65.0,1.5578,41.2386,35.8569,57.343,23.374,88.528,70.932
2,90.0,-65.0,1.5577,41.2388,35.857,57.343,-7.991,82.439,70.932
3,90.0,-65.0,1.5577,41.2387,35.857,57.343,-38.404,71.585,70.932
4,90.0,-65.0,1.5578,41.2389,35.8571,14.846,20.882,98.543,70.932
1,90.0,-60.0,2.2738,40.1964,35.2057,57.909,23.268,90.023,69.525
2,90.0,-60.0,2.2737,40.1967,35.2058,57.909,-8.253,83.915,69.526
3,90.0,-60.0,2.2737,40.1965,35.2058,57.909,-38.856,73.014,69.525
4,90.0,-60.0,2.2739,40.1967,35.2059,16.214,21.493,99.11,69.526
1,90.0,-55.0,3.0951,39.0371,34.4547,58.513,23.191,91.72,67.933
2,90.0,-55.0,3.095,39.0374,34.4549,58.513,-8.507,85.594,67.934
3,90.0,-55.0,3.095,39.0372,34.4548,58.513,-39.327,74.646,67.933
4,90.0,-55.0,3.0951,39.0374,34.455,17.782,22.146,99.713,67.934
1,90.0,-50.0,4.0181,37.7753,33.607,59.134,23.16,93.605,66.168
2,90.0,-50.0,4.0181,37.7755,33.6072,59.134,-8.734,87.466,66.168
3,90.0,-50.0,4.018,37.7753,33.6071,59.134,-39.796,76.472,66.168
4,90.0,-50.0,4.0182,37.7756,33.6073,19.544,22.82,100.334,66.169
1,90.0,-45.0,5.0387,36.4248,32.6666,59.755,23.195,95.666,64.243
2,90.0,-45.0,5.0386,36.425,32.6667,59.755,-8.915,89.519,64.243
3,90.0,-45.0,5.0386,36.4249,32.6667,59.755,-40.244,78.483,64.243
4,90.0,-45.0,5.0387,36.4251,32.6668,21.492,23.492,100.956,64.243
1,90.0,-40.0,6.1517,34.999,31.6384,60.358,23.313,97.885,62.172
2,90.0,-40.0,6.1516,34.9992,31.6386,60.358,-9.029,91.739,62.172
3,90.0,-40.0,6.1516,34.9991,31.6385,60.358,-40.647,80.669,62.172
4,90.0,-40.0,6.1517,34.9993,31.6387,23.618,24.139,101.558,62.172
1,90.0,-35.0,7.3514,33.5099,30.5284,60.923,23.534,100.247,59.969
2,90.0,-35.0,7.3514,33.5101,30.5286,60.923,-9.057,94.111,59.97
3,90.0,-35.0,7.3514,33.5099,30.5285,60.923,-40.983,83.017,59.97
4,90.0,-35.0,7.3515,33.5102,30.5287,25.912,24.74,102.123,59.97
1,90.0,-30.0,8.6315,31.9684,29.343,61.435,23.874,102.732,57.653
2,90.0,-30.0,8.6315,31.9686,29.3432,61.435,-8.978,96.618,57.654
3,90.0,-30.0,8.6314,31.9685,29.3431,61.435,-41.232,85.513,57.653
4,90.0,-30.0,8.6316,31.9687,29.3433,28.364,25.27,102.635,57.654
1,90.0,-25.0,9.9848,30.3843,28.0891,61.876,24.351,105.321,55.242
2,90.0,-25.0,9.9848,30.3845,28.0892,61.876,-8.775,99.242,55.242
3,90.0,-25.0,9.9848,30.3843,28.0892,61.876,-41.374,88.142,55.242
4,90.0,-25.0,9.9849,30.3846,28.0894,30.96,25.708,103.076,55.242
1,90.0,-20.0,11.4037,28.7661,26.7736,62.233,24.977,107.992,52.756
2,90.0,-20.0,11.4037,28.7663,26.7738,62.233,-8.431,101.964,52.756
3,90.0,-20.0,11.4037,28.7662,26.7737,62.233,-41.388,90.885,52.756
4,90.0,-20.0,11.4038,28.7665,26.7739,33.684,26.032,103.433,52.756
1,90.0,-15.0,12.8801,27.1216,25.4038,62.493,25.766,110.723,50.219
2,90.0,-15.0,12.88,27.1217,25.4039,62.493,-7.932,104.763,50.219
3,90.0,-15.0,12.88,27.1216,25.4038,62.493,-41.259,93.725,50.219
4,90.0,-15.0,12.8801,27.1219,25.4041,36.521,26.226,103.693,50.22
1,90.0,-10.0,14.4051,25.4573,23.9866,62.644,26.725,113.492,47.66
2,90.0,-10.0,14.405,25.4575,23.9867,62.644,-7.268,107.617,47.66
3,90.0,-10.0,14.405,25.4573,23.9866,62.644,-40.973,96.641,47.66
4,90.0,-10.0,14.4052,25.4576,23.9869,39.45,26.272,103.844,47.661
1,90.0,-5.0,15.9697,23.7794,22.529,62.677,27.859,116.274,45.111
2,90.0,-5.0,15.9696,23.7795,22.5292,62.677,-6.431,110.502,45.111
3,90.0,-5.0,15.9696,23.7794,22.5291,62.677,-40.519,99.611,45.111
4,90.0,-5.0,15.9698,23.7797,22.5293,42.452,26.157,103.877,45.111
1,90.0,0.0,17.5643,22.0933,21.038,62.585,29.17,119.045,42.61
2,90.0,0.0,17.5642,22.0935,21.0381,62.585,-5.416,113.395,42.61
3,90.0,0.0,17.5642,22.0933,21.038,62.585,-39.891,102.612,42.61
4,90.0,0.0,17.5643,22.0936,21.0383,45.505,25.873,103.785,42.611
1,90.0,5.0,19.1788,20.4042,19.5203,62.361,30.656,121.782,40.202
2,90.0,5.0,19.1788,20.4044,19.5204,62.361,-4.225,116.273,40.202
3,90.0,5.0,19.1788,20.4043,19.5203,62.361,-39.086,105.62,40.202
4,90.0,5.0,19.1789,20.4046,19.5206,48.585,25.413,103.561,40.202
1,90.0,10.0,20.803,18.7174,17.9829,62.003,32.309,124.462,37.938
2,90.0,10.0,20.8029,18.7176,17.9831,62.003,-2.861,119.11,37.938
3,90.0,10.0,20.8029,18.7174,17.9829,62.003,-38.104,108.612,37.938
4,90.0,10.0,20.8031,18.7178,17.9832,51.668,24.776,103.203,37.938
1,90.0,15.0,22.426,17.0381,16.433,61.508,34.117,127.062,35.875
2,90.0,15.0,22.4259,17.0382,16.4332,61.508,-1.334,121.885,35.876
3,90.0,15.0,22.4259,17.0381,16.433,61.508,-36.952,111.562,35.875
4,90.0,15.0,22.4261,17.0384,16.4333,54.73,23.966,102.708,35.876
1,90.0,20.0,24.0366,15.3719,14.8782,60.879,36.065,129.56,34.077
2,90.0,20.0,24.0366,15.3721,14.8784,60.879,0.341,124.574,34.077
3,90.0,20.0,24.0366,15.3719,14.8782,60.879,-35.642,114.446,34.077
4,90.0,20.0,24.0367,15.3723,14.8785,57.744,22.991,102.079,34.077
1,90.0,25.0,25.6233,13.7255,13.3268,60.12,38.13,131.939,32.603
2,90.0,25.0,25.6233,13.7257,13.327,60.12,2.147,127.155,32.604
3,90.0,25.0,25.6233,13.7255,13.3268,60.12,-34.188,117.241,32.603
4,90.0,25.0,25.6234,13.7259,13.3271,60.686,21.863,101.32,32.604
1,90.0,30.0,27.1741,12.1062,11.788,59.238,40.289,134.18,31.51
2,90.0,30.0,27.1741,12.1063,11.7881,59.238,4.059,129.609,31.51
3,90.0,30.0,27.1741,12.1062,11.788,59.238,-32.613,119.924,31.51
4,90.0,30.0,27.1742,12.1065,11.7883,63.529,20.601,100.438,31.51
1,90.0,35.0,28.6766,10.5227,10.2722,58.245,42.509,136.267,30.832
2,90.0,35.0,28.6765,10.5229,10.2723,58.245,6.049,131.917,30.833
3,90.0,35.0,28.6766,10.5227,10.2722,58.245,-30.941,122.472,30.833
4,90.0,35.0,28.6767,10.5231,10.2725,66.25,19.229,99.445,30.833
1,90.0,40.0,30.118,8.9856,8.7914,57.158,44.757,138.189,30.582
2,90.0,40.0,30.1179,8.9858,8.7915,57.158,8.084,134.064,30.582
3,90.0,40.0,30.1179,8.9856,8.7914,57.158,-29.204,124.866,30.582
4,90.0,40.0,30.118,8.9859,8.7917,68.825,17.774,98.358,30.583
1,90.0,45.0,31.485,7.507,7.3593,55.997,46.993,139.935,30.737
2,90.0,45.0,31.4849,7.5072,7.3595,55.997,10.126,136.034,30.737
3,90.0,45.0,31.4849,7.507,7.3593,55.996,-27.437,127.086,30.737
4,90.0,45.0,31.485,7.5074,7.3596,71.231,16.269,97.196,30.737
1,90.0,50.0,32.7641,6.1014,5.9917,54.788,49.177,141.499,31.242
2,90.0,50.0,32.764,6.1016,5.9919,54.788,12.134,137.817,31.242
3,90.0,50.0,32.764,6.1014,5.9916,54.788,-25.679,129.116,31.242
4,90.0,50.0,32.7641,6.1018,5.992,73.447,14.752,95.988,31.243
1,90.0,55.0,33.9415,4.7855,4.7064,53.566,51.263,142.874,32.02
2,90.0,55.0,33.9413,4.7857,4.7066,53.566,14.065,139.403,32.02
3,90.0,55.0,33.9414,4.7855,4.7064,53.565,-23.972,130.94,32.02
4,90.0,55.0,33.9415,4.7859,4.7068,75.453,13.262,94.765,32.02
1,90.0,60.0,35.003,3.5782,3.5235,52.366,53.205,144.061,32.973
2,90.0,60.0,35.0029,3.5784,3.5237,52.367,15.872,140.786,32.973
3,90.0,60.0,35.003,3.5782,3.5235,52.366,-22.36,132.547,32.973
4,90.0,60.0,35.0031,3.5786,3.5238,77.232,11.843,93.566,32.974
1,90.0,65.0,35.9346,2.5004,2.4647,51.234,54.955,145.058,34.002
2,90.0,65.0,35.9345,2.5007,2.465,51.234,17.508,141.961,34.002
3,90.0,65.0,35.9345,2.5004,2.4647,51.234,-20.891,133.925,34.003
4,90.0,65.0,35.9346,2.5008,2.4651,78.768,10.539,92.434,34.003
1,90.0,70.0,36.7222,1.5745,1.5534,50.215,56.468,145.867,35.008
2,90.0,70.0,36.722,1.5747,1.5536,50.215,18.929,142.924,35.008
3,90.0,70.0,36.7221,1.5745,1.5533,50.215,-19.609,135.066,35.008
4,90.0,70.0,36.7222,1.5749,1.5537,80.046,9.395,91.415,35.008
1,90.0,75.0,37.352,0.8235,0.8129,49.358,57.7,146.492,35.898
2,90.0,75.0,37.3519,0.8237,0.8131,49.358,20.088,143.674,35.898
3,90.0,75.0,37.352,0.8234,0.8129,49.357,-18.557,135.961,35.898
4,90.0,75.0,37.3521,0.8238,0.8133,81.054,8.451,90.557,35.899
1,90.0,80.0,37.8112,0.2696,0.2663,48.708,58.609,146.935,36.594
2,90.0,80.0,37.8111,0.2699,0.2665,48.708,20.946,144.209,36.594
3,90.0,80.0,37.8112,0.2696,0.2663,48.707,-17.776,136.603,36.594
4,90.0,80.0,37.8113,0.27,0.2667,81.781,7.748,89.907,36.595
1,90.0,85.0,38.0879,-0.0667,-0.0659,48.306,59.162,147.196,37.032
2,90.0,85.0,38.0877,-0.0665,-0.0657,48.306,21.468,144.527,37.032
3,90.0,85.0,38.0878,-0.0668,-0.066,48.305,-17.3,136.986,37.032
4,90.0,85.0,38.0879,-0.0664,-0.0656,82.215,7.318,89.505,37.033
1,90.0,90.0,38.1718,-0.1692,-0.1672,48.182,59.33,147.274,37.168
2,90.0,90.0,38.1717,-0.1689,-0.1669,48.182,21.628,144.622,37.168
3,90.0,90.0,38.1718,-0.1692,-0.1672,48.182,-17.154,137.102,37.168
4,90.0,90.0,38.1719,-0.1688,-0.1668,82.347,7.187,89.382,37.168
